,subject,ROI,runtype,component,value
0,01,FFA,sus,1,0.5260706942667803
1,01,FFA,sus,2,0.6378693317056472
2,01,FFA,sus,3,0.6684352369170193
3,01,FFA,sus,4,0.6888981591963859
4,01,FFA,sus,5,0.7084923277687798
5,01,FFA,sus,6,0.716246131779235
6,01,FFA,sus,7,0.7279248973230752
7,01,FFA,sus,8,0.7397404992394474
8,01,FFA,sus,9,0.747293214349772
9,01,FFA,sus,10,0.7509272955819961
10,01,FFA,sus,11,0.7546027020683391
11,01,FFA,sus,12,0.7591519564348971
12,01,FFA,sus,13,0.7636732071948513
13,01,FFA,sus,14,0.7680415872334789
14,01,FFA,sus,15,0.7721730041854271
15,01,FFA,sus,16,0.7757638275688801
16,01,FFA,sus,17,0.7789649864829787
17,01,FFA,sus,18,0.7824938885615692
18,01,FFA,sus,19,0.7850793704801081
19,01,FFA,sus,20,0.7871771041733755
20,01,FFA,sus,21,0.7899956108755428
21,01,FFA,sus,22,0.7921698683383672
22,01,FFA,sus,23,0.7949105146337004
23,01,FFA,sus,24,0.7971316406575966
24,01,FFA,sus,25,0.7987768603968584
25,01,FFA,sus,26,0.800412779882904
26,01,FFA,sus,27,0.801844517098174
27,01,FFA,sus,28,0.8030975859999591
28,01,FFA,sus,29,0.8050344602776395
29,01,FFA,sus,30,0.8068824300034914
30,01,FFA,sus,31,0.8080177456271646
31,01,FFA,sus,32,0.8094312584396447
32,01,FFA,sus,33,0.8104104897658058
33,01,FFA,sus,34,0.8112233425323798
34,01,FFA,sus,35,0.8123361148992206
35,01,FFA,sus,36,0.8132345849058856
36,01,FFA,sus,37,0.8141533836478304
37,01,FFA,sus,38,0.815579274355844
38,01,FFA,sus,39,0.8164791580675986
39,01,PPA,sus,1,0.13455632086790215
40,01,PPA,sus,2,0.17623689820735003
41,01,PPA,sus,3,0.2141273484888574
42,01,PPA,sus,4,0.24663933342970382
43,01,PPA,sus,5,0.2686991523533199
44,01,PPA,sus,6,0.28923032099078194
45,01,PPA,sus,7,0.3085375581344264
46,01,PPA,sus,8,0.3271356418620151
47,01,PPA,sus,9,0.34053736882932667
48,01,PPA,sus,10,0.3563542934457143
49,01,PPA,sus,11,0.3730465529481159
50,01,PPA,sus,12,0.38514010101454565
51,01,PPA,sus,13,0.39465449698332766
52,01,PPA,sus,14,0.4062278658664448
53,01,PPA,sus,15,0.41607289081005017
54,01,PPA,sus,16,0.42461502917884114
55,01,PPA,sus,17,0.432117562382717
56,01,PPA,sus,18,0.4390113926898807
57,01,PPA,sus,19,0.44450857438992575
58,01,PPA,sus,20,0.4501114141395628
59,01,PPA,sus,21,0.4548785503307989
60,01,PPA,sus,22,0.4614182464721213
61,01,PPA,sus,23,0.466766184608574
62,01,PPA,sus,24,0.4703539789446449
63,01,PPA,sus,25,0.4757573504856598
64,01,PPA,sus,26,0.4802713908075585
65,01,PPA,sus,27,0.48485073173495347
66,01,PPA,sus,28,0.4884741784597073
67,01,PPA,sus,29,0.49379267978747526
68,01,PPA,sus,30,0.4981722713511186
69,01,PPA,sus,31,0.5012595230159543
70,01,PPA,sus,32,0.5052988915207285
71,01,PPA,sus,33,0.5079841454449506
72,01,PPA,sus,34,0.5120078712529836
73,01,PPA,sus,35,0.5147518315570893
74,01,PPA,sus,36,0.5183003534432183
75,01,PPA,sus,37,0.5213832445115975
76,01,PPA,sus,38,0.5241971563418631
77,01,PPA,sus,39,0.5270645142836603
78,01,EBA,sus,1,0.5519557970776107
79,01,EBA,sus,2,0.5903311534841884
80,01,EBA,sus,3,0.6167906395778427
81,01,EBA,sus,4,0.6448463923861251
82,01,EBA,sus,5,0.6702238607730733
83,01,EBA,sus,6,0.6880508295759161
84,01,EBA,sus,7,0.6995912436790984
85,01,EBA,sus,8,0.7071669872898191
86,01,EBA,sus,9,0.7166040183028449
87,01,EBA,sus,10,0.7212515700131189
88,01,EBA,sus,11,0.7250186337838455
89,01,EBA,sus,12,0.7297405736432699
90,01,EBA,sus,13,0.7333627165652264
91,01,EBA,sus,14,0.7383584385902745
92,01,EBA,sus,15,0.7425648945857691
93,01,EBA,sus,16,0.7454630729368531
94,01,EBA,sus,17,0.7478349914829611
95,01,EBA,sus,18,0.7503911786052976
96,01,EBA,sus,19,0.7524678446320059
97,01,EBA,sus,20,0.7543609684613936
98,01,EBA,sus,21,0.755872556050381
99,01,EBA,sus,22,0.7578914356940659
100,01,EBA,sus,23,0.7597091405413422
101,01,EBA,sus,24,0.7619134788854686
102,01,EBA,sus,25,0.7639861107987068
103,01,EBA,sus,26,0.7653391995617711
104,01,EBA,sus,27,0.7668842025206167
105,01,EBA,sus,28,0.7681992469158295
106,01,EBA,sus,29,0.7692920050911315
107,01,EBA,sus,30,0.7706513734342758
108,01,EBA,sus,31,0.7720904089338706
109,01,EBA,sus,32,0.7730543388945699
110,01,EBA,sus,33,0.7738541794993737
111,01,EBA,sus,34,0.7745868520855247
112,01,EBA,sus,35,0.7758168626653991
113,01,EBA,sus,36,0.776658308268838
114,01,EBA,sus,37,0.7776217131856852
115,01,EBA,sus,38,0.7784875990461896
116,01,EBA,sus,39,0.7792041521739385
117,01,EVC,sus,1,0.5935701804334858
118,01,EVC,sus,2,0.6203704219773111
119,01,EVC,sus,3,0.6392616828727397
120,01,EVC,sus,4,0.6552259287930118
121,01,EVC,sus,5,0.6696234200955482
122,01,EVC,sus,6,0.6813094340525779
123,01,EVC,sus,7,0.6915133518786152
124,01,EVC,sus,8,0.7008166258350307
125,01,EVC,sus,9,0.7072977626045057
126,01,EVC,sus,10,0.7124120017831294
127,01,EVC,sus,11,0.7184972428286583
128,01,EVC,sus,12,0.7232024420616437
129,01,EVC,sus,13,0.7286513328473179
130,01,EVC,sus,14,0.7321231595323857
131,01,EVC,sus,15,0.7359122815463319
132,01,EVC,sus,16,0.7400859477072225
133,01,EVC,sus,17,0.7435504653889895
134,01,EVC,sus,18,0.7462927964142428
135,01,EVC,sus,19,0.7529328285354616
136,01,EVC,sus,20,0.7561557864638901
137,01,EVC,sus,21,0.7583272258585537
138,01,EVC,sus,22,0.7604113846932864
139,01,EVC,sus,23,0.7631717701883898
140,01,EVC,sus,24,0.7657512625086585
141,01,EVC,sus,25,0.7682586574934066
142,01,EVC,sus,26,0.7708666031773213
143,01,EVC,sus,27,0.7721465890067911
144,01,EVC,sus,28,0.7746746614181568
145,01,EVC,sus,29,0.7763578944618236
146,01,EVC,sus,30,0.7788574881467453
147,01,EVC,sus,31,0.7806509478323459
148,01,EVC,sus,32,0.7821590711878952
149,01,EVC,sus,33,0.7836050406086422
150,01,EVC,sus,34,0.785150457587848
151,01,EVC,sus,35,0.7861845649640653
152,01,EVC,sus,36,0.7875620801564599
153,01,EVC,sus,37,0.7887229542080819
154,01,EVC,sus,38,0.7897565708179041
155,01,EVC,sus,39,0.7906180561999993
156,01,FFA,miniblock,1,0.6188263764018735
157,01,FFA,miniblock,2,0.7181468425650189
158,01,FFA,miniblock,3,0.7506379704055673
159,01,FFA,miniblock,4,0.7605080629033417
160,01,FFA,miniblock,5,0.7713740686382499
161,01,FFA,miniblock,6,0.7761667965901023
162,01,FFA,miniblock,7,0.781707406442116
163,01,FFA,miniblock,8,0.7885241340946963
164,01,FFA,miniblock,9,0.7984605189292392
165,01,FFA,miniblock,10,0.8045136377135277
166,01,FFA,miniblock,11,0.8093880127515671
167,01,FFA,miniblock,12,0.8140549957083404
168,01,FFA,miniblock,13,0.8184815314822341
169,01,FFA,miniblock,14,0.8221608834772131
170,01,FFA,miniblock,15,0.8260237975021297
171,01,FFA,miniblock,16,0.829327040389451
172,01,FFA,miniblock,17,0.8317507140184556
173,01,FFA,miniblock,18,0.8356858845706184
174,01,FFA,miniblock,19,0.837916109835588
175,01,FFA,miniblock,20,0.8407355708190526
176,01,FFA,miniblock,21,0.8420919824625965
177,01,FFA,miniblock,22,0.8436010476807225
178,01,FFA,miniblock,23,0.8457123814772762
179,01,FFA,miniblock,24,0.8478171050310376
180,01,FFA,miniblock,25,0.8491230044453513
181,01,FFA,miniblock,26,0.8515781665256865
182,01,FFA,miniblock,27,0.8527918799202491
183,01,FFA,miniblock,28,0.8550263652179627
184,01,FFA,miniblock,29,0.8561990787196226
185,01,FFA,miniblock,30,0.8576685692764667
186,01,FFA,miniblock,31,0.8591334763813764
187,01,FFA,miniblock,32,0.860196140322475
188,01,FFA,miniblock,33,0.8612851210860133
189,01,FFA,miniblock,34,0.8624400360113192
190,01,FFA,miniblock,35,0.8634096476215558
191,01,FFA,miniblock,36,0.8648965325927671
192,01,FFA,miniblock,37,0.865721586956845
193,01,FFA,miniblock,38,0.8667236248652709
194,01,FFA,miniblock,39,0.8680035201833981
195,01,PPA,miniblock,1,0.1723294559360231
196,01,PPA,miniblock,2,0.2627848878965303
197,01,PPA,miniblock,3,0.30385110579877617
198,01,PPA,miniblock,4,0.35318475282546397
199,01,PPA,miniblock,5,0.37843996051692247
200,01,PPA,miniblock,6,0.3901207152696508
201,01,PPA,miniblock,7,0.40634660668251055
202,01,PPA,miniblock,8,0.4241523169234416
203,01,PPA,miniblock,9,0.4401299503287279
204,01,PPA,miniblock,10,0.45381676065178533
205,01,PPA,miniblock,11,0.46644146603665665
206,01,PPA,miniblock,12,0.4804687153106784
207,01,PPA,miniblock,13,0.4950194339491009
208,01,PPA,miniblock,14,0.5074748355172214
209,01,PPA,miniblock,15,0.5212174904194904
210,01,PPA,miniblock,16,0.5323356667755097
211,01,PPA,miniblock,17,0.5430435302848403
212,01,PPA,miniblock,18,0.5530000131456775
213,01,PPA,miniblock,19,0.5607121075606162
214,01,PPA,miniblock,20,0.569649633060635
215,01,PPA,miniblock,21,0.5767353207124649
216,01,PPA,miniblock,22,0.5856738268068662
217,01,PPA,miniblock,23,0.5933169781680286
218,01,PPA,miniblock,24,0.6000602228693598
219,01,PPA,miniblock,25,0.6065708463869235
220,01,PPA,miniblock,26,0.6111919414913569
221,01,PPA,miniblock,27,0.6172795680068828
222,01,PPA,miniblock,28,0.6231488388071381
223,01,PPA,miniblock,29,0.6284734133499282
224,01,PPA,miniblock,30,0.6348784447361718
225,01,PPA,miniblock,31,0.6399330633311795
226,01,PPA,miniblock,32,0.6431218764552044
227,01,PPA,miniblock,33,0.6468385348450996
228,01,PPA,miniblock,34,0.6508132747192761
229,01,PPA,miniblock,35,0.65353131364469
230,01,PPA,miniblock,36,0.6572256571310202
231,01,PPA,miniblock,37,0.6603593816056313
232,01,PPA,miniblock,38,0.6635238701735158
233,01,PPA,miniblock,39,0.6663704522174362
234,01,EBA,miniblock,1,0.568189999892875
235,01,EBA,miniblock,2,0.6269371898235677
236,01,EBA,miniblock,3,0.652980492522557
237,01,EBA,miniblock,4,0.678046611553799
238,01,EBA,miniblock,5,0.6907314235214187
239,01,EBA,miniblock,6,0.6990281905723083
240,01,EBA,miniblock,7,0.7103108270645601
241,01,EBA,miniblock,8,0.719813897510698
242,01,EBA,miniblock,9,0.7268638992691487
243,01,EBA,miniblock,10,0.7324166638248929
244,01,EBA,miniblock,11,0.7369918863850806
245,01,EBA,miniblock,12,0.7387495332100067
246,01,EBA,miniblock,13,0.7425072861641557
247,01,EBA,miniblock,14,0.7446943052021835
248,01,EBA,miniblock,15,0.7472377704823283
249,01,EBA,miniblock,16,0.7491478909605652
250,01,EBA,miniblock,17,0.7518470728143063
251,01,EBA,miniblock,18,0.7538292614336187
252,01,EBA,miniblock,19,0.7557962282973133
253,01,EBA,miniblock,20,0.7576029465907878
254,01,EBA,miniblock,21,0.7597376302249762
255,01,EBA,miniblock,22,0.7614437263018484
256,01,EBA,miniblock,23,0.762973801501451
257,01,EBA,miniblock,24,0.7645011390937292
258,01,EBA,miniblock,25,0.7655980424818752
259,01,EBA,miniblock,26,0.7677041137925852
260,01,EBA,miniblock,27,0.7692000680885472
261,01,EBA,miniblock,28,0.770868283919563
262,01,EBA,miniblock,29,0.7720123692039124
263,01,EBA,miniblock,30,0.773475063889497
264,01,EBA,miniblock,31,0.7743159366574283
265,01,EBA,miniblock,32,0.7760169671943319
266,01,EBA,miniblock,33,0.7770141673344542
267,01,EBA,miniblock,34,0.7781014051116825
268,01,EBA,miniblock,35,0.779262534490663
269,01,EBA,miniblock,36,0.780065505278594
270,01,EBA,miniblock,37,0.7808541652180013
271,01,EBA,miniblock,38,0.7814661386882703
272,01,EBA,miniblock,39,0.7820581081839119
273,01,EVC,miniblock,1,0.5845596751020158
274,01,EVC,miniblock,2,0.6035968778356375
275,01,EVC,miniblock,3,0.6383428140875163
276,01,EVC,miniblock,4,0.6594974424437036
277,01,EVC,miniblock,5,0.6765551108534913
278,01,EVC,miniblock,6,0.6925041368180774
279,01,EVC,miniblock,7,0.7046880221900299
280,01,EVC,miniblock,8,0.7155715028494045
281,01,EVC,miniblock,9,0.733964704764318
282,01,EVC,miniblock,10,0.740284316259762
283,01,EVC,miniblock,11,0.7442838686211815
284,01,EVC,miniblock,12,0.7557127655260637
285,01,EVC,miniblock,13,0.7596064978581047
286,01,EVC,miniblock,14,0.7641778606361128
287,01,EVC,miniblock,15,0.7669371092965469
288,01,EVC,miniblock,16,0.771509747679152
289,01,EVC,miniblock,17,0.7755667178111606
290,01,EVC,miniblock,18,0.7788702953359993
291,01,EVC,miniblock,19,0.7816376069080399
292,01,EVC,miniblock,20,0.7847433347838839
293,01,EVC,miniblock,21,0.7868238066862597
294,01,EVC,miniblock,22,0.7914916175765697
295,01,EVC,miniblock,23,0.7932101479449839
296,01,EVC,miniblock,24,0.7971191941739658
297,01,EVC,miniblock,25,0.7991367086567646
298,01,EVC,miniblock,26,0.8003609097390377
299,01,EVC,miniblock,27,0.8017568974054429
300,01,EVC,miniblock,28,0.8039430709044758
301,01,EVC,miniblock,29,0.8061077870812786
302,01,EVC,miniblock,30,0.8073006547314335
303,01,EVC,miniblock,31,0.8090916617214444
304,01,EVC,miniblock,32,0.8101500396321928
305,01,EVC,miniblock,33,0.8109825809577131
306,01,EVC,miniblock,34,0.8121244405616913
307,01,EVC,miniblock,35,0.8129193745584549
308,01,EVC,miniblock,36,0.8146219790882946
309,01,EVC,miniblock,37,0.815446356370736
310,01,EVC,miniblock,38,0.8164292812114936
311,01,EVC,miniblock,39,0.8172840103221568
312,01,FFA,er,1,0.6593199780868885
313,01,FFA,er,2,0.6972332606807911
314,01,FFA,er,3,0.7119909001755967
315,01,FFA,er,4,0.7214682703610119
316,01,FFA,er,5,0.7339850786498724
317,01,FFA,er,6,0.7419931926100473
318,01,FFA,er,7,0.7490886605933672
319,01,FFA,er,8,0.7562172702723489
320,01,FFA,er,9,0.7627102936211222
321,01,FFA,er,10,0.7694054711172841
322,01,FFA,er,11,0.7751261506073708
323,01,FFA,er,12,0.780144804867713
324,01,FFA,er,13,0.7848873601106169
325,01,FFA,er,14,0.788035638655831
326,01,FFA,er,15,0.7920437689799741
327,01,FFA,er,16,0.7949061341227209
328,01,FFA,er,17,0.7980974495232416
329,01,FFA,er,18,0.8019052248480717
330,01,FFA,er,19,0.8047787661332849
331,01,FFA,er,20,0.8087920696713828
332,01,FFA,er,21,0.8109111589680437
333,01,FFA,er,22,0.8137487797046701
334,01,FFA,er,23,0.8169846796572116
335,01,FFA,er,24,0.8192933153444142
336,01,FFA,er,25,0.8209103005069377
337,01,FFA,er,26,0.8243535993109367
338,01,FFA,er,27,0.8270082515608205
339,01,FFA,er,28,0.829501235398563
340,01,FFA,er,29,0.8318563223419684
341,01,FFA,er,30,0.8340333377975373
342,01,FFA,er,31,0.8357228724838187
343,01,FFA,er,32,0.8371056487670371
344,01,FFA,er,33,0.8390450645982623
345,01,FFA,er,34,0.8402651958532741
346,01,FFA,er,35,0.8416174527367667
347,01,FFA,er,36,0.842719172285132
348,01,FFA,er,37,0.8441117910745365
349,01,FFA,er,38,0.8459264550046082
350,01,FFA,er,39,0.8474314806926269
351,01,PPA,er,1,0.05579150244191988
352,01,PPA,er,2,0.1419904397326883
353,01,PPA,er,3,0.23093188177064292
354,01,PPA,er,4,0.2733464750334283
355,01,PPA,er,5,0.30737282145039696
356,01,PPA,er,6,0.3431570909009964
357,01,PPA,er,7,0.3660773505813187
358,01,PPA,er,8,0.3905978288944935
359,01,PPA,er,9,0.4104158862804368
360,01,PPA,er,10,0.4325987683634922
361,01,PPA,er,11,0.44995464680355274
362,01,PPA,er,12,0.4658488926059267
363,01,PPA,er,13,0.4877661416693205
364,01,PPA,er,14,0.49818696909473265
365,01,PPA,er,15,0.5083687742328777
366,01,PPA,er,16,0.517473193268142
367,01,PPA,er,17,0.527411015052707
368,01,PPA,er,18,0.5370509869777039
369,01,PPA,er,19,0.5469263994683685
370,01,PPA,er,20,0.5567097137789098
371,01,PPA,er,21,0.565843630602627
372,01,PPA,er,22,0.5734969836715778
373,01,PPA,er,23,0.5789489227053163
374,01,PPA,er,24,0.5866160499003916
375,01,PPA,er,25,0.5932201457630866
376,01,PPA,er,26,0.5988672979705579
377,01,PPA,er,27,0.6049500182553749
378,01,PPA,er,28,0.6106142842260854
379,01,PPA,er,29,0.6151405684320729
380,01,PPA,er,30,0.6190332335679828
381,01,PPA,er,31,0.6226421456044039
382,01,PPA,er,32,0.6265015679913971
383,01,PPA,er,33,0.6311694931060284
384,01,PPA,er,34,0.6348242627217665
385,01,PPA,er,35,0.6400236265694476
386,01,PPA,er,36,0.643078979489572
387,01,PPA,er,37,0.6468187882565939
388,01,PPA,er,38,0.6508741273085844
389,01,PPA,er,39,0.6546464343555644
390,01,EBA,er,1,0.18967288790761472
391,01,EBA,er,2,0.25454398696026603
392,01,EBA,er,3,0.31193175003141843
393,01,EBA,er,4,0.34842122420673016
394,01,EBA,er,5,0.36264589981179124
395,01,EBA,er,6,0.3815515681205362
396,01,EBA,er,7,0.39653014497968336
397,01,EBA,er,8,0.41667391691005956
398,01,EBA,er,9,0.4264072492627555
399,01,EBA,er,10,0.43628686178505394
400,01,EBA,er,11,0.4449874103944767
401,01,EBA,er,12,0.45120625680157334
402,01,EBA,er,13,0.4571112274002885
403,01,EBA,er,14,0.46444008489631766
404,01,EBA,er,15,0.47159856398123895
405,01,EBA,er,16,0.47634723984821736
406,01,EBA,er,17,0.4802152881261746
407,01,EBA,er,18,0.48351508223654943
408,01,EBA,er,19,0.4877699985098845
409,01,EBA,er,20,0.4896989719751
410,01,EBA,er,21,0.4922990782215289
411,01,EBA,er,22,0.49663964808958916
412,01,EBA,er,23,0.49838707086300427
413,01,EBA,er,24,0.5012131909267935
414,01,EBA,er,25,0.5038160343761379
415,01,EBA,er,26,0.5061608385128161
416,01,EBA,er,27,0.5085418323820378
417,01,EBA,er,28,0.510549161158721
418,01,EBA,er,29,0.5130238698621681
419,01,EBA,er,30,0.5150083892631266
420,01,EBA,er,31,0.5172415464587455
421,01,EBA,er,32,0.5196603879754121
422,01,EBA,er,33,0.5217716996219511
423,01,EBA,er,34,0.5234954941132467
424,01,EBA,er,35,0.5257709343634914
425,01,EBA,er,36,0.5273041299144775
426,01,EBA,er,37,0.5291017151262528
427,01,EBA,er,38,0.5306249849056975
428,01,EBA,er,39,0.5322764939492518
429,01,EVC,er,1,0.2119926954210668
430,01,EVC,er,2,0.2885063556679069
431,01,EVC,er,3,0.37347442839052053
432,01,EVC,er,4,0.4583863433867796
433,01,EVC,er,5,0.517387831715444
434,01,EVC,er,6,0.5767250842517291
435,01,EVC,er,7,0.6108000037371574
436,01,EVC,er,8,0.6223039059448155
437,01,EVC,er,9,0.6342834585669436
438,01,EVC,er,10,0.6447557997547461
439,01,EVC,er,11,0.6574024075875877
440,01,EVC,er,12,0.6688558501482893
441,01,EVC,er,13,0.6785676972189667
442,01,EVC,er,14,0.6841375981230877
443,01,EVC,er,15,0.689738879434724
444,01,EVC,er,16,0.6943734661906827
445,01,EVC,er,17,0.6980466301714721
446,01,EVC,er,18,0.7026974705893828
447,01,EVC,er,19,0.7068288495244751
448,01,EVC,er,20,0.7102522543628039
449,01,EVC,er,21,0.7145056753139182
450,01,EVC,er,22,0.7167828002522129
451,01,EVC,er,23,0.720036355065643
452,01,EVC,er,24,0.7235159838206808
453,01,EVC,er,25,0.725811524422264
454,01,EVC,er,26,0.7277060516597803
455,01,EVC,er,27,0.7299386580472474
456,01,EVC,er,28,0.7336575925882315
457,01,EVC,er,29,0.7354830510476383
458,01,EVC,er,30,0.7377889808893133
459,01,EVC,er,31,0.739652563929721
460,01,EVC,er,32,0.7411912453428785
461,01,EVC,er,33,0.742805375448602
462,01,EVC,er,34,0.7443766150504775
463,01,EVC,er,35,0.7453977575983087
464,01,EVC,er,36,0.7464209204192228
465,01,EVC,er,37,0.7480275797459707
466,01,EVC,er,38,0.7492496682943175
467,01,EVC,er,39,0.7502529886160815
468,02,FFA,sus,1,0.2948865303613569
469,02,FFA,sus,2,0.3544012004482269
470,02,FFA,sus,3,0.39183795179060693
471,02,FFA,sus,4,0.42664901521264964
472,02,FFA,sus,5,0.45485383721643186
473,02,FFA,sus,6,0.48220232365286164
474,02,FFA,sus,7,0.5001589011638203
475,02,FFA,sus,8,0.5126643819908102
476,02,FFA,sus,9,0.5251827590757747
477,02,FFA,sus,10,0.5367162312434052
478,02,FFA,sus,11,0.5444538874299217
479,02,FFA,sus,12,0.5530843966784255
480,02,FFA,sus,13,0.5596395607696593
481,02,FFA,sus,14,0.5675007188263729
482,02,FFA,sus,15,0.5725950204742575
483,02,FFA,sus,16,0.5812090546181857
484,02,FFA,sus,17,0.5880289175632681
485,02,FFA,sus,18,0.5936110398397957
486,02,FFA,sus,19,0.5979069975104003
487,02,FFA,sus,20,0.6018948604498626
488,02,FFA,sus,21,0.607140580659511
489,02,FFA,sus,22,0.6112480258276869
490,02,FFA,sus,23,0.6151178884360813
491,02,FFA,sus,24,0.6185084292371562
492,02,FFA,sus,25,0.6214647331224574
493,02,FFA,sus,26,0.6245652855157492
494,02,FFA,sus,27,0.6279195948195581
495,02,FFA,sus,28,0.6310904501630322
496,02,FFA,sus,29,0.6339549147082362
497,02,FFA,sus,30,0.6374467771092379
498,02,FFA,sus,31,0.6391878044330532
499,02,FFA,sus,32,0.641809248790662
500,02,FFA,sus,33,0.6438956562237953
501,02,FFA,sus,34,0.6457557809332235
502,02,FFA,sus,35,0.6471441945435458
503,02,FFA,sus,36,0.6490137128293613
504,02,FFA,sus,37,0.6507715704735452
505,02,FFA,sus,38,0.6527578476854349
506,02,FFA,sus,39,0.6550105677339539
507,02,PPA,sus,1,0.5296135880249938
508,02,PPA,sus,2,0.5907994175542196
509,02,PPA,sus,3,0.6191124467219945
510,02,PPA,sus,4,0.6472459940176131
511,02,PPA,sus,5,0.6741682793406497
512,02,PPA,sus,6,0.6886947021735397
513,02,PPA,sus,7,0.7042686668022341
514,02,PPA,sus,8,0.7142046704930941
515,02,PPA,sus,9,0.7214273628723195
516,02,PPA,sus,10,0.7295192243958493
517,02,PPA,sus,11,0.7372846818541537
518,02,PPA,sus,12,0.7412772551675081
519,02,PPA,sus,13,0.7467194157316804
520,02,PPA,sus,14,0.7509242789001961
521,02,PPA,sus,15,0.7547989819993436
522,02,PPA,sus,16,0.7584001761041335
523,02,PPA,sus,17,0.762153609301713
524,02,PPA,sus,18,0.766446509942749
525,02,PPA,sus,19,0.7692034712310617
526,02,PPA,sus,20,0.7713840437519255
527,02,PPA,sus,21,0.7744425641067426
528,02,PPA,sus,22,0.7777851403078287
529,02,PPA,sus,23,0.7802885805564456
530,02,PPA,sus,24,0.7823354590465681
531,02,PPA,sus,25,0.7842809246311623
532,02,PPA,sus,26,0.7864699630111215
533,02,PPA,sus,27,0.7885185104028216
534,02,PPA,sus,28,0.7902335965106588
535,02,PPA,sus,29,0.7920215872651809
536,02,PPA,sus,30,0.7934777217826988
537,02,PPA,sus,31,0.794593917822853
538,02,PPA,sus,32,0.7955850160348342
539,02,PPA,sus,33,0.7976861658131632
540,02,PPA,sus,34,0.7988673096966531
541,02,PPA,sus,35,0.8000622437341338
542,02,PPA,sus,36,0.8014793940756205
543,02,PPA,sus,37,0.8026877414122051
544,02,PPA,sus,38,0.8040067946104351
545,02,PPA,sus,39,0.8049812897160024
546,02,EBA,sus,1,0.37442429664806526
547,02,EBA,sus,2,0.4467586391362312
548,02,EBA,sus,3,0.48475007951409305
549,02,EBA,sus,4,0.5059830759067843
550,02,EBA,sus,5,0.5240031646854822
551,02,EBA,sus,6,0.5508198568146511
552,02,EBA,sus,7,0.5678178313754275
553,02,EBA,sus,8,0.5831517973229269
554,02,EBA,sus,9,0.5950102751949198
555,02,EBA,sus,10,0.6047942831832848
556,02,EBA,sus,11,0.6177221470110813
557,02,EBA,sus,12,0.6274323618070136
558,02,EBA,sus,13,0.6325867605643415
559,02,EBA,sus,14,0.6373796102833548
560,02,EBA,sus,15,0.6420824927620341
561,02,EBA,sus,16,0.6483891385926859
562,02,EBA,sus,17,0.6528597046326343
563,02,EBA,sus,18,0.6576614219256858
564,02,EBA,sus,19,0.6608577635608972
565,02,EBA,sus,20,0.6649417100120313
566,02,EBA,sus,21,0.6681543204342596
567,02,EBA,sus,22,0.6708484620544058
568,02,EBA,sus,23,0.673548961532723
569,02,EBA,sus,24,0.6764431809292786
570,02,EBA,sus,25,0.6785460257955118
571,02,EBA,sus,26,0.681160048652956
572,02,EBA,sus,27,0.6829446381559826
573,02,EBA,sus,28,0.6856544990914468
574,02,EBA,sus,29,0.6873278308990779
575,02,EBA,sus,30,0.6890837127510103
576,02,EBA,sus,31,0.6915520044602635
577,02,EBA,sus,32,0.6934118009154968
578,02,EBA,sus,33,0.695607227341038
579,02,EBA,sus,34,0.6972779207749169
580,02,EBA,sus,35,0.6990979052558673
581,02,EBA,sus,36,0.7007374505520575
582,02,EBA,sus,37,0.7023657624769855
583,02,EBA,sus,38,0.7039514581395986
584,02,EBA,sus,39,0.7053138809385736
585,02,EVC,sus,1,0.6102487209316848
586,02,EVC,sus,2,0.6468831229377017
587,02,EVC,sus,3,0.6612068484086496
588,02,EVC,sus,4,0.6786321412087079
589,02,EVC,sus,5,0.6924895084417234
590,02,EVC,sus,6,0.7016055447829412
591,02,EVC,sus,7,0.7149735961687537
592,02,EVC,sus,8,0.7231803297377372
593,02,EVC,sus,9,0.731476981792703
594,02,EVC,sus,10,0.7375480123892139
595,02,EVC,sus,11,0.7419823571781325
596,02,EVC,sus,12,0.7461781428556019
597,02,EVC,sus,13,0.75023479413716
598,02,EVC,sus,14,0.7541466275300923
599,02,EVC,sus,15,0.7579891524025976
600,02,EVC,sus,16,0.7605308051864004
601,02,EVC,sus,17,0.7648042611239726
602,02,EVC,sus,18,0.7688717995442027
603,02,EVC,sus,19,0.7708593316382152
604,02,EVC,sus,20,0.7742305520100885
605,02,EVC,sus,21,0.7759216297986464
606,02,EVC,sus,22,0.7784833480483573
607,02,EVC,sus,23,0.7803910999977778
608,02,EVC,sus,24,0.7819481527364752
609,02,EVC,sus,25,0.7835812522370941
610,02,EVC,sus,26,0.7847850038409466
611,02,EVC,sus,27,0.7861526500746662
612,02,EVC,sus,28,0.7874978888674001
613,02,EVC,sus,29,0.7891922741106071
614,02,EVC,sus,30,0.7903183075708041
615,02,EVC,sus,31,0.7920758341029019
616,02,EVC,sus,32,0.7931332510548798
617,02,EVC,sus,33,0.7939577193482955
618,02,EVC,sus,34,0.7948930304600349
619,02,EVC,sus,35,0.7955891846853222
620,02,EVC,sus,36,0.7968746251496439
621,02,EVC,sus,37,0.7976390344091117
622,02,EVC,sus,38,0.7985414040889576
623,02,EVC,sus,39,0.7992023863136616
624,02,FFA,miniblock,1,0.4930857563734257
625,02,FFA,miniblock,2,0.5380210011663117
626,02,FFA,miniblock,3,0.567648859053529
627,02,FFA,miniblock,4,0.5835318167928945
628,02,FFA,miniblock,5,0.6009462582218232
629,02,FFA,miniblock,6,0.6175831876030458
630,02,FFA,miniblock,7,0.6304368911469499
631,02,FFA,miniblock,8,0.6464449744649398
632,02,FFA,miniblock,9,0.6562837217806665
633,02,FFA,miniblock,10,0.6645787913693817
634,02,FFA,miniblock,11,0.670428840406772
635,02,FFA,miniblock,12,0.6762046352823233
636,02,FFA,miniblock,13,0.6823836612943545
637,02,FFA,miniblock,14,0.6864918964357383
638,02,FFA,miniblock,15,0.6922671930395282
639,02,FFA,miniblock,16,0.6977416208596523
640,02,FFA,miniblock,17,0.7038115689867048
641,02,FFA,miniblock,18,0.7070222194512956
642,02,FFA,miniblock,19,0.7109127037276654
643,02,FFA,miniblock,20,0.7139438147951171
644,02,FFA,miniblock,21,0.7172893565798614
645,02,FFA,miniblock,22,0.721565608329855
646,02,FFA,miniblock,23,0.7253919498039658
647,02,FFA,miniblock,24,0.7289761433501449
648,02,FFA,miniblock,25,0.7308901812340055
649,02,FFA,miniblock,26,0.7325090946845864
650,02,FFA,miniblock,27,0.7369720230815465
651,02,FFA,miniblock,28,0.7406934109420004
652,02,FFA,miniblock,29,0.7431502339341018
653,02,FFA,miniblock,30,0.74529132172731
654,02,FFA,miniblock,31,0.7487367915289692
655,02,FFA,miniblock,32,0.7511544873733808
656,02,FFA,miniblock,33,0.7533534987368077
657,02,FFA,miniblock,34,0.7550503884735656
658,02,FFA,miniblock,35,0.7567874947281258
659,02,FFA,miniblock,36,0.7585105880083987
660,02,FFA,miniblock,37,0.7601376675152701
661,02,FFA,miniblock,38,0.7613247931743262
662,02,FFA,miniblock,39,0.7629880922819409
663,02,PPA,miniblock,1,0.5972727193593644
664,02,PPA,miniblock,2,0.6650951682197609
665,02,PPA,miniblock,3,0.7024641642933966
666,02,PPA,miniblock,4,0.7378425895953048
667,02,PPA,miniblock,5,0.7546026955255508
668,02,PPA,miniblock,6,0.7674313146465886
669,02,PPA,miniblock,7,0.7800094998476857
670,02,PPA,miniblock,8,0.7878471456025397
671,02,PPA,miniblock,9,0.7950504763016569
672,02,PPA,miniblock,10,0.8006879794361043
673,02,PPA,miniblock,11,0.8047100945204914
674,02,PPA,miniblock,12,0.8081292710405669
675,02,PPA,miniblock,13,0.8148559768124346
676,02,PPA,miniblock,14,0.8190237270042605
677,02,PPA,miniblock,15,0.8235909438016896
678,02,PPA,miniblock,16,0.8271531278755574
679,02,PPA,miniblock,17,0.8295716612997469
680,02,PPA,miniblock,18,0.8321085500479336
681,02,PPA,miniblock,19,0.8345703705017066
682,02,PPA,miniblock,20,0.8371562863091958
683,02,PPA,miniblock,21,0.8396063639841481
684,02,PPA,miniblock,22,0.8418906088695352
685,02,PPA,miniblock,23,0.8451337896124919
686,02,PPA,miniblock,24,0.8465828439880814
687,02,PPA,miniblock,25,0.8488142192683589
688,02,PPA,miniblock,26,0.8502129087195235
689,02,PPA,miniblock,27,0.8524644370671689
690,02,PPA,miniblock,28,0.8539472340329249
691,02,PPA,miniblock,29,0.855183919473121
692,02,PPA,miniblock,30,0.8562935507570048
693,02,PPA,miniblock,31,0.8574840896102748
694,02,PPA,miniblock,32,0.8586222691924107
695,02,PPA,miniblock,33,0.8599553868573282
696,02,PPA,miniblock,34,0.8610702465244174
697,02,PPA,miniblock,35,0.8620427672808524
698,02,PPA,miniblock,36,0.863128523507318
699,02,PPA,miniblock,37,0.8642403991840274
700,02,PPA,miniblock,38,0.8650640984361834
701,02,PPA,miniblock,39,0.8659806534662217
702,02,EBA,miniblock,1,0.5002752498998145
703,02,EBA,miniblock,2,0.551393900393869
704,02,EBA,miniblock,3,0.5713537580616936
705,02,EBA,miniblock,4,0.5963665599549078
706,02,EBA,miniblock,5,0.6174991577138583
707,02,EBA,miniblock,6,0.6345795809597922
708,02,EBA,miniblock,7,0.6479279068490985
709,02,EBA,miniblock,8,0.6598338835875889
710,02,EBA,miniblock,9,0.6674887624478544
711,02,EBA,miniblock,10,0.6767817358405898
712,02,EBA,miniblock,11,0.6815154061433617
713,02,EBA,miniblock,12,0.6856827421466494
714,02,EBA,miniblock,13,0.6897258520790928
715,02,EBA,miniblock,14,0.6932983800299725
716,02,EBA,miniblock,15,0.6964761357243173
717,02,EBA,miniblock,16,0.7002350024084963
718,02,EBA,miniblock,17,0.7045509983163146
719,02,EBA,miniblock,18,0.707142127735444
720,02,EBA,miniblock,19,0.7102720715187454
721,02,EBA,miniblock,20,0.7128890211055962
722,02,EBA,miniblock,21,0.7146369437933959
723,02,EBA,miniblock,22,0.7165729948787826
724,02,EBA,miniblock,23,0.7183041940402619
725,02,EBA,miniblock,24,0.7198166461916672
726,02,EBA,miniblock,25,0.7218563863658001
727,02,EBA,miniblock,26,0.72403363119646
728,02,EBA,miniblock,27,0.7256214238549635
729,02,EBA,miniblock,28,0.7269880724005026
730,02,EBA,miniblock,29,0.7282714347244589
731,02,EBA,miniblock,30,0.7297265997252528
732,02,EBA,miniblock,31,0.7314560594380389
733,02,EBA,miniblock,32,0.7328863816741519
734,02,EBA,miniblock,33,0.7347648163897004
735,02,EBA,miniblock,34,0.7359775250340658
736,02,EBA,miniblock,35,0.7372388257010405
737,02,EBA,miniblock,36,0.7384708409217934
738,02,EBA,miniblock,37,0.7392332276351951
739,02,EBA,miniblock,38,0.7403390994037734
740,02,EBA,miniblock,39,0.7411874116616227
741,02,EVC,miniblock,1,0.7053741612916005
742,02,EVC,miniblock,2,0.720088790238412
743,02,EVC,miniblock,3,0.734936791754253
744,02,EVC,miniblock,4,0.7506788294319189
745,02,EVC,miniblock,5,0.7649290825555082
746,02,EVC,miniblock,6,0.7706057904397521
747,02,EVC,miniblock,7,0.7779186639168704
748,02,EVC,miniblock,8,0.7882549524685919
749,02,EVC,miniblock,9,0.7933584991600204
750,02,EVC,miniblock,10,0.797883906943332
751,02,EVC,miniblock,11,0.8033041276435613
752,02,EVC,miniblock,12,0.8063346501182252
753,02,EVC,miniblock,13,0.8086260971301699
754,02,EVC,miniblock,14,0.8116791906121691
755,02,EVC,miniblock,15,0.8137081622123107
756,02,EVC,miniblock,16,0.8161245438283236
757,02,EVC,miniblock,17,0.8184972294563316
758,02,EVC,miniblock,18,0.8209084764039903
759,02,EVC,miniblock,19,0.8248677502842942
760,02,EVC,miniblock,20,0.8269386762275773
761,02,EVC,miniblock,21,0.8294769751597978
762,02,EVC,miniblock,22,0.8312968595712249
763,02,EVC,miniblock,23,0.8329768058509756
764,02,EVC,miniblock,24,0.8346054195771742
765,02,EVC,miniblock,25,0.8367925543524456
766,02,EVC,miniblock,26,0.8382088782053355
767,02,EVC,miniblock,27,0.8394575784475684
768,02,EVC,miniblock,28,0.8402058737905964
769,02,EVC,miniblock,29,0.8414973609362365
770,02,EVC,miniblock,30,0.8428837582217382
771,02,EVC,miniblock,31,0.8438710888832038
772,02,EVC,miniblock,32,0.844818807583267
773,02,EVC,miniblock,33,0.8465588379463872
774,02,EVC,miniblock,34,0.847407867204455
775,02,EVC,miniblock,35,0.8478784235926042
776,02,EVC,miniblock,36,0.8485330999840771
777,02,EVC,miniblock,37,0.8492410888263923
778,02,EVC,miniblock,38,0.8496346302280654
779,02,EVC,miniblock,39,0.8500744358197968
780,02,FFA,er,1,0.3211323192270164
781,02,FFA,er,2,0.3652854426519956
782,02,FFA,er,3,0.42412152171402767
783,02,FFA,er,4,0.4497132769988202
784,02,FFA,er,5,0.482588310219111
785,02,FFA,er,6,0.5008495712050848
786,02,FFA,er,7,0.5181147388434102
787,02,FFA,er,8,0.5313923161460655
788,02,FFA,er,9,0.5459038121439471
789,02,FFA,er,10,0.5556856967901534
790,02,FFA,er,11,0.5664617083980182
791,02,FFA,er,12,0.57521208679879
792,02,FFA,er,13,0.5834415836139658
793,02,FFA,er,14,0.5924961171395581
794,02,FFA,er,15,0.6023694840189291
795,02,FFA,er,16,0.6077062763691765
796,02,FFA,er,17,0.6162334339275972
797,02,FFA,er,18,0.6231766438630183
798,02,FFA,er,19,0.6287260339088981
799,02,FFA,er,20,0.6338493728281678
800,02,FFA,er,21,0.6377274026018933
801,02,FFA,er,22,0.640940427425631
802,02,FFA,er,23,0.6458877501347265
803,02,FFA,er,24,0.6502978665756066
804,02,FFA,er,25,0.6538151739350707
805,02,FFA,er,26,0.6573725214646998
806,02,FFA,er,27,0.6613835574883512
807,02,FFA,er,28,0.6644347499041917
808,02,FFA,er,29,0.6685590863695658
809,02,FFA,er,30,0.6713674959126984
810,02,FFA,er,31,0.674429857631836
811,02,FFA,er,32,0.677766183172961
812,02,FFA,er,33,0.6803799617128782
813,02,FFA,er,34,0.6835191818652063
814,02,FFA,er,35,0.6871926209995416
815,02,FFA,er,36,0.6894797923092728
816,02,FFA,er,37,0.6918120674848082
817,02,FFA,er,38,0.6939537657103424
818,02,FFA,er,39,0.69611666517113
819,02,PPA,er,1,0.2672177867843148
820,02,PPA,er,2,0.3444379522544003
821,02,PPA,er,3,0.40884353685184555
822,02,PPA,er,4,0.435833766972986
823,02,PPA,er,5,0.45579045583244787
824,02,PPA,er,6,0.47784533747330715
825,02,PPA,er,7,0.5006598488197435
826,02,PPA,er,8,0.516759021764137
827,02,PPA,er,9,0.5291814327774539
828,02,PPA,er,10,0.539668135609019
829,02,PPA,er,11,0.5528261086758955
830,02,PPA,er,12,0.5590194507750469
831,02,PPA,er,13,0.566282467656305
832,02,PPA,er,14,0.571630818526905
833,02,PPA,er,15,0.5777190010193625
834,02,PPA,er,16,0.5845230043727051
835,02,PPA,er,17,0.5881784442665187
836,02,PPA,er,18,0.5933409693187325
837,02,PPA,er,19,0.599496160398915
838,02,PPA,er,20,0.6058710422552286
839,02,PPA,er,21,0.6101527928955369
840,02,PPA,er,22,0.6133218136193485
841,02,PPA,er,23,0.6179906924610673
842,02,PPA,er,24,0.6213799905566119
843,02,PPA,er,25,0.624596828321443
844,02,PPA,er,26,0.630428374531387
845,02,PPA,er,27,0.6343171499841299
846,02,PPA,er,28,0.6374887058993552
847,02,PPA,er,29,0.6401020758020048
848,02,PPA,er,30,0.6422352252796761
849,02,PPA,er,31,0.6453016287233103
850,02,PPA,er,32,0.6477016691094329
851,02,PPA,er,33,0.6500654402639342
852,02,PPA,er,34,0.6516368063862948
853,02,PPA,er,35,0.6537452288013647
854,02,PPA,er,36,0.6561887160515497
855,02,PPA,er,37,0.6579932615190712
856,02,PPA,er,38,0.6598789396269161
857,02,PPA,er,39,0.6620111406730141
858,02,EBA,er,1,0.2835317639469809
859,02,EBA,er,2,0.3196596486075356
860,02,EBA,er,3,0.35517302231529313
861,02,EBA,er,4,0.3901570475090937
862,02,EBA,er,5,0.41389308812201203
863,02,EBA,er,6,0.4302174843923625
864,02,EBA,er,7,0.448845043163743
865,02,EBA,er,8,0.4641876950334229
866,02,EBA,er,9,0.4753528497002724
867,02,EBA,er,10,0.49170012439337407
868,02,EBA,er,11,0.4991379574338583
869,02,EBA,er,12,0.5059984689733232
870,02,EBA,er,13,0.5125680858053469
871,02,EBA,er,14,0.5188583368228348
872,02,EBA,er,15,0.5245730516778461
873,02,EBA,er,16,0.5289423633240687
874,02,EBA,er,17,0.5327980437437966
875,02,EBA,er,18,0.5380116438797616
876,02,EBA,er,19,0.5415274213882351
877,02,EBA,er,20,0.5449471325133078
878,02,EBA,er,21,0.5494304621732525
879,02,EBA,er,22,0.5520118389465755
880,02,EBA,er,23,0.5544249230307677
881,02,EBA,er,24,0.5581223669452504
882,02,EBA,er,25,0.5608204268393576
883,02,EBA,er,26,0.5631054080142293
884,02,EBA,er,27,0.5664249795307227
885,02,EBA,er,28,0.5687773861670362
886,02,EBA,er,29,0.5706733616516605
887,02,EBA,er,30,0.5724146105155142
888,02,EBA,er,31,0.5745230305277702
889,02,EBA,er,32,0.5765445022038388
890,02,EBA,er,33,0.5785757733306913
891,02,EBA,er,34,0.5804270956659877
892,02,EBA,er,35,0.5820926972277568
893,02,EBA,er,36,0.5840835419772662
894,02,EBA,er,37,0.5856667967044237
895,02,EBA,er,38,0.587611105732352
896,02,EBA,er,39,0.589854290805679
897,02,EVC,er,1,0.345392306962181
898,02,EVC,er,2,0.4036679074811567
899,02,EVC,er,3,0.4453338689328506
900,02,EVC,er,4,0.48723391425360724
901,02,EVC,er,5,0.5073699228821114
902,02,EVC,er,6,0.517885556590845
903,02,EVC,er,7,0.5289411581169239
904,02,EVC,er,8,0.5424029921908233
905,02,EVC,er,9,0.5538019510967086
906,02,EVC,er,10,0.5696106460708534
907,02,EVC,er,11,0.577825717632891
908,02,EVC,er,12,0.5872945656195329
909,02,EVC,er,13,0.5935080986024591
910,02,EVC,er,14,0.5986755155979454
911,02,EVC,er,15,0.6022503176856648
912,02,EVC,er,16,0.606058446258349
913,02,EVC,er,17,0.6085961053157103
914,02,EVC,er,18,0.6119155677562785
915,02,EVC,er,19,0.6164172149511516
916,02,EVC,er,20,0.6183149481422362
917,02,EVC,er,21,0.6220961523042322
918,02,EVC,er,22,0.6241993533855965
919,02,EVC,er,23,0.6266926996609672
920,02,EVC,er,24,0.6282014099590273
921,02,EVC,er,25,0.6304907730249087
922,02,EVC,er,26,0.6324307168292521
923,02,EVC,er,27,0.634084488695624
924,02,EVC,er,28,0.6360196725885768
925,02,EVC,er,29,0.6384532207116619
926,02,EVC,er,30,0.6409362147014029
927,02,EVC,er,31,0.6427910692384315
928,02,EVC,er,32,0.6438705546680519
929,02,EVC,er,33,0.6450251599739792
930,02,EVC,er,34,0.6464230206514788
931,02,EVC,er,35,0.6475448679346831
932,02,EVC,er,36,0.6483299938913468
933,02,EVC,er,37,0.6502105514736419
934,02,EVC,er,38,0.6513567335308529
935,02,EVC,er,39,0.6522600734905492
936,03,FFA,sus,1,0.24767271336926563
937,03,FFA,sus,2,0.32596326612070836
938,03,FFA,sus,3,0.354495739393404
939,03,FFA,sus,4,0.38780110291322734
940,03,FFA,sus,5,0.4062586225528346
941,03,FFA,sus,6,0.430973848870317
942,03,FFA,sus,7,0.44815389965471314
943,03,FFA,sus,8,0.46265217106973316
944,03,FFA,sus,9,0.4774093884849188
945,03,FFA,sus,10,0.48544967833271
946,03,FFA,sus,11,0.49525727511892487
947,03,FFA,sus,12,0.5013114875901546
948,03,FFA,sus,13,0.5086915580580128
949,03,FFA,sus,14,0.5148599705884112
950,03,FFA,sus,15,0.5201983942554416
951,03,FFA,sus,16,0.5245249621725656
952,03,FFA,sus,17,0.529726851681752
953,03,FFA,sus,18,0.5342010636874561
954,03,FFA,sus,19,0.5376201572510837
955,03,FFA,sus,20,0.540126058104628
956,03,FFA,sus,21,0.5442860155331728
957,03,FFA,sus,22,0.5472966977534253
958,03,FFA,sus,23,0.5506361274023258
959,03,FFA,sus,24,0.5539405767499243
960,03,FFA,sus,25,0.5563908418917575
961,03,FFA,sus,26,0.5596811468114516
962,03,FFA,sus,27,0.5624104422588762
963,03,FFA,sus,28,0.5655103738600991
964,03,FFA,sus,29,0.5684153982729662
965,03,FFA,sus,30,0.5710794898686341
966,03,FFA,sus,31,0.5739176188990197
967,03,FFA,sus,32,0.5763987419985673
968,03,FFA,sus,33,0.5787317202126498
969,03,FFA,sus,34,0.5808145478597407
970,03,FFA,sus,35,0.5831474803112747
971,03,FFA,sus,36,0.5849921596741531
972,03,FFA,sus,37,0.5869007323984924
973,03,FFA,sus,38,0.5884588013428745
974,03,FFA,sus,39,0.5900959330746245
975,03,PPA,sus,1,0.17102977306891262
976,03,PPA,sus,2,0.35213804399236753
977,03,PPA,sus,3,0.4179325205148909
978,03,PPA,sus,4,0.46257336370231644
979,03,PPA,sus,5,0.505902548719895
980,03,PPA,sus,6,0.532003803929557
981,03,PPA,sus,7,0.5549193591189445
982,03,PPA,sus,8,0.5710961943868802
983,03,PPA,sus,9,0.588663234485166
984,03,PPA,sus,10,0.6045676259235949
985,03,PPA,sus,11,0.6196777237802723
986,03,PPA,sus,12,0.6278175055460476
987,03,PPA,sus,13,0.6402700667388919
988,03,PPA,sus,14,0.6458651767075857
989,03,PPA,sus,15,0.6531516952117662
990,03,PPA,sus,16,0.6615092677227302
991,03,PPA,sus,17,0.6714762115038403
992,03,PPA,sus,18,0.6792453886653732
993,03,PPA,sus,19,0.6851066618784198
994,03,PPA,sus,20,0.6899430910058572
995,03,PPA,sus,21,0.6940939887424422
996,03,PPA,sus,22,0.6973632015779879
997,03,PPA,sus,23,0.7006975933863216
998,03,PPA,sus,24,0.7043961262962557
999,03,PPA,sus,25,0.708183075488468
1000,03,PPA,sus,26,0.711636832450982
1001,03,PPA,sus,27,0.7148040282917609
1002,03,PPA,sus,28,0.7174531431484281
1003,03,PPA,sus,29,0.719900778507344
1004,03,PPA,sus,30,0.722223152916778
1005,03,PPA,sus,31,0.7241857893946168
1006,03,PPA,sus,32,0.727326970211737
1007,03,PPA,sus,33,0.7288104563923138
1008,03,PPA,sus,34,0.7302919726260683
1009,03,PPA,sus,35,0.7321368600730326
1010,03,PPA,sus,36,0.7346199833635625
1011,03,PPA,sus,37,0.736515423631591
1012,03,PPA,sus,38,0.7383442200553958
1013,03,PPA,sus,39,0.7399406073481553
1014,03,EBA,sus,1,0.2859353766392417
1015,03,EBA,sus,2,0.34016872115095276
1016,03,EBA,sus,3,0.37479258065834126
1017,03,EBA,sus,4,0.3867830097449958
1018,03,EBA,sus,5,0.40259468920805697
1019,03,EBA,sus,6,0.4207334291739153
1020,03,EBA,sus,7,0.44099154879152813
1021,03,EBA,sus,8,0.45272209270756675
1022,03,EBA,sus,9,0.4684257823083697
1023,03,EBA,sus,10,0.4826113933708425
1024,03,EBA,sus,11,0.49441867333453854
1025,03,EBA,sus,12,0.5030232212672657
1026,03,EBA,sus,13,0.5058765255189717
1027,03,EBA,sus,14,0.511074115930652
1028,03,EBA,sus,15,0.5153461098982826
1029,03,EBA,sus,16,0.5199276108514045
1030,03,EBA,sus,17,0.525463216455513
1031,03,EBA,sus,18,0.5304346333551869
1032,03,EBA,sus,19,0.535720056596982
1033,03,EBA,sus,20,0.5414201056723381
1034,03,EBA,sus,21,0.5462953055903953
1035,03,EBA,sus,22,0.5507101967398548
1036,03,EBA,sus,23,0.5541665641480936
1037,03,EBA,sus,24,0.5566558483189817
1038,03,EBA,sus,25,0.5595554493726989
1039,03,EBA,sus,26,0.5630530339710678
1040,03,EBA,sus,27,0.5662801911381505
1041,03,EBA,sus,28,0.5700956645766849
1042,03,EBA,sus,29,0.5727683918320126
1043,03,EBA,sus,30,0.5760586944052666
1044,03,EBA,sus,31,0.5789844290522445
1045,03,EBA,sus,32,0.5821722909685024
1046,03,EBA,sus,33,0.5847457768120304
1047,03,EBA,sus,34,0.5879924930990409
1048,03,EBA,sus,35,0.5900013182953369
1049,03,EBA,sus,36,0.5927746888860794
1050,03,EBA,sus,37,0.5946171548537739
1051,03,EBA,sus,38,0.5971574554328936
1052,03,EBA,sus,39,0.5994557941210145
1053,03,EVC,sus,1,0.5865131379787728
1054,03,EVC,sus,2,0.6070260238368523
1055,03,EVC,sus,3,0.6285927971075186
1056,03,EVC,sus,4,0.637898938014427
1057,03,EVC,sus,5,0.6501484520278246
1058,03,EVC,sus,6,0.6574618349664932
1059,03,EVC,sus,7,0.6650240234026475
1060,03,EVC,sus,8,0.6712667642250437
1061,03,EVC,sus,9,0.6789811105338207
1062,03,EVC,sus,10,0.6833897287465592
1063,03,EVC,sus,11,0.6872092083276309
1064,03,EVC,sus,12,0.691412554701723
1065,03,EVC,sus,13,0.6945058795953555
1066,03,EVC,sus,14,0.6983598163502469
1067,03,EVC,sus,15,0.7030176357963599
1068,03,EVC,sus,16,0.7063358119657467
1069,03,EVC,sus,17,0.708898562898673
1070,03,EVC,sus,18,0.7109017193745917
1071,03,EVC,sus,19,0.7127020363833214
1072,03,EVC,sus,20,0.7146149245657375
1073,03,EVC,sus,21,0.716786076175484
1074,03,EVC,sus,22,0.7187084926270821
1075,03,EVC,sus,23,0.7208114471846017
1076,03,EVC,sus,24,0.7220210120032292
1077,03,EVC,sus,25,0.7237925366318348
1078,03,EVC,sus,26,0.7253299359228151
1079,03,EVC,sus,27,0.7267642894512362
1080,03,EVC,sus,28,0.7276821555809629
1081,03,EVC,sus,29,0.728516861323589
1082,03,EVC,sus,30,0.7300245510508465
1083,03,EVC,sus,31,0.7310145318395579
1084,03,EVC,sus,32,0.7320607065553263
1085,03,EVC,sus,33,0.7330925470876282
1086,03,EVC,sus,34,0.7344108158855575
1087,03,EVC,sus,35,0.7352218686778537
1088,03,EVC,sus,36,0.7358988904011244
1089,03,EVC,sus,37,0.7367393768128423
1090,03,EVC,sus,38,0.7373366822954868
1091,03,EVC,sus,39,0.738017237328601
1092,03,FFA,miniblock,1,0.3431830577228349
1093,03,FFA,miniblock,2,0.4184837127396051
1094,03,FFA,miniblock,3,0.44321971350231854
1095,03,FFA,miniblock,4,0.4733993759553843
1096,03,FFA,miniblock,5,0.49400825191011655
1097,03,FFA,miniblock,6,0.5061138836147564
1098,03,FFA,miniblock,7,0.518882811907268
1099,03,FFA,miniblock,8,0.526945950464933
1100,03,FFA,miniblock,9,0.5341114076179521
1101,03,FFA,miniblock,10,0.5411234542307181
1102,03,FFA,miniblock,11,0.5482676571092812
1103,03,FFA,miniblock,12,0.5538648808495205
1104,03,FFA,miniblock,13,0.558616363928337
1105,03,FFA,miniblock,14,0.5644894278579627
1106,03,FFA,miniblock,15,0.571372754611275
1107,03,FFA,miniblock,16,0.576044831799742
1108,03,FFA,miniblock,17,0.5800643885740716
1109,03,FFA,miniblock,18,0.584453685330112
1110,03,FFA,miniblock,19,0.5872716065564662
1111,03,FFA,miniblock,20,0.5909283282485087
1112,03,FFA,miniblock,21,0.5941778317456987
1113,03,FFA,miniblock,22,0.5973213486580037
1114,03,FFA,miniblock,23,0.6016462430229943
1115,03,FFA,miniblock,24,0.6055518532029229
1116,03,FFA,miniblock,25,0.6080088802867228
1117,03,FFA,miniblock,26,0.6107539296020705
1118,03,FFA,miniblock,27,0.6132102271455294
1119,03,FFA,miniblock,28,0.6159582037279189
1120,03,FFA,miniblock,29,0.6180127349886994
1121,03,FFA,miniblock,30,0.6206696962758604
1122,03,FFA,miniblock,31,0.6232930568580309
1123,03,FFA,miniblock,32,0.6258779588837583
1124,03,FFA,miniblock,33,0.62803133938504
1125,03,FFA,miniblock,34,0.6298721340098171
1126,03,FFA,miniblock,35,0.6331484854551263
1127,03,FFA,miniblock,36,0.6350687719292027
1128,03,FFA,miniblock,37,0.6374828205314399
1129,03,FFA,miniblock,38,0.6401356830573975
1130,03,FFA,miniblock,39,0.642429719131972
1131,03,PPA,miniblock,1,0.2500761676654659
1132,03,PPA,miniblock,2,0.40867604235451455
1133,03,PPA,miniblock,3,0.4503304778391559
1134,03,PPA,miniblock,4,0.504891829420322
1135,03,PPA,miniblock,5,0.5290728491871804
1136,03,PPA,miniblock,6,0.5472117052754789
1137,03,PPA,miniblock,7,0.5681592095994802
1138,03,PPA,miniblock,8,0.5822634221931862
1139,03,PPA,miniblock,9,0.5953807269278244
1140,03,PPA,miniblock,10,0.608343271283904
1141,03,PPA,miniblock,11,0.6196428076789777
1142,03,PPA,miniblock,12,0.6282598335559497
1143,03,PPA,miniblock,13,0.6370603304654786
1144,03,PPA,miniblock,14,0.6466961385443911
1145,03,PPA,miniblock,15,0.6575358381105991
1146,03,PPA,miniblock,16,0.6630126512078598
1147,03,PPA,miniblock,17,0.6687912521772478
1148,03,PPA,miniblock,18,0.6744888020375361
1149,03,PPA,miniblock,19,0.6807002101266564
1150,03,PPA,miniblock,20,0.6870975081963548
1151,03,PPA,miniblock,21,0.6927010774602976
1152,03,PPA,miniblock,22,0.6983084823616678
1153,03,PPA,miniblock,23,0.7017732959574428
1154,03,PPA,miniblock,24,0.7051550596446178
1155,03,PPA,miniblock,25,0.7081421579391171
1156,03,PPA,miniblock,26,0.7124632421110176
1157,03,PPA,miniblock,27,0.7150257021449277
1158,03,PPA,miniblock,28,0.7189043347320091
1159,03,PPA,miniblock,29,0.722259490718498
1160,03,PPA,miniblock,30,0.7249738728236266
1161,03,PPA,miniblock,31,0.7269488449237359
1162,03,PPA,miniblock,32,0.7300017089099035
1163,03,PPA,miniblock,33,0.7327163251874055
1164,03,PPA,miniblock,34,0.734828325004139
1165,03,PPA,miniblock,35,0.7375674996880509
1166,03,PPA,miniblock,36,0.7401268983342669
1167,03,PPA,miniblock,37,0.7418471539160428
1168,03,PPA,miniblock,38,0.7442986422554606
1169,03,PPA,miniblock,39,0.7463170640000313
1170,03,EBA,miniblock,1,0.5135728742124587
1171,03,EBA,miniblock,2,0.5437549558334596
1172,03,EBA,miniblock,3,0.5604027029640936
1173,03,EBA,miniblock,4,0.5749294617500097
1174,03,EBA,miniblock,5,0.5882812400610041
1175,03,EBA,miniblock,6,0.6043462937526537
1176,03,EBA,miniblock,7,0.6130036520132768
1177,03,EBA,miniblock,8,0.6204067933974072
1178,03,EBA,miniblock,9,0.6277959753734176
1179,03,EBA,miniblock,10,0.634755290331284
1180,03,EBA,miniblock,11,0.6402358896929258
1181,03,EBA,miniblock,12,0.6471143314728991
1182,03,EBA,miniblock,13,0.6522654535439626
1183,03,EBA,miniblock,14,0.6564235848839585
1184,03,EBA,miniblock,15,0.6611961249134861
1185,03,EBA,miniblock,16,0.6642627392125734
1186,03,EBA,miniblock,17,0.6692898463910165
1187,03,EBA,miniblock,18,0.6726771510481759
1188,03,EBA,miniblock,19,0.6754335083878585
1189,03,EBA,miniblock,20,0.6791709229447576
1190,03,EBA,miniblock,21,0.6829643980785329
1191,03,EBA,miniblock,22,0.6847619836246795
1192,03,EBA,miniblock,23,0.687537762098497
1193,03,EBA,miniblock,24,0.6905935058408392
1194,03,EBA,miniblock,25,0.6947382013873996
1195,03,EBA,miniblock,26,0.6972771277536829
1196,03,EBA,miniblock,27,0.7008173508219611
1197,03,EBA,miniblock,28,0.7034783073558218
1198,03,EBA,miniblock,29,0.7056025916027476
1199,03,EBA,miniblock,30,0.7075306326574485
1200,03,EBA,miniblock,31,0.709463624205684
1201,03,EBA,miniblock,32,0.7111943485662171
1202,03,EBA,miniblock,33,0.7133791527452322
1203,03,EBA,miniblock,34,0.7153448875620724
1204,03,EBA,miniblock,35,0.7170352885538783
1205,03,EBA,miniblock,36,0.7186136256018081
1206,03,EBA,miniblock,37,0.7208196015620073
1207,03,EBA,miniblock,38,0.7225083463960372
1208,03,EBA,miniblock,39,0.7234825885648974
1209,03,EVC,miniblock,1,0.6668962452847872
1210,03,EVC,miniblock,2,0.6828449472264846
1211,03,EVC,miniblock,3,0.6961887253786493
1212,03,EVC,miniblock,4,0.7052318093417019
1213,03,EVC,miniblock,5,0.7150304023518773
1214,03,EVC,miniblock,6,0.7207546914705437
1215,03,EVC,miniblock,7,0.7296062198246442
1216,03,EVC,miniblock,8,0.7366441331531225
1217,03,EVC,miniblock,9,0.7407852312585576
1218,03,EVC,miniblock,10,0.7442479515653136
1219,03,EVC,miniblock,11,0.7474256553789237
1220,03,EVC,miniblock,12,0.7506881924236316
1221,03,EVC,miniblock,13,0.7530608872389447
1222,03,EVC,miniblock,14,0.7572178077228808
1223,03,EVC,miniblock,15,0.759857143242792
1224,03,EVC,miniblock,16,0.7628101377044579
1225,03,EVC,miniblock,17,0.7647806411908733
1226,03,EVC,miniblock,18,0.7667551966457461
1227,03,EVC,miniblock,19,0.7680527674652838
1228,03,EVC,miniblock,20,0.7694473653962133
1229,03,EVC,miniblock,21,0.7708311479297679
1230,03,EVC,miniblock,22,0.7720732424465749
1231,03,EVC,miniblock,23,0.7732956424147259
1232,03,EVC,miniblock,24,0.7747934007025776
1233,03,EVC,miniblock,25,0.776040426249678
1234,03,EVC,miniblock,26,0.7770790127127626
1235,03,EVC,miniblock,27,0.7781738037462563
1236,03,EVC,miniblock,28,0.7791608659714009
1237,03,EVC,miniblock,29,0.7799947037063991
1238,03,EVC,miniblock,30,0.781316094985172
1239,03,EVC,miniblock,31,0.7820820533275249
1240,03,EVC,miniblock,32,0.7828244519698031
1241,03,EVC,miniblock,33,0.7834045987251012
1242,03,EVC,miniblock,34,0.7841732960887877
1243,03,EVC,miniblock,35,0.7846591409670002
1244,03,EVC,miniblock,36,0.7852501196642043
1245,03,EVC,miniblock,37,0.7858416949659098
1246,03,EVC,miniblock,38,0.7865929003015997
1247,03,EVC,miniblock,39,0.787177836838516
1248,03,FFA,er,1,0.1994060432514703
1249,03,FFA,er,2,0.24535433211961746
1250,03,FFA,er,3,0.28135676355305056
1251,03,FFA,er,4,0.30238460097574654
1252,03,FFA,er,5,0.32017300034010815
1253,03,FFA,er,6,0.34151775502001663
1254,03,FFA,er,7,0.35795618972342563
1255,03,FFA,er,8,0.36845220182514277
1256,03,FFA,er,9,0.3760380301012198
1257,03,FFA,er,10,0.3873127664727864
1258,03,FFA,er,11,0.3953640147476672
1259,03,FFA,er,12,0.4044608352416983
1260,03,FFA,er,13,0.4154653617955338
1261,03,FFA,er,14,0.4221574354170454
1262,03,FFA,er,15,0.4278575404523996
1263,03,FFA,er,16,0.4337429803991449
1264,03,FFA,er,17,0.4386003437625914
1265,03,FFA,er,18,0.444135854785626
1266,03,FFA,er,19,0.44746473899856926
1267,03,FFA,er,20,0.4513872224416229
1268,03,FFA,er,21,0.45507891604108713
1269,03,FFA,er,22,0.45953161187410263
1270,03,FFA,er,23,0.46345478375283217
1271,03,FFA,er,24,0.46593265106854936
1272,03,FFA,er,25,0.46843227064262855
1273,03,FFA,er,26,0.4710165883221624
1274,03,FFA,er,27,0.47455025903132103
1275,03,FFA,er,28,0.47854074158968873
1276,03,FFA,er,29,0.48112442810845796
1277,03,FFA,er,30,0.48336323020002303
1278,03,FFA,er,31,0.4862902108461374
1279,03,FFA,er,32,0.4891191194046458
1280,03,FFA,er,33,0.49237643287298355
1281,03,FFA,er,34,0.4947153954485361
1282,03,FFA,er,35,0.4968919873532396
1283,03,FFA,er,36,0.499026185435711
1284,03,FFA,er,37,0.5014941669389338
1285,03,FFA,er,38,0.5032605166255238
1286,03,FFA,er,39,0.5065269415252774
1287,03,PPA,er,1,0.17607440007365782
1288,03,PPA,er,2,0.28222393026940085
1289,03,PPA,er,3,0.3124134185121707
1290,03,PPA,er,4,0.34182869732552534
1291,03,PPA,er,5,0.3730259599355857
1292,03,PPA,er,6,0.3884414505993424
1293,03,PPA,er,7,0.40339251637445067
1294,03,PPA,er,8,0.41548884580711204
1295,03,PPA,er,9,0.4273478217456976
1296,03,PPA,er,10,0.4397438182596753
1297,03,PPA,er,11,0.4514737232981653
1298,03,PPA,er,12,0.4620551016719932
1299,03,PPA,er,13,0.4697891569292665
1300,03,PPA,er,14,0.47946183273027226
1301,03,PPA,er,15,0.48753856068903917
1302,03,PPA,er,16,0.4949912996363374
1303,03,PPA,er,17,0.5037492076430937
1304,03,PPA,er,18,0.5112697403611136
1305,03,PPA,er,19,0.5168209515536266
1306,03,PPA,er,20,0.5217526865534158
1307,03,PPA,er,21,0.5284471429283847
1308,03,PPA,er,22,0.5340073052717013
1309,03,PPA,er,23,0.5390399520260886
1310,03,PPA,er,24,0.5445540814038969
1311,03,PPA,er,25,0.5494520883098908
1312,03,PPA,er,26,0.5541608518778879
1313,03,PPA,er,27,0.5581140214241043
1314,03,PPA,er,28,0.5607293537508351
1315,03,PPA,er,29,0.5646036892556997
1316,03,PPA,er,30,0.5679785411613177
1317,03,PPA,er,31,0.5710521452977727
1318,03,PPA,er,32,0.5735597818484403
1319,03,PPA,er,33,0.5754619831242425
1320,03,PPA,er,34,0.577497120360984
1321,03,PPA,er,35,0.5811765629890289
1322,03,PPA,er,36,0.5836537527338247
1323,03,PPA,er,37,0.5857513051517126
1324,03,PPA,er,38,0.5880660403479746
1325,03,PPA,er,39,0.5897583074602233
1326,03,EBA,er,1,0.1618179603108779
1327,03,EBA,er,2,0.2363540173270767
1328,03,EBA,er,3,0.2609586303472485
1329,03,EBA,er,4,0.29306478828627436
1330,03,EBA,er,5,0.3114946110193352
1331,03,EBA,er,6,0.32833917216940384
1332,03,EBA,er,7,0.3472867427662642
1333,03,EBA,er,8,0.35603317096294074
1334,03,EBA,er,9,0.36854432125503206
1335,03,EBA,er,10,0.37833661827895976
1336,03,EBA,er,11,0.3864739628314216
1337,03,EBA,er,12,0.394585436751725
1338,03,EBA,er,13,0.40102895597097793
1339,03,EBA,er,14,0.40793622196622065
1340,03,EBA,er,15,0.41370015887774536
1341,03,EBA,er,16,0.4183662558754171
1342,03,EBA,er,17,0.4220728702779746
1343,03,EBA,er,18,0.426335311749388
1344,03,EBA,er,19,0.43340494669275104
1345,03,EBA,er,20,0.4382225964735372
1346,03,EBA,er,21,0.44336172751635455
1347,03,EBA,er,22,0.4501492941304714
1348,03,EBA,er,23,0.45367848282560397
1349,03,EBA,er,24,0.45706587855059033
1350,03,EBA,er,25,0.46158163392475426
1351,03,EBA,er,26,0.46508483778130216
1352,03,EBA,er,27,0.4686114325478874
1353,03,EBA,er,28,0.4721233180902966
1354,03,EBA,er,29,0.474285053793563
1355,03,EBA,er,30,0.476679669918671
1356,03,EBA,er,31,0.4803490455990773
1357,03,EBA,er,32,0.48272983689166166
1358,03,EBA,er,33,0.48583319560248883
1359,03,EBA,er,34,0.4886475199715116
1360,03,EBA,er,35,0.49176867153245096
1361,03,EBA,er,36,0.4946545111523291
1362,03,EBA,er,37,0.4965893205342726
1363,03,EBA,er,38,0.4991795123966547
1364,03,EBA,er,39,0.5017056268647212
1365,03,EVC,er,1,0.34508517980482784
1366,03,EVC,er,2,0.3902943928563511
1367,03,EVC,er,3,0.44421608644527016
1368,03,EVC,er,4,0.47177859034198305
1369,03,EVC,er,5,0.4869945311826958
1370,03,EVC,er,6,0.49596007112581847
1371,03,EVC,er,7,0.5078781633447527
1372,03,EVC,er,8,0.5172187127849756
1373,03,EVC,er,9,0.5261298983065332
1374,03,EVC,er,10,0.5317098626645501
1375,03,EVC,er,11,0.5358812500813217
1376,03,EVC,er,12,0.5434565105502381
1377,03,EVC,er,13,0.5489235022324896
1378,03,EVC,er,14,0.5549034438712862
1379,03,EVC,er,15,0.5601817795409956
1380,03,EVC,er,16,0.5646582598451161
1381,03,EVC,er,17,0.5679416774402116
1382,03,EVC,er,18,0.5702876648484313
1383,03,EVC,er,19,0.5736491579347311
1384,03,EVC,er,20,0.5762184841579995
1385,03,EVC,er,21,0.5786700328608387
1386,03,EVC,er,22,0.5804601878050607
1387,03,EVC,er,23,0.5825652456013636
1388,03,EVC,er,24,0.5857378784951032
1389,03,EVC,er,25,0.5871113322005653
1390,03,EVC,er,26,0.5886748910581941
1391,03,EVC,er,27,0.5905506590350055
1392,03,EVC,er,28,0.5921287017385848
1393,03,EVC,er,29,0.5933597186094658
1394,03,EVC,er,30,0.5945594194659498
1395,03,EVC,er,31,0.5952575896146544
1396,03,EVC,er,32,0.5961695546272741
1397,03,EVC,er,33,0.5972966728703132
1398,03,EVC,er,34,0.5981598475093319
1399,03,EVC,er,35,0.5992784448835378
1400,03,EVC,er,36,0.6004234852340232
1401,03,EVC,er,37,0.6018487372817377
1402,03,EVC,er,38,0.6028847086903794
1403,03,EVC,er,39,0.6034485456769358
1404,04,FFA,sus,1,0.32283836126115756
1405,04,FFA,sus,2,0.3514943386671634
1406,04,FFA,sus,3,0.3927698793287015
1407,04,FFA,sus,4,0.4042231054609158
1408,04,FFA,sus,5,0.4222835651507437
1409,04,FFA,sus,6,0.43442940606632274
1410,04,FFA,sus,7,0.4447242643947888
1411,04,FFA,sus,8,0.45331433074496186
1412,04,FFA,sus,9,0.46212957321020404
1413,04,FFA,sus,10,0.4697382098533282
1414,04,FFA,sus,11,0.475945195854741
1415,04,FFA,sus,12,0.4821397225304131
1416,04,FFA,sus,13,0.48762700379144713
1417,04,FFA,sus,14,0.4935150168857641
1418,04,FFA,sus,15,0.499392994839579
1419,04,FFA,sus,16,0.5040268602392444
1420,04,FFA,sus,17,0.5067725652493714
1421,04,FFA,sus,18,0.5129075843088988
1422,04,FFA,sus,19,0.5176706340513708
1423,04,FFA,sus,20,0.5212632998892104
1424,04,FFA,sus,21,0.5268883363553134
1425,04,FFA,sus,22,0.5297964136406949
1426,04,FFA,sus,23,0.5329785679770918
1427,04,FFA,sus,24,0.5352962149478327
1428,04,FFA,sus,25,0.5374681616039587
1429,04,FFA,sus,26,0.5400774602207589
1430,04,FFA,sus,27,0.5423564180235311
1431,04,FFA,sus,28,0.5442171099781827
1432,04,FFA,sus,29,0.546733164390811
1433,04,FFA,sus,30,0.549025754752128
1434,04,FFA,sus,31,0.5513330227489813
1435,04,FFA,sus,32,0.5541054609655368
1436,04,FFA,sus,33,0.557323664324186
1437,04,FFA,sus,34,0.5597238794589262
1438,04,FFA,sus,35,0.5632498231696185
1439,04,FFA,sus,36,0.566217446568453
1440,04,FFA,sus,37,0.5677709874924638
1441,04,FFA,sus,38,0.5699130226344636
1442,04,FFA,sus,39,0.5719379274159735
1443,04,PPA,sus,1,0.6751567398386854
1444,04,PPA,sus,2,0.7013382811372285
1445,04,PPA,sus,3,0.7115305449193133
1446,04,PPA,sus,4,0.7235521724156468
1447,04,PPA,sus,5,0.7323833258042942
1448,04,PPA,sus,6,0.738750815939139
1449,04,PPA,sus,7,0.7458043913818996
1450,04,PPA,sus,8,0.7498255286177598
1451,04,PPA,sus,9,0.7538326670383597
1452,04,PPA,sus,10,0.757056395508967
1453,04,PPA,sus,11,0.7616017923431002
1454,04,PPA,sus,12,0.7646629750189917
1455,04,PPA,sus,13,0.7671106702050464
1456,04,PPA,sus,14,0.7690031491330628
1457,04,PPA,sus,15,0.7708638306691938
1458,04,PPA,sus,16,0.7728174612897464
1459,04,PPA,sus,17,0.7749863217159403
1460,04,PPA,sus,18,0.7765978629208695
1461,04,PPA,sus,19,0.7785533024441292
1462,04,PPA,sus,20,0.7800719868677092
1463,04,PPA,sus,21,0.7816823302179411
1464,04,PPA,sus,22,0.7831567407460467
1465,04,PPA,sus,23,0.7840787529410328
1466,04,PPA,sus,24,0.7851783689457674
1467,04,PPA,sus,25,0.7860790867212447
1468,04,PPA,sus,26,0.7869352822365383
1469,04,PPA,sus,27,0.7878125417165641
1470,04,PPA,sus,28,0.7887508154183432
1471,04,PPA,sus,29,0.7895547841281839
1472,04,PPA,sus,30,0.7903643850951285
1473,04,PPA,sus,31,0.791432660718851
1474,04,PPA,sus,32,0.7924789754082404
1475,04,PPA,sus,33,0.7934186886098953
1476,04,PPA,sus,34,0.7943303119277069
1477,04,PPA,sus,35,0.7949861084237382
1478,04,PPA,sus,36,0.7957327639651056
1479,04,PPA,sus,37,0.7966058672280694
1480,04,PPA,sus,38,0.7973302323574831
1481,04,PPA,sus,39,0.7982370645251805
1482,04,EBA,sus,1,0.28803027872853176
1483,04,EBA,sus,2,0.3555395731962185
1484,04,EBA,sus,3,0.39288713056151453
1485,04,EBA,sus,4,0.43090683553887077
1486,04,EBA,sus,5,0.4436511346734924
1487,04,EBA,sus,6,0.4550946164085706
1488,04,EBA,sus,7,0.4750382478566712
1489,04,EBA,sus,8,0.48109071355990435
1490,04,EBA,sus,9,0.49201501075360365
1491,04,EBA,sus,10,0.500833480674241
1492,04,EBA,sus,11,0.5099403201233828
1493,04,EBA,sus,12,0.5166595921707352
1494,04,EBA,sus,13,0.5201066256912307
1495,04,EBA,sus,14,0.5233961558938144
1496,04,EBA,sus,15,0.5297199060814052
1497,04,EBA,sus,16,0.5336390135843084
1498,04,EBA,sus,17,0.5375136570178504
1499,04,EBA,sus,18,0.5408126709043773
1500,04,EBA,sus,19,0.5448896493944141
1501,04,EBA,sus,20,0.5479287404753324
1502,04,EBA,sus,21,0.5504375076198788
1503,04,EBA,sus,22,0.5532796142311999
1504,04,EBA,sus,23,0.555559590362129
1505,04,EBA,sus,24,0.5605906958443073
1506,04,EBA,sus,25,0.5641437704622253
1507,04,EBA,sus,26,0.566499088361215
1508,04,EBA,sus,27,0.5681430194821586
1509,04,EBA,sus,28,0.5699592502712653
1510,04,EBA,sus,29,0.5723008547822667
1511,04,EBA,sus,30,0.5743682923952497
1512,04,EBA,sus,31,0.5761259940066499
1513,04,EBA,sus,32,0.5788225046632668
1514,04,EBA,sus,33,0.580584223639676
1515,04,EBA,sus,34,0.5822259301849718
1516,04,EBA,sus,35,0.5841668341278693
1517,04,EBA,sus,36,0.5857162724776875
1518,04,EBA,sus,37,0.5869718275769219
1519,04,EBA,sus,38,0.5883296718170095
1520,04,EBA,sus,39,0.5898894463224065
1521,04,EVC,sus,1,0.6649986192026401
1522,04,EVC,sus,2,0.6970468766127799
1523,04,EVC,sus,3,0.7120897646832796
1524,04,EVC,sus,4,0.7209702638979053
1525,04,EVC,sus,5,0.7281159323446916
1526,04,EVC,sus,6,0.7336854725030286
1527,04,EVC,sus,7,0.7427518903349904
1528,04,EVC,sus,8,0.7490253084104328
1529,04,EVC,sus,9,0.7537654181315584
1530,04,EVC,sus,10,0.7600969896545947
1531,04,EVC,sus,11,0.7633409819200075
1532,04,EVC,sus,12,0.7681298846201
1533,04,EVC,sus,13,0.7716068616776318
1534,04,EVC,sus,14,0.7734434123668823
1535,04,EVC,sus,15,0.7752792363002801
1536,04,EVC,sus,16,0.7785505891173065
1537,04,EVC,sus,17,0.7801519372581645
1538,04,EVC,sus,18,0.7826073879533743
1539,04,EVC,sus,19,0.7845389365659852
1540,04,EVC,sus,20,0.7864391003356901
1541,04,EVC,sus,21,0.7878615440480953
1542,04,EVC,sus,22,0.7897115804108656
1543,04,EVC,sus,23,0.7908907336252121
1544,04,EVC,sus,24,0.7921437000662883
1545,04,EVC,sus,25,0.7932867812325991
1546,04,EVC,sus,26,0.7944728809734456
1547,04,EVC,sus,27,0.795695279667655
1548,04,EVC,sus,28,0.7965946587354251
1549,04,EVC,sus,29,0.7979333232862769
1550,04,EVC,sus,30,0.799279733400731
1551,04,EVC,sus,31,0.8001794703769386
1552,04,EVC,sus,32,0.8009182314652223
1553,04,EVC,sus,33,0.8016689069133326
1554,04,EVC,sus,34,0.8026156307266227
1555,04,EVC,sus,35,0.8031799308711753
1556,04,EVC,sus,36,0.804110800142482
1557,04,EVC,sus,37,0.8046793659155774
1558,04,EVC,sus,38,0.8051203571876036
1559,04,EVC,sus,39,0.8060373561148481
1560,04,FFA,miniblock,1,0.38215028302408155
1561,04,FFA,miniblock,2,0.41659786745045874
1562,04,FFA,miniblock,3,0.44951524129503034
1563,04,FFA,miniblock,4,0.4650044223475716
1564,04,FFA,miniblock,5,0.4821280235346254
1565,04,FFA,miniblock,6,0.49438185172258026
1566,04,FFA,miniblock,7,0.5053447579870679
1567,04,FFA,miniblock,8,0.5247314738716287
1568,04,FFA,miniblock,9,0.5334441631818736
1569,04,FFA,miniblock,10,0.541715984408453
1570,04,FFA,miniblock,11,0.5500739614220138
1571,04,FFA,miniblock,12,0.5560148095697834
1572,04,FFA,miniblock,13,0.5633384942855583
1573,04,FFA,miniblock,14,0.5686034875550072
1574,04,FFA,miniblock,15,0.5737825584637845
1575,04,FFA,miniblock,16,0.5782842576617163
1576,04,FFA,miniblock,17,0.5829669072456009
1577,04,FFA,miniblock,18,0.5863656784846332
1578,04,FFA,miniblock,19,0.5893474820476164
1579,04,FFA,miniblock,20,0.5940869010958943
1580,04,FFA,miniblock,21,0.5981129229524694
1581,04,FFA,miniblock,22,0.6029332727903557
1582,04,FFA,miniblock,23,0.6071922002049035
1583,04,FFA,miniblock,24,0.6098996517708182
1584,04,FFA,miniblock,25,0.6129101053817885
1585,04,FFA,miniblock,26,0.6166071379209188
1586,04,FFA,miniblock,27,0.6202718012360717
1587,04,FFA,miniblock,28,0.6227682340761483
1588,04,FFA,miniblock,29,0.6246936742543775
1589,04,FFA,miniblock,30,0.6265806270163724
1590,04,FFA,miniblock,31,0.6287005029481697
1591,04,FFA,miniblock,32,0.6306711508083532
1592,04,FFA,miniblock,33,0.6332030688359936
1593,04,FFA,miniblock,34,0.635278946481919
1594,04,FFA,miniblock,35,0.6373247608300033
1595,04,FFA,miniblock,36,0.639234980005332
1596,04,FFA,miniblock,37,0.6418552606014111
1597,04,FFA,miniblock,38,0.6436537488337366
1598,04,FFA,miniblock,39,0.6452987256154367
1599,04,PPA,miniblock,1,0.6204957152366141
1600,04,PPA,miniblock,2,0.6451588821330967
1601,04,PPA,miniblock,3,0.6627662523360254
1602,04,PPA,miniblock,4,0.6784008300243233
1603,04,PPA,miniblock,5,0.6929522073604232
1604,04,PPA,miniblock,6,0.7038450309294317
1605,04,PPA,miniblock,7,0.711853822608068
1606,04,PPA,miniblock,8,0.7188548930268936
1607,04,PPA,miniblock,9,0.7236016741528005
1608,04,PPA,miniblock,10,0.7284976903949513
1609,04,PPA,miniblock,11,0.7320742576947094
1610,04,PPA,miniblock,12,0.7348773646727652
1611,04,PPA,miniblock,13,0.7373534980923359
1612,04,PPA,miniblock,14,0.7405535801528652
1613,04,PPA,miniblock,15,0.7430681593334084
1614,04,PPA,miniblock,16,0.7451818449685073
1615,04,PPA,miniblock,17,0.74669532633288
1616,04,PPA,miniblock,18,0.7482934922262503
1617,04,PPA,miniblock,19,0.7505152039190562
1618,04,PPA,miniblock,20,0.7522136806191035
1619,04,PPA,miniblock,21,0.7534024871964619
1620,04,PPA,miniblock,22,0.7550569217103323
1621,04,PPA,miniblock,23,0.7566814098115607
1622,04,PPA,miniblock,24,0.7581378927332482
1623,04,PPA,miniblock,25,0.7596204436685611
1624,04,PPA,miniblock,26,0.7609547102579165
1625,04,PPA,miniblock,27,0.7619802310609906
1626,04,PPA,miniblock,28,0.7632198838460645
1627,04,PPA,miniblock,29,0.7640942528437158
1628,04,PPA,miniblock,30,0.765569293239242
1629,04,PPA,miniblock,31,0.7663560105586699
1630,04,PPA,miniblock,32,0.7671988079947981
1631,04,PPA,miniblock,33,0.7681171025389949
1632,04,PPA,miniblock,34,0.7688716580173915
1633,04,PPA,miniblock,35,0.7698945177557421
1634,04,PPA,miniblock,36,0.7706500781980242
1635,04,PPA,miniblock,37,0.7716235067703577
1636,04,PPA,miniblock,38,0.772688274956589
1637,04,PPA,miniblock,39,0.7731790130280736
1638,04,EBA,miniblock,1,0.3557928699857671
1639,04,EBA,miniblock,2,0.40704961492365355
1640,04,EBA,miniblock,3,0.4518040185793633
1641,04,EBA,miniblock,4,0.47248952067064387
1642,04,EBA,miniblock,5,0.5015836062078153
1643,04,EBA,miniblock,6,0.5230329689503345
1644,04,EBA,miniblock,7,0.5330947066025701
1645,04,EBA,miniblock,8,0.5412558728987982
1646,04,EBA,miniblock,9,0.5505427534680051
1647,04,EBA,miniblock,10,0.5587980590662306
1648,04,EBA,miniblock,11,0.5667115720132981
1649,04,EBA,miniblock,12,0.5738716378224628
1650,04,EBA,miniblock,13,0.5791017040015297
1651,04,EBA,miniblock,14,0.5847080257032663
1652,04,EBA,miniblock,15,0.5894540099962405
1653,04,EBA,miniblock,16,0.5933024192408735
1654,04,EBA,miniblock,17,0.5988900174528444
1655,04,EBA,miniblock,18,0.6019426261246751
1656,04,EBA,miniblock,19,0.6047725875572747
1657,04,EBA,miniblock,20,0.6075778623354289
1658,04,EBA,miniblock,21,0.6104847122728886
1659,04,EBA,miniblock,22,0.6134115649729851
1660,04,EBA,miniblock,23,0.6157673513416522
1661,04,EBA,miniblock,24,0.6187358519677327
1662,04,EBA,miniblock,25,0.6209677385754497
1663,04,EBA,miniblock,26,0.6232659395595342
1664,04,EBA,miniblock,27,0.6254460486234903
1665,04,EBA,miniblock,28,0.628062353962794
1666,04,EBA,miniblock,29,0.6297282658101598
1667,04,EBA,miniblock,30,0.6309834788487564
1668,04,EBA,miniblock,31,0.6325599621296542
1669,04,EBA,miniblock,32,0.6340920394086255
1670,04,EBA,miniblock,33,0.6353793038754133
1671,04,EBA,miniblock,34,0.6372214282959486
1672,04,EBA,miniblock,35,0.6385231809709335
1673,04,EBA,miniblock,36,0.6400262820770083
1674,04,EBA,miniblock,37,0.6414207716565673
1675,04,EBA,miniblock,38,0.6429736794202151
1676,04,EBA,miniblock,39,0.644374552731919
1677,04,EVC,miniblock,1,0.7061749480911086
1678,04,EVC,miniblock,2,0.7253545636571893
1679,04,EVC,miniblock,3,0.7373369275750864
1680,04,EVC,miniblock,4,0.7510563317120443
1681,04,EVC,miniblock,5,0.7568811900522315
1682,04,EVC,miniblock,6,0.7637312648772411
1683,04,EVC,miniblock,7,0.7701115836083531
1684,04,EVC,miniblock,8,0.7770590176467028
1685,04,EVC,miniblock,9,0.7811099550583425
1686,04,EVC,miniblock,10,0.7850236760728236
1687,04,EVC,miniblock,11,0.7888829978675042
1688,04,EVC,miniblock,12,0.7912786859884561
1689,04,EVC,miniblock,13,0.7941954360673505
1690,04,EVC,miniblock,14,0.7967611494731969
1691,04,EVC,miniblock,15,0.7985541642975432
1692,04,EVC,miniblock,16,0.8005837078824575
1693,04,EVC,miniblock,17,0.8028462402602491
1694,04,EVC,miniblock,18,0.8042658298957837
1695,04,EVC,miniblock,19,0.8061059078436165
1696,04,EVC,miniblock,20,0.8071287811132329
1697,04,EVC,miniblock,21,0.8087706713504405
1698,04,EVC,miniblock,22,0.8103080534862226
1699,04,EVC,miniblock,23,0.8122135313287081
1700,04,EVC,miniblock,24,0.8133322958504636
1701,04,EVC,miniblock,25,0.8144122448215555
1702,04,EVC,miniblock,26,0.8154830531801912
1703,04,EVC,miniblock,27,0.8164177547291657
1704,04,EVC,miniblock,28,0.8172114371861889
1705,04,EVC,miniblock,29,0.8186319916210777
1706,04,EVC,miniblock,30,0.8194053956906001
1707,04,EVC,miniblock,31,0.8206106461601003
1708,04,EVC,miniblock,32,0.8212847010202892
1709,04,EVC,miniblock,33,0.8220487960477728
1710,04,EVC,miniblock,34,0.8226069346764331
1711,04,EVC,miniblock,35,0.8232456717535003
1712,04,EVC,miniblock,36,0.8237995120298033
1713,04,EVC,miniblock,37,0.8241736950185968
1714,04,EVC,miniblock,38,0.8247147536797419
1715,04,EVC,miniblock,39,0.8252765672722949
1716,04,FFA,er,1,0.24465172184983067
1717,04,FFA,er,2,0.27535067766333726
1718,04,FFA,er,3,0.3086905438507879
1719,04,FFA,er,4,0.33241834445957885
1720,04,FFA,er,5,0.3575012499639713
1721,04,FFA,er,6,0.37943092898898084
1722,04,FFA,er,7,0.3935368435544033
1723,04,FFA,er,8,0.40844255639593946
1724,04,FFA,er,9,0.42105168116429276
1725,04,FFA,er,10,0.43446790700160065
1726,04,FFA,er,11,0.4489753174604865
1727,04,FFA,er,12,0.4588377967994191
1728,04,FFA,er,13,0.46639669348946283
1729,04,FFA,er,14,0.47512238453262556
1730,04,FFA,er,15,0.48330772419649026
1731,04,FFA,er,16,0.4907901518813098
1732,04,FFA,er,17,0.4998206273270073
1733,04,FFA,er,18,0.5084827267847508
1734,04,FFA,er,19,0.5163140121589741
1735,04,FFA,er,20,0.5232493155280115
1736,04,FFA,er,21,0.5305908349415861
1737,04,FFA,er,22,0.5347185247384724
1738,04,FFA,er,23,0.5394402860506751
1739,04,FFA,er,24,0.5447605273230693
1740,04,FFA,er,25,0.549049018217156
1741,04,FFA,er,26,0.5528754036452165
1742,04,FFA,er,27,0.5574415451465635
1743,04,FFA,er,28,0.5611501821500381
1744,04,FFA,er,29,0.5640696138655547
1745,04,FFA,er,30,0.5674732621388253
1746,04,FFA,er,31,0.5721662306977476
1747,04,FFA,er,32,0.5763592690352694
1748,04,FFA,er,33,0.5791775649272719
1749,04,FFA,er,34,0.5822536990730168
1750,04,FFA,er,35,0.5859520623272951
1751,04,FFA,er,36,0.5900297880100013
1752,04,FFA,er,37,0.592630051720115
1753,04,FFA,er,38,0.595352590771882
1754,04,FFA,er,39,0.5990117245530981
1755,04,PPA,er,1,0.31408426985142324
1756,04,PPA,er,2,0.34092819793713613
1757,04,PPA,er,3,0.3556236551213627
1758,04,PPA,er,4,0.36785759695558456
1759,04,PPA,er,5,0.37987178612572564
1760,04,PPA,er,6,0.39369589430341295
1761,04,PPA,er,7,0.4003570873099684
1762,04,PPA,er,8,0.41171236284508644
1763,04,PPA,er,9,0.41822536257148757
1764,04,PPA,er,10,0.42507671833190325
1765,04,PPA,er,11,0.4307578952183371
1766,04,PPA,er,12,0.4382641086764787
1767,04,PPA,er,13,0.4421379861383665
1768,04,PPA,er,14,0.44667700347333383
1769,04,PPA,er,15,0.45057171787264955
1770,04,PPA,er,16,0.4546972371534242
1771,04,PPA,er,17,0.45939111097253954
1772,04,PPA,er,18,0.4627420439873722
1773,04,PPA,er,19,0.46558715175640436
1774,04,PPA,er,20,0.4690104884373288
1775,04,PPA,er,21,0.47217889457516904
1776,04,PPA,er,22,0.47591196222871246
1777,04,PPA,er,23,0.478124417944313
1778,04,PPA,er,24,0.4812211885695774
1779,04,PPA,er,25,0.4834838509026868
1780,04,PPA,er,26,0.48572981154283745
1781,04,PPA,er,27,0.48830420219231546
1782,04,PPA,er,28,0.49113319518941995
1783,04,PPA,er,29,0.49352704012396215
1784,04,PPA,er,30,0.49532958297731255
1785,04,PPA,er,31,0.4972098700225745
1786,04,PPA,er,32,0.49928821185226807
1787,04,PPA,er,33,0.5010936671531709
1788,04,PPA,er,34,0.5034430234532477
1789,04,PPA,er,35,0.506262065807347
1790,04,PPA,er,36,0.5079226296263385
1791,04,PPA,er,37,0.5099640680788743
1792,04,PPA,er,38,0.5116818440709858
1793,04,PPA,er,39,0.5129438016769097
1794,04,EBA,er,1,0.19666600380221724
1795,04,EBA,er,2,0.2648110350780907
1796,04,EBA,er,3,0.3112517297298701
1797,04,EBA,er,4,0.3456355770384105
1798,04,EBA,er,5,0.3719113293006462
1799,04,EBA,er,6,0.385256952323787
1800,04,EBA,er,7,0.3997524922862188
1801,04,EBA,er,8,0.40854060411804677
1802,04,EBA,er,9,0.41786707522062594
1803,04,EBA,er,10,0.42552897429407405
1804,04,EBA,er,11,0.43527247668480573
1805,04,EBA,er,12,0.4416541644797061
1806,04,EBA,er,13,0.4486290454796891
1807,04,EBA,er,14,0.4552718011337568
1808,04,EBA,er,15,0.46070743945741494
1809,04,EBA,er,16,0.4670318584277638
1810,04,EBA,er,17,0.47261690375750215
1811,04,EBA,er,18,0.4794643424534783
1812,04,EBA,er,19,0.48330095049058475
1813,04,EBA,er,20,0.4862856490953325
1814,04,EBA,er,21,0.4904820613550642
1815,04,EBA,er,22,0.4932270185881647
1816,04,EBA,er,23,0.4973006514366069
1817,04,EBA,er,24,0.4999796318839822
1818,04,EBA,er,25,0.5031506884331322
1819,04,EBA,er,26,0.5071735042770061
1820,04,EBA,er,27,0.5095196443942757
1821,04,EBA,er,28,0.512154802672967
1822,04,EBA,er,29,0.5162110786487669
1823,04,EBA,er,30,0.518569342024216
1824,04,EBA,er,31,0.5207198903431159
1825,04,EBA,er,32,0.5224160667008023
1826,04,EBA,er,33,0.5248171331365492
1827,04,EBA,er,34,0.5270460832399418
1828,04,EBA,er,35,0.5290733199957846
1829,04,EBA,er,36,0.5317745720956766
1830,04,EBA,er,37,0.5343483734416989
1831,04,EBA,er,38,0.536263099935943
1832,04,EBA,er,39,0.5383799079599066
1833,04,EVC,er,1,0.2978072600577788
1834,04,EVC,er,2,0.37710102943138796
1835,04,EVC,er,3,0.40137283494383413
1836,04,EVC,er,4,0.41507185043226524
1837,04,EVC,er,5,0.43062625374251323
1838,04,EVC,er,6,0.4473891619413109
1839,04,EVC,er,7,0.4612838411169238
1840,04,EVC,er,8,0.47382825911374393
1841,04,EVC,er,9,0.4817775809488453
1842,04,EVC,er,10,0.49185081623646437
1843,04,EVC,er,11,0.5079877914467116
1844,04,EVC,er,12,0.5160002219510487
1845,04,EVC,er,13,0.5250078623253752
1846,04,EVC,er,14,0.5295686765613777
1847,04,EVC,er,15,0.5349946487771207
1848,04,EVC,er,16,0.5394792144978079
1849,04,EVC,er,17,0.5431646474809537
1850,04,EVC,er,18,0.5485094193608422
1851,04,EVC,er,19,0.5531744910535145
1852,04,EVC,er,20,0.5562527131237108
1853,04,EVC,er,21,0.5596450951957375
1854,04,EVC,er,22,0.5629855357863782
1855,04,EVC,er,23,0.5686709766190877
1856,04,EVC,er,24,0.571729324706724
1857,04,EVC,er,25,0.5738524435998695
1858,04,EVC,er,26,0.5775646566292348
1859,04,EVC,er,27,0.580362858168909
1860,04,EVC,er,28,0.5830280025883952
1861,04,EVC,er,29,0.5850275473253798
1862,04,EVC,er,30,0.5870412294313394
1863,04,EVC,er,31,0.5884705652338709
1864,04,EVC,er,32,0.5911893701153671
1865,04,EVC,er,33,0.5935134555302415
1866,04,EVC,er,34,0.5956002209596066
1867,04,EVC,er,35,0.59755141369696
1868,04,EVC,er,36,0.598823858155708
1869,04,EVC,er,37,0.5999101857658273
1870,04,EVC,er,38,0.6010241389675074
1871,04,EVC,er,39,0.6022698922129474
1872,05,FFA,sus,1,0.4668314712322295
1873,05,FFA,sus,2,0.4966550802011865
1874,05,FFA,sus,3,0.5271397004643674
1875,05,FFA,sus,4,0.551630146596433
1876,05,FFA,sus,5,0.5650130694560243
1877,05,FFA,sus,6,0.5789993301964237
1878,05,FFA,sus,7,0.5886453237002346
1879,05,FFA,sus,8,0.5952871401743461
1880,05,FFA,sus,9,0.6016589779900857
1881,05,FFA,sus,10,0.6065922310505444
1882,05,FFA,sus,11,0.6111585293602589
1883,05,FFA,sus,12,0.6155932715271246
1884,05,FFA,sus,13,0.6202243022295846
1885,05,FFA,sus,14,0.6244208276086383
1886,05,FFA,sus,15,0.6289495793888987
1887,05,FFA,sus,16,0.6319503613564766
1888,05,FFA,sus,17,0.6355714687325514
1889,05,FFA,sus,18,0.6393296444901477
1890,05,FFA,sus,19,0.6424187251261144
1891,05,FFA,sus,20,0.6457430449537377
1892,05,FFA,sus,21,0.6495722698955092
1893,05,FFA,sus,22,0.6518097536965477
1894,05,FFA,sus,23,0.653447178273987
1895,05,FFA,sus,24,0.6560721171094013
1896,05,FFA,sus,25,0.6574121144557513
1897,05,FFA,sus,26,0.659360479063185
1898,05,FFA,sus,27,0.6607773245958947
1899,05,FFA,sus,28,0.6627267921410036
1900,05,FFA,sus,29,0.6646472257147936
1901,05,FFA,sus,30,0.6661257299238165
1902,05,FFA,sus,31,0.6673570331144753
1903,05,FFA,sus,32,0.6688466399624245
1904,05,FFA,sus,33,0.6704848232049283
1905,05,FFA,sus,34,0.6721048080312032
1906,05,FFA,sus,35,0.6735751269189167
1907,05,FFA,sus,36,0.6750772311418475
1908,05,FFA,sus,37,0.6760707268559091
1909,05,FFA,sus,38,0.6773680573943771
1910,05,FFA,sus,39,0.6785252136997123
1911,05,PPA,sus,1,0.08596246085425625
1912,05,PPA,sus,2,0.18330374315366282
1913,05,PPA,sus,3,0.24064590106847863
1914,05,PPA,sus,4,0.2622926123484531
1915,05,PPA,sus,5,0.29419125858721057
1916,05,PPA,sus,6,0.3248973874324536
1917,05,PPA,sus,7,0.3462461716661565
1918,05,PPA,sus,8,0.3728622637843224
1919,05,PPA,sus,9,0.38789231642084526
1920,05,PPA,sus,10,0.4068675041004867
1921,05,PPA,sus,11,0.42343309421354264
1922,05,PPA,sus,12,0.4423431445568225
1923,05,PPA,sus,13,0.45991505936815624
1924,05,PPA,sus,14,0.47263925281449987
1925,05,PPA,sus,15,0.4875041334921459
1926,05,PPA,sus,16,0.49564119609342033
1927,05,PPA,sus,17,0.5034386724526733
1928,05,PPA,sus,18,0.5179362748095352
1929,05,PPA,sus,19,0.5239299197839818
1930,05,PPA,sus,20,0.5301288669184822
1931,05,PPA,sus,21,0.5354555567963601
1932,05,PPA,sus,22,0.5430943836106313
1933,05,PPA,sus,23,0.548200346072144
1934,05,PPA,sus,24,0.5545359746535735
1935,05,PPA,sus,25,0.5588159187698377
1936,05,PPA,sus,26,0.56324094223177
1937,05,PPA,sus,27,0.5678955747558022
1938,05,PPA,sus,28,0.5712780107919745
1939,05,PPA,sus,29,0.5744393502517772
1940,05,PPA,sus,30,0.5793285006564938
1941,05,PPA,sus,31,0.5824425780145281
1942,05,PPA,sus,32,0.5860524070473369
1943,05,PPA,sus,33,0.5898812565791866
1944,05,PPA,sus,34,0.5935384509989746
1945,05,PPA,sus,35,0.5963696360439066
1946,05,PPA,sus,36,0.5988289627314797
1947,05,PPA,sus,37,0.6011553838048401
1948,05,PPA,sus,38,0.6038320545462992
1949,05,PPA,sus,39,0.6065849148205577
1950,05,EBA,sus,1,0.37321670148616776
1951,05,EBA,sus,2,0.4390553215515391
1952,05,EBA,sus,3,0.46719775641410627
1953,05,EBA,sus,4,0.5008062053179283
1954,05,EBA,sus,5,0.5148610210602149
1955,05,EBA,sus,6,0.5281719367640357
1956,05,EBA,sus,7,0.5384802732772492
1957,05,EBA,sus,8,0.5472464890213208
1958,05,EBA,sus,9,0.5532426654119209
1959,05,EBA,sus,10,0.5607820057498797
1960,05,EBA,sus,11,0.567048514920883
1961,05,EBA,sus,12,0.5717526382160794
1962,05,EBA,sus,13,0.5786363997434337
1963,05,EBA,sus,14,0.5838629765772764
1964,05,EBA,sus,15,0.588121686357659
1965,05,EBA,sus,16,0.591563651373592
1966,05,EBA,sus,17,0.5946879125291324
1967,05,EBA,sus,18,0.5978848747401956
1968,05,EBA,sus,19,0.6010507105765542
1969,05,EBA,sus,20,0.6032643401560968
1970,05,EBA,sus,21,0.6070233807036655
1971,05,EBA,sus,22,0.6096861918997222
1972,05,EBA,sus,23,0.6121089635451237
1973,05,EBA,sus,24,0.6139469348529877
1974,05,EBA,sus,25,0.6163590409395234
1975,05,EBA,sus,26,0.617979811087102
1976,05,EBA,sus,27,0.6199913499475692
1977,05,EBA,sus,28,0.6228338188641032
1978,05,EBA,sus,29,0.6245938355685358
1979,05,EBA,sus,30,0.626230754251407
1980,05,EBA,sus,31,0.6285767712753937
1981,05,EBA,sus,32,0.630341250793214
1982,05,EBA,sus,33,0.6313263590129484
1983,05,EBA,sus,34,0.632760555219756
1984,05,EBA,sus,35,0.6342256229117554
1985,05,EBA,sus,36,0.6357576005134665
1986,05,EBA,sus,37,0.6368333376106708
1987,05,EBA,sus,38,0.638057443714468
1988,05,EBA,sus,39,0.6394201653394395
1989,05,EVC,sus,1,0.5330971693754131
1990,05,EVC,sus,2,0.5717069016080306
1991,05,EVC,sus,3,0.6204954916033124
1992,05,EVC,sus,4,0.6479043054877276
1993,05,EVC,sus,5,0.6649818790691181
1994,05,EVC,sus,6,0.6732470828007027
1995,05,EVC,sus,7,0.6826657658843199
1996,05,EVC,sus,8,0.6919794518844845
1997,05,EVC,sus,9,0.6986756678895839
1998,05,EVC,sus,10,0.7064440291937005
1999,05,EVC,sus,11,0.7115925218362551
2000,05,EVC,sus,12,0.718481428951566
2001,05,EVC,sus,13,0.7212741350038799
2002,05,EVC,sus,14,0.7235925009950804
2003,05,EVC,sus,15,0.7267263600980521
2004,05,EVC,sus,16,0.7292277044613495
2005,05,EVC,sus,17,0.731804802977039
2006,05,EVC,sus,18,0.7340778757434112
2007,05,EVC,sus,19,0.7361099438381187
2008,05,EVC,sus,20,0.7377294516056249
2009,05,EVC,sus,21,0.739481781770523
2010,05,EVC,sus,22,0.7405775007923389
2011,05,EVC,sus,23,0.7417966836478153
2012,05,EVC,sus,24,0.7430261227406353
2013,05,EVC,sus,25,0.7453373800225567
2014,05,EVC,sus,26,0.7464918658317058
2015,05,EVC,sus,27,0.7472833268454715
2016,05,EVC,sus,28,0.7482146043937986
2017,05,EVC,sus,29,0.7494336909200516
2018,05,EVC,sus,30,0.7503808172979868
2019,05,EVC,sus,31,0.7513532999519651
2020,05,EVC,sus,32,0.7521145705512075
2021,05,EVC,sus,33,0.7530039137017206
2022,05,EVC,sus,34,0.7545517145032785
2023,05,EVC,sus,35,0.7552365427145519
2024,05,EVC,sus,36,0.755821430447421
2025,05,EVC,sus,37,0.756474683322896
2026,05,EVC,sus,38,0.757195941212994
2027,05,EVC,sus,39,0.7579128464414748
2028,05,FFA,miniblock,1,0.6187560638954619
2029,05,FFA,miniblock,2,0.6450930960553917
2030,05,FFA,miniblock,3,0.6643686023549377
2031,05,FFA,miniblock,4,0.6793535972570082
2032,05,FFA,miniblock,5,0.6937081790692874
2033,05,FFA,miniblock,6,0.7012933158523517
2034,05,FFA,miniblock,7,0.7086876385544113
2035,05,FFA,miniblock,8,0.7171767588186623
2036,05,FFA,miniblock,9,0.7218230985196645
2037,05,FFA,miniblock,10,0.726250337963999
2038,05,FFA,miniblock,11,0.7294328343836525
2039,05,FFA,miniblock,12,0.731890617640281
2040,05,FFA,miniblock,13,0.7345605333026648
2041,05,FFA,miniblock,14,0.7365191898016562
2042,05,FFA,miniblock,15,0.7391057519022963
2043,05,FFA,miniblock,16,0.7418186196361852
2044,05,FFA,miniblock,17,0.7448224222922626
2045,05,FFA,miniblock,18,0.7467777023364932
2046,05,FFA,miniblock,19,0.7489378500701062
2047,05,FFA,miniblock,20,0.7507965237983129
2048,05,FFA,miniblock,21,0.7522715223323342
2049,05,FFA,miniblock,22,0.753653681606696
2050,05,FFA,miniblock,23,0.7554875381122476
2051,05,FFA,miniblock,24,0.7569914381354804
2052,05,FFA,miniblock,25,0.7596098547729945
2053,05,FFA,miniblock,26,0.7614946989192037
2054,05,FFA,miniblock,27,0.7630533502425542
2055,05,FFA,miniblock,28,0.7650111488026745
2056,05,FFA,miniblock,29,0.767323747187532
2057,05,FFA,miniblock,30,0.76866035950512
2058,05,FFA,miniblock,31,0.7696562256691779
2059,05,FFA,miniblock,32,0.7725854081176267
2060,05,FFA,miniblock,33,0.7736283846947933
2061,05,FFA,miniblock,34,0.7752108976454375
2062,05,FFA,miniblock,35,0.7760448345055916
2063,05,FFA,miniblock,36,0.776820203893165
2064,05,FFA,miniblock,37,0.7778369438190755
2065,05,FFA,miniblock,38,0.7789523903526595
2066,05,FFA,miniblock,39,0.7799939615088399
2067,05,PPA,miniblock,1,0.14965231812211446
2068,05,PPA,miniblock,2,0.2396437248712379
2069,05,PPA,miniblock,3,0.295953956145253
2070,05,PPA,miniblock,4,0.32622474178616484
2071,05,PPA,miniblock,5,0.34895128241118406
2072,05,PPA,miniblock,6,0.36992944632478436
2073,05,PPA,miniblock,7,0.38263165626239964
2074,05,PPA,miniblock,8,0.4015068281836882
2075,05,PPA,miniblock,9,0.41537935673976767
2076,05,PPA,miniblock,10,0.4335915892332342
2077,05,PPA,miniblock,11,0.4461138358630521
2078,05,PPA,miniblock,12,0.45901620147400557
2079,05,PPA,miniblock,13,0.4683533623904168
2080,05,PPA,miniblock,14,0.47952134331317237
2081,05,PPA,miniblock,15,0.49112159963746427
2082,05,PPA,miniblock,16,0.4985419493171291
2083,05,PPA,miniblock,17,0.5080583044883472
2084,05,PPA,miniblock,18,0.5150522729448572
2085,05,PPA,miniblock,19,0.5231594708012286
2086,05,PPA,miniblock,20,0.5301328351229347
2087,05,PPA,miniblock,21,0.5377814990264154
2088,05,PPA,miniblock,22,0.5435495815676181
2089,05,PPA,miniblock,23,0.5477406321676488
2090,05,PPA,miniblock,24,0.5517916935757774
2091,05,PPA,miniblock,25,0.5558282531486808
2092,05,PPA,miniblock,26,0.5589978327410071
2093,05,PPA,miniblock,27,0.5626468709068783
2094,05,PPA,miniblock,28,0.5651830578235276
2095,05,PPA,miniblock,29,0.5681775692128613
2096,05,PPA,miniblock,30,0.5706258171836756
2097,05,PPA,miniblock,31,0.5738993524605709
2098,05,PPA,miniblock,32,0.5771227668564574
2099,05,PPA,miniblock,33,0.5804233443385635
2100,05,PPA,miniblock,34,0.5822452589614141
2101,05,PPA,miniblock,35,0.5854155925109734
2102,05,PPA,miniblock,36,0.5873619802144305
2103,05,PPA,miniblock,37,0.5895409048404289
2104,05,PPA,miniblock,38,0.5917341223339346
2105,05,PPA,miniblock,39,0.5937508594690019
2106,05,EBA,miniblock,1,0.5058659469566017
2107,05,EBA,miniblock,2,0.5350350183362803
2108,05,EBA,miniblock,3,0.5646639074371355
2109,05,EBA,miniblock,4,0.5896157092226674
2110,05,EBA,miniblock,5,0.6016063759896902
2111,05,EBA,miniblock,6,0.6109430512248126
2112,05,EBA,miniblock,7,0.6216383218262348
2113,05,EBA,miniblock,8,0.6271666928511695
2114,05,EBA,miniblock,9,0.6373008799936585
2115,05,EBA,miniblock,10,0.6418599677984848
2116,05,EBA,miniblock,11,0.6456893722937914
2117,05,EBA,miniblock,12,0.6491983158737494
2118,05,EBA,miniblock,13,0.6538830789920055
2119,05,EBA,miniblock,14,0.6568757994848993
2120,05,EBA,miniblock,15,0.6601342884380922
2121,05,EBA,miniblock,16,0.6638755508754496
2122,05,EBA,miniblock,17,0.6668059001282739
2123,05,EBA,miniblock,18,0.6691373838485749
2124,05,EBA,miniblock,19,0.6708513980013345
2125,05,EBA,miniblock,20,0.6734757450890588
2126,05,EBA,miniblock,21,0.6756434692162668
2127,05,EBA,miniblock,22,0.6773897785169805
2128,05,EBA,miniblock,23,0.6788556319834068
2129,05,EBA,miniblock,24,0.6805554796539767
2130,05,EBA,miniblock,25,0.6824365339104896
2131,05,EBA,miniblock,26,0.6836552213362864
2132,05,EBA,miniblock,27,0.6849407432949621
2133,05,EBA,miniblock,28,0.6866185701960766
2134,05,EBA,miniblock,29,0.6883247872343863
2135,05,EBA,miniblock,30,0.6897356710349417
2136,05,EBA,miniblock,31,0.6908632659928547
2137,05,EBA,miniblock,32,0.6918129637006034
2138,05,EBA,miniblock,33,0.6930711171530186
2139,05,EBA,miniblock,34,0.6942705235066896
2140,05,EBA,miniblock,35,0.6954043271037019
2141,05,EBA,miniblock,36,0.6971490655808346
2142,05,EBA,miniblock,37,0.6986230093622057
2143,05,EBA,miniblock,38,0.6997517173168678
2144,05,EBA,miniblock,39,0.7009876668854926
2145,05,EVC,miniblock,1,0.6110752826207851
2146,05,EVC,miniblock,2,0.6292081433256745
2147,05,EVC,miniblock,3,0.6480260032180414
2148,05,EVC,miniblock,4,0.6633700472073192
2149,05,EVC,miniblock,5,0.6714897488065112
2150,05,EVC,miniblock,6,0.683140539268774
2151,05,EVC,miniblock,7,0.6902662129855418
2152,05,EVC,miniblock,8,0.6984332638748381
2153,05,EVC,miniblock,9,0.7041848623930339
2154,05,EVC,miniblock,10,0.7102676883568336
2155,05,EVC,miniblock,11,0.7152247050769853
2156,05,EVC,miniblock,12,0.7189483507812305
2157,05,EVC,miniblock,13,0.7221366346087942
2158,05,EVC,miniblock,14,0.7258323194031749
2159,05,EVC,miniblock,15,0.7287601411642753
2160,05,EVC,miniblock,16,0.7321412211427555
2161,05,EVC,miniblock,17,0.7345821210485118
2162,05,EVC,miniblock,18,0.7362209032567248
2163,05,EVC,miniblock,19,0.7380590237418637
2164,05,EVC,miniblock,20,0.7413729573011597
2165,05,EVC,miniblock,21,0.7432089284328699
2166,05,EVC,miniblock,22,0.7450040644045807
2167,05,EVC,miniblock,23,0.7465627760030019
2168,05,EVC,miniblock,24,0.7477781119425183
2169,05,EVC,miniblock,25,0.7494891526456816
2170,05,EVC,miniblock,26,0.751153891125585
2171,05,EVC,miniblock,27,0.7527489786025604
2172,05,EVC,miniblock,28,0.7537539737281508
2173,05,EVC,miniblock,29,0.7555969907160497
2174,05,EVC,miniblock,30,0.7570667472771868
2175,05,EVC,miniblock,31,0.7578998214670598
2176,05,EVC,miniblock,32,0.7590219071008834
2177,05,EVC,miniblock,33,0.7596686270754521
2178,05,EVC,miniblock,34,0.7607903432849712
2179,05,EVC,miniblock,35,0.7619899476685544
2180,05,EVC,miniblock,36,0.762945541038944
2181,05,EVC,miniblock,37,0.7637464112492612
2182,05,EVC,miniblock,38,0.7644880535573275
2183,05,EVC,miniblock,39,0.7652712406597247
2184,05,FFA,er,1,0.39161104555186516
2185,05,FFA,er,2,0.4380829011384096
2186,05,FFA,er,3,0.4799061280609749
2187,05,FFA,er,4,0.495245409843144
2188,05,FFA,er,5,0.5051574769378587
2189,05,FFA,er,6,0.5153675977809253
2190,05,FFA,er,7,0.5295841823461772
2191,05,FFA,er,8,0.5415215325705427
2192,05,FFA,er,9,0.5518729352327753
2193,05,FFA,er,10,0.5610805955213136
2194,05,FFA,er,11,0.5689057983987249
2195,05,FFA,er,12,0.5732806602551053
2196,05,FFA,er,13,0.5779736287240097
2197,05,FFA,er,14,0.5848181245621719
2198,05,FFA,er,15,0.5897195387169455
2199,05,FFA,er,16,0.5929747594051107
2200,05,FFA,er,17,0.5973953110658458
2201,05,FFA,er,18,0.6016334990768731
2202,05,FFA,er,19,0.6057516210996423
2203,05,FFA,er,20,0.6103185091502661
2204,05,FFA,er,21,0.6141274615190121
2205,05,FFA,er,22,0.6178557462880536
2206,05,FFA,er,23,0.6213673329900608
2207,05,FFA,er,24,0.6246386897580117
2208,05,FFA,er,25,0.6277688822048894
2209,05,FFA,er,26,0.6303285695731381
2210,05,FFA,er,27,0.6328952232072466
2211,05,FFA,er,28,0.6358124196323703
2212,05,FFA,er,29,0.6379897019166306
2213,05,FFA,er,30,0.6403705674295784
2214,05,FFA,er,31,0.6425376650199257
2215,05,FFA,er,32,0.6448227045732694
2216,05,FFA,er,33,0.6470755103697593
2217,05,FFA,er,34,0.649550816900197
2218,05,FFA,er,35,0.6526423504125876
2219,05,FFA,er,36,0.6546827093637594
2220,05,FFA,er,37,0.6563876997352035
2221,05,FFA,er,38,0.6586009839643658
2222,05,FFA,er,39,0.6608577098297184
2223,05,PPA,er,1,0.24709554156489252
2224,05,PPA,er,2,0.29936892507165686
2225,05,PPA,er,3,0.3311555115925869
2226,05,PPA,er,4,0.36245398314131466
2227,05,PPA,er,5,0.38242979716908015
2228,05,PPA,er,6,0.41318715220637586
2229,05,PPA,er,7,0.43424772400702877
2230,05,PPA,er,8,0.4534739481412909
2231,05,PPA,er,9,0.4708941398738247
2232,05,PPA,er,10,0.48797560749035723
2233,05,PPA,er,11,0.5080007284686693
2234,05,PPA,er,12,0.5204331324465937
2235,05,PPA,er,13,0.5336956989250136
2236,05,PPA,er,14,0.5493677568689843
2237,05,PPA,er,15,0.5633948386155575
2238,05,PPA,er,16,0.574713556640373
2239,05,PPA,er,17,0.5834377769984919
2240,05,PPA,er,18,0.6009164392371489
2241,05,PPA,er,19,0.6101998149866178
2242,05,PPA,er,20,0.6157204726629025
2243,05,PPA,er,21,0.6234389978027793
2244,05,PPA,er,22,0.6306765657735586
2245,05,PPA,er,23,0.6390693113387862
2246,05,PPA,er,24,0.6466694546911648
2247,05,PPA,er,25,0.6538302257552236
2248,05,PPA,er,26,0.6575977254042333
2249,05,PPA,er,27,0.6638126879296881
2250,05,PPA,er,28,0.669462343946468
2251,05,PPA,er,29,0.672969985591681
2252,05,PPA,er,30,0.6778014418984072
2253,05,PPA,er,31,0.6814315554446004
2254,05,PPA,er,32,0.6859731111479223
2255,05,PPA,er,33,0.6887617919654326
2256,05,PPA,er,34,0.6928772375321813
2257,05,PPA,er,35,0.6955501525365642
2258,05,PPA,er,36,0.6986430140156116
2259,05,PPA,er,37,0.7020201113159726
2260,05,PPA,er,38,0.7039635498945054
2261,05,PPA,er,39,0.7066143197968078
2262,05,EBA,er,1,0.2798285566733198
2263,05,EBA,er,2,0.3289065078379811
2264,05,EBA,er,3,0.36482405106971144
2265,05,EBA,er,4,0.3944697085651682
2266,05,EBA,er,5,0.4045702215038068
2267,05,EBA,er,6,0.41562534877925056
2268,05,EBA,er,7,0.42440365213118086
2269,05,EBA,er,8,0.43249714442973475
2270,05,EBA,er,9,0.4391463809280114
2271,05,EBA,er,10,0.4483961527470756
2272,05,EBA,er,11,0.45693918570237174
2273,05,EBA,er,12,0.4630528434480108
2274,05,EBA,er,13,0.468146996184659
2275,05,EBA,er,14,0.4726480135304539
2276,05,EBA,er,15,0.47756624703548667
2277,05,EBA,er,16,0.4818264369473832
2278,05,EBA,er,17,0.4858427357631272
2279,05,EBA,er,18,0.48999940231797084
2280,05,EBA,er,19,0.4938773101899647
2281,05,EBA,er,20,0.49880332775413144
2282,05,EBA,er,21,0.5021852437025349
2283,05,EBA,er,22,0.5060022618681138
2284,05,EBA,er,23,0.5099675603953217
2285,05,EBA,er,24,0.5131300525466431
2286,05,EBA,er,25,0.5159626928359357
2287,05,EBA,er,26,0.5190946816302663
2288,05,EBA,er,27,0.5221446174858962
2289,05,EBA,er,28,0.5251633631943603
2290,05,EBA,er,29,0.5271814327532349
2291,05,EBA,er,30,0.5294153033886929
2292,05,EBA,er,31,0.5318780834458113
2293,05,EBA,er,32,0.5348815518535358
2294,05,EBA,er,33,0.5368852272877879
2295,05,EBA,er,34,0.5387663608628214
2296,05,EBA,er,35,0.540138157893089
2297,05,EBA,er,36,0.5419665931005472
2298,05,EBA,er,37,0.5435184694415581
2299,05,EBA,er,38,0.5453167296838011
2300,05,EBA,er,39,0.5465583504867236
2301,05,EVC,er,1,0.31025950390434326
2302,05,EVC,er,2,0.3482007178470777
2303,05,EVC,er,3,0.3853862829368939
2304,05,EVC,er,4,0.4061203746745001
2305,05,EVC,er,5,0.4213772257651884
2306,05,EVC,er,6,0.4342312516591276
2307,05,EVC,er,7,0.45494773892885965
2308,05,EVC,er,8,0.46260609297737454
2309,05,EVC,er,9,0.4709853645079609
2310,05,EVC,er,10,0.47819157311472055
2311,05,EVC,er,11,0.48344854232054235
2312,05,EVC,er,12,0.4901166110589539
2313,05,EVC,er,13,0.4957456579364652
2314,05,EVC,er,14,0.5006662425650377
2315,05,EVC,er,15,0.5043754444548235
2316,05,EVC,er,16,0.5083564958745739
2317,05,EVC,er,17,0.5121365484355832
2318,05,EVC,er,18,0.5139544409207814
2319,05,EVC,er,19,0.516068857604961
2320,05,EVC,er,20,0.518346002549237
2321,05,EVC,er,21,0.5210341814509852
2322,05,EVC,er,22,0.5237353279885331
2323,05,EVC,er,23,0.5261630399479674
2324,05,EVC,er,24,0.5288924288345859
2325,05,EVC,er,25,0.5310295458175652
2326,05,EVC,er,26,0.5333082834667393
2327,05,EVC,er,27,0.5359757795348444
2328,05,EVC,er,28,0.5376868594721674
2329,05,EVC,er,29,0.5393935238297005
2330,05,EVC,er,30,0.5416473347429013
2331,05,EVC,er,31,0.5429909684206596
2332,05,EVC,er,32,0.5446712997586696
2333,05,EVC,er,33,0.5465269866495747
2334,05,EVC,er,34,0.5480334366197371
2335,05,EVC,er,35,0.5497825913550912
2336,05,EVC,er,36,0.5510472613072808
2337,05,EVC,er,37,0.5525278094376769
2338,05,EVC,er,38,0.5537329640461685
2339,05,EVC,er,39,0.5549504164126475
2340,06,FFA,sus,1,0.33149389339526336
2341,06,FFA,sus,2,0.36267297480741556
2342,06,FFA,sus,3,0.38932783297130574
2343,06,FFA,sus,4,0.42023771504200713
2344,06,FFA,sus,5,0.43856744833132427
2345,06,FFA,sus,6,0.45933097484533664
2346,06,FFA,sus,7,0.4758519536582309
2347,06,FFA,sus,8,0.49619428124057946
2348,06,FFA,sus,9,0.507872400424989
2349,06,FFA,sus,10,0.5184121489669987
2350,06,FFA,sus,11,0.5369071692070637
2351,06,FFA,sus,12,0.5476336574309207
2352,06,FFA,sus,13,0.5549571505308858
2353,06,FFA,sus,14,0.5650351372040007
2354,06,FFA,sus,15,0.5703152891488522
2355,06,FFA,sus,16,0.5778295422583501
2356,06,FFA,sus,17,0.5853259683224571
2357,06,FFA,sus,18,0.5899551198832529
2358,06,FFA,sus,19,0.5954890119261097
2359,06,FFA,sus,20,0.6006852379841014
2360,06,FFA,sus,21,0.604286060512483
2361,06,FFA,sus,22,0.6087898077041992
2362,06,FFA,sus,23,0.612466273109565
2363,06,FFA,sus,24,0.6162130145144128
2364,06,FFA,sus,25,0.6196024390062772
2365,06,FFA,sus,26,0.6232930862619789
2366,06,FFA,sus,27,0.6280800900544031
2367,06,FFA,sus,28,0.6306508794631122
2368,06,FFA,sus,29,0.6342627252425167
2369,06,FFA,sus,30,0.6373958832483768
2370,06,FFA,sus,31,0.6406737748352137
2371,06,FFA,sus,32,0.6444022780999502
2372,06,FFA,sus,33,0.6471570847721352
2373,06,FFA,sus,34,0.6497496006202483
2374,06,FFA,sus,35,0.6519437158525302
2375,06,FFA,sus,36,0.6556068723518723
2376,06,FFA,sus,37,0.6593345065554809
2377,06,FFA,sus,38,0.661395969701669
2378,06,FFA,sus,39,0.6640183073987502
2379,06,PPA,sus,1,0.2804835462703607
2380,06,PPA,sus,2,0.3151161735699094
2381,06,PPA,sus,3,0.34170253303402714
2382,06,PPA,sus,4,0.3544332810323083
2383,06,PPA,sus,5,0.3626777604209755
2384,06,PPA,sus,6,0.37700166844223143
2385,06,PPA,sus,7,0.3872018410393781
2386,06,PPA,sus,8,0.3953074018733959
2387,06,PPA,sus,9,0.4074550713295892
2388,06,PPA,sus,10,0.41518004134317343
2389,06,PPA,sus,11,0.42357601384711335
2390,06,PPA,sus,12,0.4289754391453328
2391,06,PPA,sus,13,0.43586545887110834
2392,06,PPA,sus,14,0.4410873952424357
2393,06,PPA,sus,15,0.4470655175414066
2394,06,PPA,sus,16,0.45307558786231933
2395,06,PPA,sus,17,0.4586836907256764
2396,06,PPA,sus,18,0.46445021444261564
2397,06,PPA,sus,19,0.4690186877561726
2398,06,PPA,sus,20,0.47318669142453107
2399,06,PPA,sus,21,0.47808063474627555
2400,06,PPA,sus,22,0.48335020312685795
2401,06,PPA,sus,23,0.48883471009773843
2402,06,PPA,sus,24,0.49249592594830793
2403,06,PPA,sus,25,0.49774446630153907
2404,06,PPA,sus,26,0.500964970156148
2405,06,PPA,sus,27,0.504214221273742
2406,06,PPA,sus,28,0.5086599241146157
2407,06,PPA,sus,29,0.5126068455247115
2408,06,PPA,sus,30,0.5151459427304595
2409,06,PPA,sus,31,0.517955962473347
2410,06,PPA,sus,32,0.5214622374121074
2411,06,PPA,sus,33,0.5241411265135044
2412,06,PPA,sus,34,0.525850494646123
2413,06,PPA,sus,35,0.5297465838226594
2414,06,PPA,sus,36,0.5315315023453295
2415,06,PPA,sus,37,0.533516983034732
2416,06,PPA,sus,38,0.5356151240976139
2417,06,PPA,sus,39,0.5384943867925582
2418,06,EBA,sus,1,0.3277045604870237
2419,06,EBA,sus,2,0.3648821228678451
2420,06,EBA,sus,3,0.40367342448563176
2421,06,EBA,sus,4,0.42480613590685606
2422,06,EBA,sus,5,0.44258692741923245
2423,06,EBA,sus,6,0.460337076602789
2424,06,EBA,sus,7,0.477304001165003
2425,06,EBA,sus,8,0.4850929780266748
2426,06,EBA,sus,9,0.4953546223974747
2427,06,EBA,sus,10,0.5026567015028852
2428,06,EBA,sus,11,0.5087057450562271
2429,06,EBA,sus,12,0.5140785591521517
2430,06,EBA,sus,13,0.5206720936559253
2431,06,EBA,sus,14,0.5257892825155792
2432,06,EBA,sus,15,0.5325064780656485
2433,06,EBA,sus,16,0.5384287140522974
2434,06,EBA,sus,17,0.5435076230823751
2435,06,EBA,sus,18,0.5469557226527991
2436,06,EBA,sus,19,0.5503643578186888
2437,06,EBA,sus,20,0.553690488537718
2438,06,EBA,sus,21,0.5587489397824881
2439,06,EBA,sus,22,0.5618664102835034
2440,06,EBA,sus,23,0.5651670919785324
2441,06,EBA,sus,24,0.5699640691702192
2442,06,EBA,sus,25,0.5733548245365898
2443,06,EBA,sus,26,0.5760708539549831
2444,06,EBA,sus,27,0.580261162211296
2445,06,EBA,sus,28,0.5823385040093971
2446,06,EBA,sus,29,0.5848010354708415
2447,06,EBA,sus,30,0.5875569438433837
2448,06,EBA,sus,31,0.5908244286279704
2449,06,EBA,sus,32,0.5935518803065739
2450,06,EBA,sus,33,0.5957553710724742
2451,06,EBA,sus,34,0.5972266326375767
2452,06,EBA,sus,35,0.599219765681529
2453,06,EBA,sus,36,0.600779049176187
2454,06,EBA,sus,37,0.6026231225982891
2455,06,EBA,sus,38,0.6042470150380067
2456,06,EBA,sus,39,0.6074329012921821
2457,06,EVC,sus,1,0.5970261551750822
2458,06,EVC,sus,2,0.6395594937944139
2459,06,EVC,sus,3,0.6528013110473141
2460,06,EVC,sus,4,0.6710465128133777
2461,06,EVC,sus,5,0.6916186905745393
2462,06,EVC,sus,6,0.7068187656234709
2463,06,EVC,sus,7,0.7130343487162558
2464,06,EVC,sus,8,0.7177103089440754
2465,06,EVC,sus,9,0.7228504880990553
2466,06,EVC,sus,10,0.7279886570530225
2467,06,EVC,sus,11,0.7315699292159078
2468,06,EVC,sus,12,0.7352363533601269
2469,06,EVC,sus,13,0.737549214884675
2470,06,EVC,sus,14,0.7398168946453859
2471,06,EVC,sus,15,0.7420001773912119
2472,06,EVC,sus,16,0.7449820511725487
2473,06,EVC,sus,17,0.7483296385566774
2474,06,EVC,sus,18,0.7505973687526851
2475,06,EVC,sus,19,0.7529687121159867
2476,06,EVC,sus,20,0.7550151210501315
2477,06,EVC,sus,21,0.7564843488012899
2478,06,EVC,sus,22,0.7586564454226713
2479,06,EVC,sus,23,0.7601650119834802
2480,06,EVC,sus,24,0.7613912778462405
2481,06,EVC,sus,25,0.7622506304571496
2482,06,EVC,sus,26,0.7633929901786137
2483,06,EVC,sus,27,0.7647614693718358
2484,06,EVC,sus,28,0.7658898489049103
2485,06,EVC,sus,29,0.7667377370560399
2486,06,EVC,sus,30,0.7676933294725187
2487,06,EVC,sus,31,0.7689911555027122
2488,06,EVC,sus,32,0.7700367852596174
2489,06,EVC,sus,33,0.7714368246096823
2490,06,EVC,sus,34,0.7723451232469151
2491,06,EVC,sus,35,0.7734728802422332
2492,06,EVC,sus,36,0.773994074091684
2493,06,EVC,sus,37,0.7745923214456258
2494,06,EVC,sus,38,0.7754161852849929
2495,06,EVC,sus,39,0.7760612175441702
2496,06,FFA,miniblock,1,0.34497038577707495
2497,06,FFA,miniblock,2,0.3825360281370549
2498,06,FFA,miniblock,3,0.4382055605157267
2499,06,FFA,miniblock,4,0.4653007441866464
2500,06,FFA,miniblock,5,0.49093733277700596
2501,06,FFA,miniblock,6,0.5179733828633332
2502,06,FFA,miniblock,7,0.543143149907152
2503,06,FFA,miniblock,8,0.5543705902219359
2504,06,FFA,miniblock,9,0.5681384763271323
2505,06,FFA,miniblock,10,0.5791337082249427
2506,06,FFA,miniblock,11,0.5862259973429198
2507,06,FFA,miniblock,12,0.5938413783509934
2508,06,FFA,miniblock,13,0.6080669525478203
2509,06,FFA,miniblock,14,0.6163424293352792
2510,06,FFA,miniblock,15,0.6219291288038927
2511,06,FFA,miniblock,16,0.6293669903547151
2512,06,FFA,miniblock,17,0.634266777491956
2513,06,FFA,miniblock,18,0.6413817252642448
2514,06,FFA,miniblock,19,0.6508355644686493
2515,06,FFA,miniblock,20,0.6558771743131002
2516,06,FFA,miniblock,21,0.6594885424182492
2517,06,FFA,miniblock,22,0.6639885461230077
2518,06,FFA,miniblock,23,0.6676483890197383
2519,06,FFA,miniblock,24,0.6721053886611094
2520,06,FFA,miniblock,25,0.6763124096691181
2521,06,FFA,miniblock,26,0.6807882043844803
2522,06,FFA,miniblock,27,0.684074984414071
2523,06,FFA,miniblock,28,0.6867981115077734
2524,06,FFA,miniblock,29,0.690489282209307
2525,06,FFA,miniblock,30,0.6931196114311374
2526,06,FFA,miniblock,31,0.697024825485241
2527,06,FFA,miniblock,32,0.6997011857860288
2528,06,FFA,miniblock,33,0.7018278742198049
2529,06,FFA,miniblock,34,0.7046160903542206
2530,06,FFA,miniblock,35,0.7072941813383715
2531,06,FFA,miniblock,36,0.7101390579804824
2532,06,FFA,miniblock,37,0.7123938841593397
2533,06,FFA,miniblock,38,0.7140854017725554
2534,06,FFA,miniblock,39,0.7164700955940532
2535,06,PPA,miniblock,1,0.16216717068007988
2536,06,PPA,miniblock,2,0.25478485742476314
2537,06,PPA,miniblock,3,0.2815078019574791
2538,06,PPA,miniblock,4,0.30897534923884556
2539,06,PPA,miniblock,5,0.3275320013727147
2540,06,PPA,miniblock,6,0.3538938234054137
2541,06,PPA,miniblock,7,0.3681534948252083
2542,06,PPA,miniblock,8,0.38255658307274637
2543,06,PPA,miniblock,9,0.3950984867830461
2544,06,PPA,miniblock,10,0.4082320754466846
2545,06,PPA,miniblock,11,0.4164650989566612
2546,06,PPA,miniblock,12,0.4277963872586203
2547,06,PPA,miniblock,13,0.4356807153813591
2548,06,PPA,miniblock,14,0.44369700561568065
2549,06,PPA,miniblock,15,0.4506496974778784
2550,06,PPA,miniblock,16,0.45792775144926057
2551,06,PPA,miniblock,17,0.46397804121921576
2552,06,PPA,miniblock,18,0.4686341799142615
2553,06,PPA,miniblock,19,0.47301929474135856
2554,06,PPA,miniblock,20,0.48070981305868293
2555,06,PPA,miniblock,21,0.4853490674540984
2556,06,PPA,miniblock,22,0.4899923013610235
2557,06,PPA,miniblock,23,0.49544063475407957
2558,06,PPA,miniblock,24,0.49971040835553265
2559,06,PPA,miniblock,25,0.5023197743162675
2560,06,PPA,miniblock,26,0.5055749870511835
2561,06,PPA,miniblock,27,0.5092914066279138
2562,06,PPA,miniblock,28,0.5128363731239461
2563,06,PPA,miniblock,29,0.5154762292242946
2564,06,PPA,miniblock,30,0.5181622677862358
2565,06,PPA,miniblock,31,0.521876279812061
2566,06,PPA,miniblock,32,0.5248408086795406
2567,06,PPA,miniblock,33,0.526556772323036
2568,06,PPA,miniblock,34,0.5291134245384387
2569,06,PPA,miniblock,35,0.5322897339081542
2570,06,PPA,miniblock,36,0.5345755549370155
2571,06,PPA,miniblock,37,0.537309777715425
2572,06,PPA,miniblock,38,0.5389658983305411
2573,06,PPA,miniblock,39,0.540496970920314
2574,06,EBA,miniblock,1,0.35168461821348124
2575,06,EBA,miniblock,2,0.3997066370482007
2576,06,EBA,miniblock,3,0.4313173490856454
2577,06,EBA,miniblock,4,0.45054249240286187
2578,06,EBA,miniblock,5,0.47897732163775286
2579,06,EBA,miniblock,6,0.49577268310161243
2580,06,EBA,miniblock,7,0.5179953872956687
2581,06,EBA,miniblock,8,0.5303625294096478
2582,06,EBA,miniblock,9,0.5433096970275145
2583,06,EBA,miniblock,10,0.5499852813210854
2584,06,EBA,miniblock,11,0.5588617744297307
2585,06,EBA,miniblock,12,0.5637742284182711
2586,06,EBA,miniblock,13,0.569865114760656
2587,06,EBA,miniblock,14,0.5739747619194919
2588,06,EBA,miniblock,15,0.5774284771086037
2589,06,EBA,miniblock,16,0.5798559973511387
2590,06,EBA,miniblock,17,0.5829585872722493
2591,06,EBA,miniblock,18,0.585935902345245
2592,06,EBA,miniblock,19,0.5887109221251258
2593,06,EBA,miniblock,20,0.5920088050659698
2594,06,EBA,miniblock,21,0.5957656716136658
2595,06,EBA,miniblock,22,0.5982512768197973
2596,06,EBA,miniblock,23,0.6009737181264839
2597,06,EBA,miniblock,24,0.6026879289550638
2598,06,EBA,miniblock,25,0.6044606969698462
2599,06,EBA,miniblock,26,0.6069536044751255
2600,06,EBA,miniblock,27,0.6088003880693079
2601,06,EBA,miniblock,28,0.6118433562548329
2602,06,EBA,miniblock,29,0.6135927888599796
2603,06,EBA,miniblock,30,0.6150847786926474
2604,06,EBA,miniblock,31,0.6168380373119732
2605,06,EBA,miniblock,32,0.618701562684433
2606,06,EBA,miniblock,33,0.6201277681496365
2607,06,EBA,miniblock,34,0.62160873913207
2608,06,EBA,miniblock,35,0.6233796557244474
2609,06,EBA,miniblock,36,0.6247165566747754
2610,06,EBA,miniblock,37,0.6261049891156152
2611,06,EBA,miniblock,38,0.6277799863079442
2612,06,EBA,miniblock,39,0.6291527314531161
2613,06,EVC,miniblock,1,0.4113843832019388
2614,06,EVC,miniblock,2,0.5500605953734131
2615,06,EVC,miniblock,3,0.6118277329440324
2616,06,EVC,miniblock,4,0.6752542472313762
2617,06,EVC,miniblock,5,0.6965268171691856
2618,06,EVC,miniblock,6,0.7075261532124818
2619,06,EVC,miniblock,7,0.7220942878493761
2620,06,EVC,miniblock,8,0.7306908466208238
2621,06,EVC,miniblock,9,0.7424911411227638
2622,06,EVC,miniblock,10,0.753498881853866
2623,06,EVC,miniblock,11,0.7582844796206795
2624,06,EVC,miniblock,12,0.7637890358251912
2625,06,EVC,miniblock,13,0.7681829314339071
2626,06,EVC,miniblock,14,0.7729389382670667
2627,06,EVC,miniblock,15,0.7763180520466131
2628,06,EVC,miniblock,16,0.7795346700568532
2629,06,EVC,miniblock,17,0.7823724758891544
2630,06,EVC,miniblock,18,0.7838759733881386
2631,06,EVC,miniblock,19,0.7869845626920039
2632,06,EVC,miniblock,20,0.7894127368879729
2633,06,EVC,miniblock,21,0.7913161169968346
2634,06,EVC,miniblock,22,0.7934762055436314
2635,06,EVC,miniblock,23,0.7953233362319562
2636,06,EVC,miniblock,24,0.7976431995250205
2637,06,EVC,miniblock,25,0.7991040529683574
2638,06,EVC,miniblock,26,0.8009853362925871
2639,06,EVC,miniblock,27,0.8024033964067699
2640,06,EVC,miniblock,28,0.8037993315180301
2641,06,EVC,miniblock,29,0.8055802758752567
2642,06,EVC,miniblock,30,0.8070818476493007
2643,06,EVC,miniblock,31,0.8079169520077166
2644,06,EVC,miniblock,32,0.8091437581186641
2645,06,EVC,miniblock,33,0.8105975341038238
2646,06,EVC,miniblock,34,0.8114447709215481
2647,06,EVC,miniblock,35,0.8125288947876647
2648,06,EVC,miniblock,36,0.813548127829442
2649,06,EVC,miniblock,37,0.8142710848216191
2650,06,EVC,miniblock,38,0.814997263916093
2651,06,EVC,miniblock,39,0.8154658763173867
2652,06,FFA,er,1,0.16494713134709096
2653,06,FFA,er,2,0.238174334207773
2654,06,FFA,er,3,0.2814206534944911
2655,06,FFA,er,4,0.31663649963058343
2656,06,FFA,er,5,0.3449380848215668
2657,06,FFA,er,6,0.3744115139319031
2658,06,FFA,er,7,0.3931930162075958
2659,06,FFA,er,8,0.41006423226067595
2660,06,FFA,er,9,0.4272790651880178
2661,06,FFA,er,10,0.4420002826067921
2662,06,FFA,er,11,0.4528668475444462
2663,06,FFA,er,12,0.4661488890226946
2664,06,FFA,er,13,0.476079769898709
2665,06,FFA,er,14,0.4870300179367657
2666,06,FFA,er,15,0.49991592194817186
2667,06,FFA,er,16,0.5079284977337163
2668,06,FFA,er,17,0.5168401590291368
2669,06,FFA,er,18,0.524039861045205
2670,06,FFA,er,19,0.5320213298980421
2671,06,FFA,er,20,0.541005168151356
2672,06,FFA,er,21,0.5499731237882858
2673,06,FFA,er,22,0.5579809551762792
2674,06,FFA,er,23,0.565572392926234
2675,06,FFA,er,24,0.5706627673019294
2676,06,FFA,er,25,0.5774410090425327
2677,06,FFA,er,26,0.5822516677719648
2678,06,FFA,er,27,0.5872212997555976
2679,06,FFA,er,28,0.5914948807101998
2680,06,FFA,er,29,0.5978242289836707
2681,06,FFA,er,30,0.6016601573827324
2682,06,FFA,er,31,0.6047390525162583
2683,06,FFA,er,32,0.6102278606949875
2684,06,FFA,er,33,0.613287704220447
2685,06,FFA,er,34,0.6166706151062071
2686,06,FFA,er,35,0.6195895704121361
2687,06,FFA,er,36,0.6248045762219597
2688,06,FFA,er,37,0.6269101372957544
2689,06,FFA,er,38,0.6300312281120681
2690,06,FFA,er,39,0.633277181276536
2691,06,PPA,er,1,0.06591811172105644
2692,06,PPA,er,2,0.1025013920166361
2693,06,PPA,er,3,0.1389036842674595
2694,06,PPA,er,4,0.1534958185605815
2695,06,PPA,er,5,0.16846011562293203
2696,06,PPA,er,6,0.18191723848864416
2697,06,PPA,er,7,0.1928278892711427
2698,06,PPA,er,8,0.20855862885988874
2699,06,PPA,er,9,0.21840840170914402
2700,06,PPA,er,10,0.22889987962960487
2701,06,PPA,er,11,0.24206440412722208
2702,06,PPA,er,12,0.2512342927487461
2703,06,PPA,er,13,0.25979768614764126
2704,06,PPA,er,14,0.2671700084800393
2705,06,PPA,er,15,0.27304592613168266
2706,06,PPA,er,16,0.2796565194668199
2707,06,PPA,er,17,0.28750005906910553
2708,06,PPA,er,18,0.29567897951291017
2709,06,PPA,er,19,0.3032727922169055
2710,06,PPA,er,20,0.3094662880780596
2711,06,PPA,er,21,0.31709459991359246
2712,06,PPA,er,22,0.3232085074121464
2713,06,PPA,er,23,0.3286525157067279
2714,06,PPA,er,24,0.3328649860387856
2715,06,PPA,er,25,0.3375999561567718
2716,06,PPA,er,26,0.34279512623468605
2717,06,PPA,er,27,0.34827178171295436
2718,06,PPA,er,28,0.3539452767469797
2719,06,PPA,er,29,0.36023875743262157
2720,06,PPA,er,30,0.36331673210593296
2721,06,PPA,er,31,0.36745793500321655
2722,06,PPA,er,32,0.373040966339653
2723,06,PPA,er,33,0.37673847182640224
2724,06,PPA,er,34,0.38009822295582474
2725,06,PPA,er,35,0.38348990184103676
2726,06,PPA,er,36,0.38721538650932225
2727,06,PPA,er,37,0.39064688720445523
2728,06,PPA,er,38,0.3940399253293972
2729,06,PPA,er,39,0.39691214510783884
2730,06,EBA,er,1,0.17003557199824895
2731,06,EBA,er,2,0.247252366739356
2732,06,EBA,er,3,0.2909647805371799
2733,06,EBA,er,4,0.3288508789414269
2734,06,EBA,er,5,0.3463623286175704
2735,06,EBA,er,6,0.35841616712311003
2736,06,EBA,er,7,0.3694008719275565
2737,06,EBA,er,8,0.37945079276289384
2738,06,EBA,er,9,0.3891055068350564
2739,06,EBA,er,10,0.3971862813373131
2740,06,EBA,er,11,0.4055262694419694
2741,06,EBA,er,12,0.41542727030121535
2742,06,EBA,er,13,0.4234745043034612
2743,06,EBA,er,14,0.43214199771695244
2744,06,EBA,er,15,0.43661655969885466
2745,06,EBA,er,16,0.4405286932140777
2746,06,EBA,er,17,0.449449024771509
2747,06,EBA,er,18,0.4559714675050503
2748,06,EBA,er,19,0.4614605240287917
2749,06,EBA,er,20,0.46466950756308134
2750,06,EBA,er,21,0.4682754591362737
2751,06,EBA,er,22,0.47366966874086297
2752,06,EBA,er,23,0.4775037330829635
2753,06,EBA,er,24,0.4814659638344634
2754,06,EBA,er,25,0.4845847334774436
2755,06,EBA,er,26,0.48732047279372437
2756,06,EBA,er,27,0.49103351496297726
2757,06,EBA,er,28,0.49349984130350055
2758,06,EBA,er,29,0.4969420306252538
2759,06,EBA,er,30,0.4995757133693847
2760,06,EBA,er,31,0.501926900303569
2761,06,EBA,er,32,0.5046212259936746
2762,06,EBA,er,33,0.5067461490635565
2763,06,EBA,er,34,0.5096630904762339
2764,06,EBA,er,35,0.512097714925973
2765,06,EBA,er,36,0.513648347852086
2766,06,EBA,er,37,0.5155874186435232
2767,06,EBA,er,38,0.517251037223411
2768,06,EBA,er,39,0.5190998396167003
2769,06,EVC,er,1,0.19599543406198072
2770,06,EVC,er,2,0.39570036657471047
2771,06,EVC,er,3,0.4238746536676752
2772,06,EVC,er,4,0.44862132856731707
2773,06,EVC,er,5,0.4761249768558855
2774,06,EVC,er,6,0.48870712366293767
2775,06,EVC,er,7,0.49971907801706505
2776,06,EVC,er,8,0.5110953997091366
2777,06,EVC,er,9,0.5225064652223832
2778,06,EVC,er,10,0.5365229811322694
2779,06,EVC,er,11,0.5518204068425554
2780,06,EVC,er,12,0.5607626430711036
2781,06,EVC,er,13,0.5720309638638855
2782,06,EVC,er,14,0.5778971949272078
2783,06,EVC,er,15,0.5831771517864556
2784,06,EVC,er,16,0.587848657030399
2785,06,EVC,er,17,0.5925887290823079
2786,06,EVC,er,18,0.598247529512571
2787,06,EVC,er,19,0.6012290383051584
2788,06,EVC,er,20,0.6062882129991903
2789,06,EVC,er,21,0.6098373035130914
2790,06,EVC,er,22,0.6137167149809342
2791,06,EVC,er,23,0.616888306299099
2792,06,EVC,er,24,0.6197915830974633
2793,06,EVC,er,25,0.6215939832346524
2794,06,EVC,er,26,0.6231930492184374
2795,06,EVC,er,27,0.625879770436535
2796,06,EVC,er,28,0.6284571249664549
2797,06,EVC,er,29,0.6303292403595607
2798,06,EVC,er,30,0.6321264789747402
2799,06,EVC,er,31,0.6335930530264546
2800,06,EVC,er,32,0.6354174492633898
2801,06,EVC,er,33,0.6372512699251343
2802,06,EVC,er,34,0.6393133999129851
2803,06,EVC,er,35,0.6414019628983748
2804,06,EVC,er,36,0.6431339295504496
2805,06,EVC,er,37,0.6440195417799229
2806,06,EVC,er,38,0.6450251271568777
2807,06,EVC,er,39,0.6462744761293832
2808,07,FFA,sus,1,0.2856787039196818
2809,07,FFA,sus,2,0.33615046709908203
2810,07,FFA,sus,3,0.3742881208472258
2811,07,FFA,sus,4,0.41075318727137416
2812,07,FFA,sus,5,0.4550399298299867
2813,07,FFA,sus,6,0.46845010255865
2814,07,FFA,sus,7,0.483046039246301
2815,07,FFA,sus,8,0.49743867370024475
2816,07,FFA,sus,9,0.5088953709034335
2817,07,FFA,sus,10,0.5233258508734824
2818,07,FFA,sus,11,0.5329924644063095
2819,07,FFA,sus,12,0.5438462743224673
2820,07,FFA,sus,13,0.5490051844663816
2821,07,FFA,sus,14,0.5554862238353845
2822,07,FFA,sus,15,0.5605781747833024
2823,07,FFA,sus,16,0.56747278105988
2824,07,FFA,sus,17,0.5740066842816068
2825,07,FFA,sus,18,0.5792295248375351
2826,07,FFA,sus,19,0.5835192050442491
2827,07,FFA,sus,20,0.5881043824374523
2828,07,FFA,sus,21,0.5924757434678395
2829,07,FFA,sus,22,0.5959823329492902
2830,07,FFA,sus,23,0.6000436153404387
2831,07,FFA,sus,24,0.6029582740577611
2832,07,FFA,sus,25,0.6066605635947971
2833,07,FFA,sus,26,0.6103611650698589
2834,07,FFA,sus,27,0.6133213900506834
2835,07,FFA,sus,28,0.6167111727384714
2836,07,FFA,sus,29,0.6196122949501418
2837,07,FFA,sus,30,0.622663432106525
2838,07,FFA,sus,31,0.6252324214407218
2839,07,FFA,sus,32,0.6269278086662721
2840,07,FFA,sus,33,0.6293154969648475
2841,07,FFA,sus,34,0.6314352952794117
2842,07,FFA,sus,35,0.6333163946774717
2843,07,FFA,sus,36,0.6350752088708843
2844,07,FFA,sus,37,0.6371664263651072
2845,07,FFA,sus,38,0.6396128097056991
2846,07,FFA,sus,39,0.6409767092887411
2847,07,PPA,sus,1,0.26732049149479925
2848,07,PPA,sus,2,0.2961735968166776
2849,07,PPA,sus,3,0.3208473856853622
2850,07,PPA,sus,4,0.3372528553365557
2851,07,PPA,sus,5,0.35681969067651104
2852,07,PPA,sus,6,0.3820877596148806
2853,07,PPA,sus,7,0.3967793926922063
2854,07,PPA,sus,8,0.4136587305886838
2855,07,PPA,sus,9,0.4287673263691356
2856,07,PPA,sus,10,0.4406925703609863
2857,07,PPA,sus,11,0.45593224307248237
2858,07,PPA,sus,12,0.46981428112002394
2859,07,PPA,sus,13,0.4840719183389058
2860,07,PPA,sus,14,0.4924827886053936
2861,07,PPA,sus,15,0.5033141645975042
2862,07,PPA,sus,16,0.5109431687281014
2863,07,PPA,sus,17,0.5200305308235116
2864,07,PPA,sus,18,0.5278810886322756
2865,07,PPA,sus,19,0.5342783284772991
2866,07,PPA,sus,20,0.5408463860230982
2867,07,PPA,sus,21,0.5472621281901299
2868,07,PPA,sus,22,0.552954506374379
2869,07,PPA,sus,23,0.5579969183774725
2870,07,PPA,sus,24,0.563094730887313
2871,07,PPA,sus,25,0.568253022861701
2872,07,PPA,sus,26,0.5736308757617302
2873,07,PPA,sus,27,0.5785452593914452
2874,07,PPA,sus,28,0.5821264527634947
2875,07,PPA,sus,29,0.5865778688420907
2876,07,PPA,sus,30,0.5903007922033349
2877,07,PPA,sus,31,0.5946336229796351
2878,07,PPA,sus,32,0.5993982574274437
2879,07,PPA,sus,33,0.6022468729626996
2880,07,PPA,sus,34,0.6052435335043022
2881,07,PPA,sus,35,0.6079738095879342
2882,07,PPA,sus,36,0.6103860135907042
2883,07,PPA,sus,37,0.6133529473997444
2884,07,PPA,sus,38,0.6161123165388391
2885,07,PPA,sus,39,0.619138025942307
2886,07,EBA,sus,1,0.29449681724128857
2887,07,EBA,sus,2,0.3738506841381731
2888,07,EBA,sus,3,0.409321182099218
2889,07,EBA,sus,4,0.4313041867735161
2890,07,EBA,sus,5,0.4552448249084548
2891,07,EBA,sus,6,0.4776237963762104
2892,07,EBA,sus,7,0.4899420783880088
2893,07,EBA,sus,8,0.5036177487431688
2894,07,EBA,sus,9,0.5216059554287599
2895,07,EBA,sus,10,0.5312692966999361
2896,07,EBA,sus,11,0.5390841811799666
2897,07,EBA,sus,12,0.5453481957640353
2898,07,EBA,sus,13,0.5512526537643413
2899,07,EBA,sus,14,0.5570311701028241
2900,07,EBA,sus,15,0.5612359228069836
2901,07,EBA,sus,16,0.565220114578605
2902,07,EBA,sus,17,0.5691091719727449
2903,07,EBA,sus,18,0.5729873525493329
2904,07,EBA,sus,19,0.5772198813168413
2905,07,EBA,sus,20,0.5811960746509081
2906,07,EBA,sus,21,0.5845005643292742
2907,07,EBA,sus,22,0.5870663311834888
2908,07,EBA,sus,23,0.5910718617746279
2909,07,EBA,sus,24,0.5935170686790899
2910,07,EBA,sus,25,0.5956153461719176
2911,07,EBA,sus,26,0.5987567351896702
2912,07,EBA,sus,27,0.6003433171379504
2913,07,EBA,sus,28,0.6028417677605064
2914,07,EBA,sus,29,0.6041985778045564
2915,07,EBA,sus,30,0.6064223066980582
2916,07,EBA,sus,31,0.60802734996404
2917,07,EBA,sus,32,0.6099565923425724
2918,07,EBA,sus,33,0.6117455654461311
2919,07,EBA,sus,34,0.6138568688967551
2920,07,EBA,sus,35,0.6155824929239678
2921,07,EBA,sus,36,0.6169781913319522
2922,07,EBA,sus,37,0.6189809057237726
2923,07,EBA,sus,38,0.6209344861614084
2924,07,EBA,sus,39,0.6223453550067797
2925,07,EVC,sus,1,0.67134394901796
2926,07,EVC,sus,2,0.734293722032389
2927,07,EVC,sus,3,0.7491893112654983
2928,07,EVC,sus,4,0.7612356296069058
2929,07,EVC,sus,5,0.7673978786394494
2930,07,EVC,sus,6,0.7744139873132139
2931,07,EVC,sus,7,0.7793315647405604
2932,07,EVC,sus,8,0.784255831211529
2933,07,EVC,sus,9,0.7882641685333693
2934,07,EVC,sus,10,0.7912657898017391
2935,07,EVC,sus,11,0.7959854108218667
2936,07,EVC,sus,12,0.7986600379957953
2937,07,EVC,sus,13,0.8019879525378037
2938,07,EVC,sus,14,0.8043821817304068
2939,07,EVC,sus,15,0.8066202167978697
2940,07,EVC,sus,16,0.8091910077861698
2941,07,EVC,sus,17,0.8111600804361753
2942,07,EVC,sus,18,0.8127120767917294
2943,07,EVC,sus,19,0.814982628003455
2944,07,EVC,sus,20,0.8166544245691364
2945,07,EVC,sus,21,0.818439992315633
2946,07,EVC,sus,22,0.8195284160027404
2947,07,EVC,sus,23,0.8209534878808592
2948,07,EVC,sus,24,0.822218782257166
2949,07,EVC,sus,25,0.8233359384804046
2950,07,EVC,sus,26,0.8244654456136158
2951,07,EVC,sus,27,0.8260302187085363
2952,07,EVC,sus,28,0.826942385317019
2953,07,EVC,sus,29,0.8276559611727139
2954,07,EVC,sus,30,0.8285948396715842
2955,07,EVC,sus,31,0.8292986417164797
2956,07,EVC,sus,32,0.8301952517723542
2957,07,EVC,sus,33,0.8308050800461774
2958,07,EVC,sus,34,0.8317612461117193
2959,07,EVC,sus,35,0.8327392142071465
2960,07,EVC,sus,36,0.833538403080261
2961,07,EVC,sus,37,0.8339719827259519
2962,07,EVC,sus,38,0.8344509833346535
2963,07,EVC,sus,39,0.8349601468333177
2964,07,FFA,miniblock,1,0.3546309989979306
2965,07,FFA,miniblock,2,0.39579733956444163
2966,07,FFA,miniblock,3,0.45075327577453544
2967,07,FFA,miniblock,4,0.4895585392679684
2968,07,FFA,miniblock,5,0.5065706565210625
2969,07,FFA,miniblock,6,0.525449392920008
2970,07,FFA,miniblock,7,0.5512101695139774
2971,07,FFA,miniblock,8,0.56403714110162
2972,07,FFA,miniblock,9,0.5792476485448651
2973,07,FFA,miniblock,10,0.5876332648680874
2974,07,FFA,miniblock,11,0.5958601206361069
2975,07,FFA,miniblock,12,0.6027562491835595
2976,07,FFA,miniblock,13,0.6089767930102804
2977,07,FFA,miniblock,14,0.6149378285063629
2978,07,FFA,miniblock,15,0.6205634357125627
2979,07,FFA,miniblock,16,0.6257227743645606
2980,07,FFA,miniblock,17,0.6299877173962402
2981,07,FFA,miniblock,18,0.6353299690262669
2982,07,FFA,miniblock,19,0.6393460677417656
2983,07,FFA,miniblock,20,0.6439245197941343
2984,07,FFA,miniblock,21,0.6479744811339888
2985,07,FFA,miniblock,22,0.6530230115254123
2986,07,FFA,miniblock,23,0.6559823861712893
2987,07,FFA,miniblock,24,0.6592136830511781
2988,07,FFA,miniblock,25,0.6625520284790447
2989,07,FFA,miniblock,26,0.665130633932543
2990,07,FFA,miniblock,27,0.6678228754707449
2991,07,FFA,miniblock,28,0.6714575666527729
2992,07,FFA,miniblock,29,0.6741528759696109
2993,07,FFA,miniblock,30,0.6775887587602633
2994,07,FFA,miniblock,31,0.6806565141072437
2995,07,FFA,miniblock,32,0.6829083882296393
2996,07,FFA,miniblock,33,0.6849033354601506
2997,07,FFA,miniblock,34,0.6868913395470199
2998,07,FFA,miniblock,35,0.6894210743982745
2999,07,FFA,miniblock,36,0.6912237088024854
3000,07,FFA,miniblock,37,0.693259862279045
3001,07,FFA,miniblock,38,0.6954960843395872
3002,07,FFA,miniblock,39,0.6973957238147254
3003,07,PPA,miniblock,1,0.2870530017822656
3004,07,PPA,miniblock,2,0.3146738393137197
3005,07,PPA,miniblock,3,0.34852158242266046
3006,07,PPA,miniblock,4,0.37382143056488365
3007,07,PPA,miniblock,5,0.3963131280790049
3008,07,PPA,miniblock,6,0.425066075407376
3009,07,PPA,miniblock,7,0.43878236848935837
3010,07,PPA,miniblock,8,0.45233231172524885
3011,07,PPA,miniblock,9,0.4691371968915619
3012,07,PPA,miniblock,10,0.4841768719133792
3013,07,PPA,miniblock,11,0.4918254168630373
3014,07,PPA,miniblock,12,0.5015163137462741
3015,07,PPA,miniblock,13,0.5114654633714237
3016,07,PPA,miniblock,14,0.5205414875913651
3017,07,PPA,miniblock,15,0.5277480727359481
3018,07,PPA,miniblock,16,0.5331783334503907
3019,07,PPA,miniblock,17,0.5396559020908348
3020,07,PPA,miniblock,18,0.5463155829013068
3021,07,PPA,miniblock,19,0.5525046069424207
3022,07,PPA,miniblock,20,0.5600117536581741
3023,07,PPA,miniblock,21,0.5653509098990949
3024,07,PPA,miniblock,22,0.5701969675469633
3025,07,PPA,miniblock,23,0.5758590516066993
3026,07,PPA,miniblock,24,0.5818411303002088
3027,07,PPA,miniblock,25,0.5866512217133298
3028,07,PPA,miniblock,26,0.5916085956922373
3029,07,PPA,miniblock,27,0.5955132597665246
3030,07,PPA,miniblock,28,0.6006788018948294
3031,07,PPA,miniblock,29,0.6048783829856517
3032,07,PPA,miniblock,30,0.6085823594555647
3033,07,PPA,miniblock,31,0.6112944110403576
3034,07,PPA,miniblock,32,0.6152012137885885
3035,07,PPA,miniblock,33,0.6186988716044582
3036,07,PPA,miniblock,34,0.6227891893160774
3037,07,PPA,miniblock,35,0.626273540401015
3038,07,PPA,miniblock,36,0.629828481699601
3039,07,PPA,miniblock,37,0.6325307936283885
3040,07,PPA,miniblock,38,0.6361160758677075
3041,07,PPA,miniblock,39,0.6383539041022618
3042,07,EBA,miniblock,1,0.38491848259209394
3043,07,EBA,miniblock,2,0.45965830142715397
3044,07,EBA,miniblock,3,0.4891536540480102
3045,07,EBA,miniblock,4,0.5098451648167743
3046,07,EBA,miniblock,5,0.526913769858553
3047,07,EBA,miniblock,6,0.5373665055445703
3048,07,EBA,miniblock,7,0.5496884041966092
3049,07,EBA,miniblock,8,0.5576444742887768
3050,07,EBA,miniblock,9,0.5670474280135338
3051,07,EBA,miniblock,10,0.5757616386520844
3052,07,EBA,miniblock,11,0.5839400591798306
3053,07,EBA,miniblock,12,0.5900978852555016
3054,07,EBA,miniblock,13,0.5951284904374656
3055,07,EBA,miniblock,14,0.600936994457603
3056,07,EBA,miniblock,15,0.6061669108777488
3057,07,EBA,miniblock,16,0.6101894301990911
3058,07,EBA,miniblock,17,0.6132750699041788
3059,07,EBA,miniblock,18,0.6167428810662808
3060,07,EBA,miniblock,19,0.6203497305372859
3061,07,EBA,miniblock,20,0.6239827239122492
3062,07,EBA,miniblock,21,0.6265339445537128
3063,07,EBA,miniblock,22,0.6304008999750786
3064,07,EBA,miniblock,23,0.6329838538265479
3065,07,EBA,miniblock,24,0.6349976619384642
3066,07,EBA,miniblock,25,0.6368834287883022
3067,07,EBA,miniblock,26,0.639469275865533
3068,07,EBA,miniblock,27,0.6413723740401571
3069,07,EBA,miniblock,28,0.6431340544056511
3070,07,EBA,miniblock,29,0.6446200886499298
3071,07,EBA,miniblock,30,0.6470413132515825
3072,07,EBA,miniblock,31,0.6485389497779875
3073,07,EBA,miniblock,32,0.6504067610024403
3074,07,EBA,miniblock,33,0.6528576816914213
3075,07,EBA,miniblock,34,0.6542368055161899
3076,07,EBA,miniblock,35,0.6565488578792847
3077,07,EBA,miniblock,36,0.6579089005473553
3078,07,EBA,miniblock,37,0.6595965654767003
3079,07,EBA,miniblock,38,0.6611432116818095
3080,07,EBA,miniblock,39,0.6621816338544337
3081,07,EVC,miniblock,1,0.656577150377248
3082,07,EVC,miniblock,2,0.7130083523747622
3083,07,EVC,miniblock,3,0.7418030786433855
3084,07,EVC,miniblock,4,0.7553597169273335
3085,07,EVC,miniblock,5,0.7620228741185439
3086,07,EVC,miniblock,6,0.7670324611786857
3087,07,EVC,miniblock,7,0.7723845602305079
3088,07,EVC,miniblock,8,0.7779656414172996
3089,07,EVC,miniblock,9,0.782781824277975
3090,07,EVC,miniblock,10,0.7867056323534812
3091,07,EVC,miniblock,11,0.790885282674049
3092,07,EVC,miniblock,12,0.7944827131629767
3093,07,EVC,miniblock,13,0.7968257545854122
3094,07,EVC,miniblock,14,0.798936400047578
3095,07,EVC,miniblock,15,0.8011099590110854
3096,07,EVC,miniblock,16,0.804053241946782
3097,07,EVC,miniblock,17,0.8061168198921651
3098,07,EVC,miniblock,18,0.8082710374961127
3099,07,EVC,miniblock,19,0.8099177463750742
3100,07,EVC,miniblock,20,0.811557028405025
3101,07,EVC,miniblock,21,0.8131430641171974
3102,07,EVC,miniblock,22,0.8146907440704575
3103,07,EVC,miniblock,23,0.8160632355456304
3104,07,EVC,miniblock,24,0.8178445914041742
3105,07,EVC,miniblock,25,0.8195855245379766
3106,07,EVC,miniblock,26,0.8211693365926096
3107,07,EVC,miniblock,27,0.8223894293145461
3108,07,EVC,miniblock,28,0.8237805639936324
3109,07,EVC,miniblock,29,0.8250750339703941
3110,07,EVC,miniblock,30,0.8263989583829595
3111,07,EVC,miniblock,31,0.8273276842460789
3112,07,EVC,miniblock,32,0.8282883825965746
3113,07,EVC,miniblock,33,0.8292309981389785
3114,07,EVC,miniblock,34,0.8299092661834534
3115,07,EVC,miniblock,35,0.8307850255736625
3116,07,EVC,miniblock,36,0.8315788724663619
3117,07,EVC,miniblock,37,0.8323359611404425
3118,07,EVC,miniblock,38,0.8332571300361314
3119,07,EVC,miniblock,39,0.8339281734752482
3120,07,FFA,er,1,0.12387405901815281
3121,07,FFA,er,2,0.1756815376577543
3122,07,FFA,er,3,0.2326419982454759
3123,07,FFA,er,4,0.2587676378191977
3124,07,FFA,er,5,0.2960040624732612
3125,07,FFA,er,6,0.3191797020341799
3126,07,FFA,er,7,0.33686910577175483
3127,07,FFA,er,8,0.3561193659277702
3128,07,FFA,er,9,0.37022518944693367
3129,07,FFA,er,10,0.38272701254368524
3130,07,FFA,er,11,0.39214358446555114
3131,07,FFA,er,12,0.40552334651595606
3132,07,FFA,er,13,0.41611658395585627
3133,07,FFA,er,14,0.42806594022483696
3134,07,FFA,er,15,0.4378759575883698
3135,07,FFA,er,16,0.45007744530979793
3136,07,FFA,er,17,0.45945514920545455
3137,07,FFA,er,18,0.4664453336177212
3138,07,FFA,er,19,0.47397115476183843
3139,07,FFA,er,20,0.48191158381692295
3140,07,FFA,er,21,0.48992673494139033
3141,07,FFA,er,22,0.49794700544428966
3142,07,FFA,er,23,0.5051577211386457
3143,07,FFA,er,24,0.5122429419226112
3144,07,FFA,er,25,0.5197021515484842
3145,07,FFA,er,26,0.5266771626756283
3146,07,FFA,er,27,0.5326311184426454
3147,07,FFA,er,28,0.536952349761348
3148,07,FFA,er,29,0.5416582743295871
3149,07,FFA,er,30,0.5465162671917189
3150,07,FFA,er,31,0.550906890917975
3151,07,FFA,er,32,0.5554213124922949
3152,07,FFA,er,33,0.5581866567250352
3153,07,FFA,er,34,0.5628583056566453
3154,07,FFA,er,35,0.5666720699026582
3155,07,FFA,er,36,0.5705586459482358
3156,07,FFA,er,37,0.5736179787895286
3157,07,FFA,er,38,0.5768987724435746
3158,07,FFA,er,39,0.5816637112997919
3159,07,PPA,er,1,0.10751599573986104
3160,07,PPA,er,2,0.15736004882890772
3161,07,PPA,er,3,0.18977084578104228
3162,07,PPA,er,4,0.2228494051616086
3163,07,PPA,er,5,0.26139354144106886
3164,07,PPA,er,6,0.2819088509482649
3165,07,PPA,er,7,0.30045984531676406
3166,07,PPA,er,8,0.312964383521655
3167,07,PPA,er,9,0.329789564771433
3168,07,PPA,er,10,0.3457513500410189
3169,07,PPA,er,11,0.3545626252149067
3170,07,PPA,er,12,0.3648145617273973
3171,07,PPA,er,13,0.3725855055542127
3172,07,PPA,er,14,0.3818012357346647
3173,07,PPA,er,15,0.388575562657097
3174,07,PPA,er,16,0.3945253555315414
3175,07,PPA,er,17,0.4012204863944408
3176,07,PPA,er,18,0.4093474739660321
3177,07,PPA,er,19,0.4168390406127145
3178,07,PPA,er,20,0.4236295732029873
3179,07,PPA,er,21,0.42983170529674597
3180,07,PPA,er,22,0.43440315230840393
3181,07,PPA,er,23,0.43861525360173964
3182,07,PPA,er,24,0.44279790645961725
3183,07,PPA,er,25,0.44939285393915057
3184,07,PPA,er,26,0.4543878448700605
3185,07,PPA,er,27,0.45838046008196903
3186,07,PPA,er,28,0.4623313393663196
3187,07,PPA,er,29,0.466507604452918
3188,07,PPA,er,30,0.4701898677887824
3189,07,PPA,er,31,0.47333956941153943
3190,07,PPA,er,32,0.47739301689305735
3191,07,PPA,er,33,0.48129563957468974
3192,07,PPA,er,34,0.48552192214074835
3193,07,PPA,er,35,0.48824284136309865
3194,07,PPA,er,36,0.4915138381987809
3195,07,PPA,er,37,0.4950773831132136
3196,07,PPA,er,38,0.49819964016944657
3197,07,PPA,er,39,0.5006451971219147
3198,07,EBA,er,1,0.19733693446429001
3199,07,EBA,er,2,0.27901178278179
3200,07,EBA,er,3,0.3069555489776814
3201,07,EBA,er,4,0.3426026432695603
3202,07,EBA,er,5,0.3657701510127646
3203,07,EBA,er,6,0.3839524507768868
3204,07,EBA,er,7,0.40424433754483485
3205,07,EBA,er,8,0.41334905088904916
3206,07,EBA,er,9,0.42678767270568324
3207,07,EBA,er,10,0.43676310082470265
3208,07,EBA,er,11,0.44753409780179226
3209,07,EBA,er,12,0.45420449486056497
3210,07,EBA,er,13,0.4602289766539976
3211,07,EBA,er,14,0.46624637593373475
3212,07,EBA,er,15,0.47179354022598935
3213,07,EBA,er,16,0.47739284207725846
3214,07,EBA,er,17,0.48325228981904367
3215,07,EBA,er,18,0.48827697730040903
3216,07,EBA,er,19,0.49457592117908283
3217,07,EBA,er,20,0.4980073807574567
3218,07,EBA,er,21,0.5018151169880248
3219,07,EBA,er,22,0.5044111650942231
3220,07,EBA,er,23,0.5083607754709533
3221,07,EBA,er,24,0.510585158820084
3222,07,EBA,er,25,0.5136856080446266
3223,07,EBA,er,26,0.5169989091128308
3224,07,EBA,er,27,0.5199259568748075
3225,07,EBA,er,28,0.5218580736490955
3226,07,EBA,er,29,0.5242845460028732
3227,07,EBA,er,30,0.5263062622991318
3228,07,EBA,er,31,0.5286724121806732
3229,07,EBA,er,32,0.5309753223751499
3230,07,EBA,er,33,0.5330997570523007
3231,07,EBA,er,34,0.5352256191689116
3232,07,EBA,er,35,0.5372957530614211
3233,07,EBA,er,36,0.5397850065334854
3234,07,EBA,er,37,0.541211883343615
3235,07,EBA,er,38,0.5438410129521046
3236,07,EBA,er,39,0.5453273532933726
3237,07,EVC,er,1,0.2959757294864278
3238,07,EVC,er,2,0.43930700321526445
3239,07,EVC,er,3,0.46295702806647165
3240,07,EVC,er,4,0.4762522886219643
3241,07,EVC,er,5,0.4911329737185463
3242,07,EVC,er,6,0.5035209058215342
3243,07,EVC,er,7,0.5123462573200023
3244,07,EVC,er,8,0.5255893310967251
3245,07,EVC,er,9,0.5332188993784716
3246,07,EVC,er,10,0.5424219683042915
3247,07,EVC,er,11,0.5502605479921275
3248,07,EVC,er,12,0.5551292682809429
3249,07,EVC,er,13,0.5614029695541557
3250,07,EVC,er,14,0.5694771189268828
3251,07,EVC,er,15,0.5764427311531152
3252,07,EVC,er,16,0.581110373293851
3253,07,EVC,er,17,0.5868641933172438
3254,07,EVC,er,18,0.5914110654008812
3255,07,EVC,er,19,0.5959801872272382
3256,07,EVC,er,20,0.5994644570557935
3257,07,EVC,er,21,0.6046522747760527
3258,07,EVC,er,22,0.609034008729481
3259,07,EVC,er,23,0.6124656294234242
3260,07,EVC,er,24,0.6151785022080642
3261,07,EVC,er,25,0.6196791609903075
3262,07,EVC,er,26,0.6226411043473883
3263,07,EVC,er,27,0.6246030861644657
3264,07,EVC,er,28,0.6269340905347849
3265,07,EVC,er,29,0.628724958289092
3266,07,EVC,er,30,0.6310598267121702
3267,07,EVC,er,31,0.6330106247085904
3268,07,EVC,er,32,0.6351340819881702
3269,07,EVC,er,33,0.6368627428480367
3270,07,EVC,er,34,0.6385569672802782
3271,07,EVC,er,35,0.6400184325023232
3272,07,EVC,er,36,0.6422324936600331
3273,07,EVC,er,37,0.6437766750236708
3274,07,EVC,er,38,0.6451551915445556
3275,07,EVC,er,39,0.646368127700296
3276,08,FFA,sus,1,0.29287844228057575
3277,08,FFA,sus,2,0.3430419383686203
3278,08,FFA,sus,3,0.3710378505781525
3279,08,FFA,sus,4,0.40331639435530015
3280,08,FFA,sus,5,0.43342162046307386
3281,08,FFA,sus,6,0.4589100271901942
3282,08,FFA,sus,7,0.4789182528335251
3283,08,FFA,sus,8,0.49330919982436905
3284,08,FFA,sus,9,0.5079935749438627
3285,08,FFA,sus,10,0.5185212095175747
3286,08,FFA,sus,11,0.5272545506113541
3287,08,FFA,sus,12,0.5339689852702577
3288,08,FFA,sus,13,0.5425788209080157
3289,08,FFA,sus,14,0.5500772233346197
3290,08,FFA,sus,15,0.5572426908129569
3291,08,FFA,sus,16,0.562946869703291
3292,08,FFA,sus,17,0.5685383432299153
3293,08,FFA,sus,18,0.5741865025427175
3294,08,FFA,sus,19,0.5808917661221542
3295,08,FFA,sus,20,0.5869483677047556
3296,08,FFA,sus,21,0.5910680732550602
3297,08,FFA,sus,22,0.5951373137137935
3298,08,FFA,sus,23,0.5989902345421554
3299,08,FFA,sus,24,0.6027618513014721
3300,08,FFA,sus,25,0.6066669433775089
3301,08,FFA,sus,26,0.6099725441792799
3302,08,FFA,sus,27,0.614583110484277
3303,08,FFA,sus,28,0.6177865184642976
3304,08,FFA,sus,29,0.6219445047563732
3305,08,FFA,sus,30,0.6243588395980194
3306,08,FFA,sus,31,0.6277596268104869
3307,08,FFA,sus,32,0.6320690333020074
3308,08,FFA,sus,33,0.6350154660652735
3309,08,FFA,sus,34,0.6388061498751237
3310,08,FFA,sus,35,0.6409867155603383
3311,08,FFA,sus,36,0.6432898198498428
3312,08,FFA,sus,37,0.6455717554097803
3313,08,FFA,sus,38,0.6472862638226456
3314,08,FFA,sus,39,0.6490514946063327
3315,08,PPA,sus,1,0.20495109915625853
3316,08,PPA,sus,2,0.2391649415702415
3317,08,PPA,sus,3,0.2746182936078468
3318,08,PPA,sus,4,0.30244298675109677
3319,08,PPA,sus,5,0.3194111439384903
3320,08,PPA,sus,6,0.3353276744301728
3321,08,PPA,sus,7,0.34806760487050986
3322,08,PPA,sus,8,0.3609340788686303
3323,08,PPA,sus,9,0.3741802706750117
3324,08,PPA,sus,10,0.3838655257727008
3325,08,PPA,sus,11,0.3935729906593968
3326,08,PPA,sus,12,0.4019991803345073
3327,08,PPA,sus,13,0.4105004408916702
3328,08,PPA,sus,14,0.41627765113570153
3329,08,PPA,sus,15,0.4244631890513369
3330,08,PPA,sus,16,0.4326938901904307
3331,08,PPA,sus,17,0.44104769467611465
3332,08,PPA,sus,18,0.4486796207757063
3333,08,PPA,sus,19,0.4556489383224011
3334,08,PPA,sus,20,0.46322543196604654
3335,08,PPA,sus,21,0.469268432973797
3336,08,PPA,sus,22,0.4750060950085877
3337,08,PPA,sus,23,0.4802434873124117
3338,08,PPA,sus,24,0.4874708743100646
3339,08,PPA,sus,25,0.49150156738058043
3340,08,PPA,sus,26,0.4966887485162908
3341,08,PPA,sus,27,0.5029068971825524
3342,08,PPA,sus,28,0.5073636746684068
3343,08,PPA,sus,29,0.5115191775996931
3344,08,PPA,sus,30,0.5155895823284005
3345,08,PPA,sus,31,0.5187611105737643
3346,08,PPA,sus,32,0.5214466343962777
3347,08,PPA,sus,33,0.5241991471497208
3348,08,PPA,sus,34,0.528867104456532
3349,08,PPA,sus,35,0.5326887636715988
3350,08,PPA,sus,36,0.5359480321329911
3351,08,PPA,sus,37,0.5385224562676574
3352,08,PPA,sus,38,0.5411121078672724
3353,08,PPA,sus,39,0.5444927934899936
3354,08,EBA,sus,1,0.47767552083752585
3355,08,EBA,sus,2,0.5130727189846394
3356,08,EBA,sus,3,0.5325793710089258
3357,08,EBA,sus,4,0.5443962385547279
3358,08,EBA,sus,5,0.5608424539354663
3359,08,EBA,sus,6,0.5720415651211698
3360,08,EBA,sus,7,0.5840439664596082
3361,08,EBA,sus,8,0.5942091668899474
3362,08,EBA,sus,9,0.6010094700914808
3363,08,EBA,sus,10,0.6089690647225462
3364,08,EBA,sus,11,0.6149137485516
3365,08,EBA,sus,12,0.6208597390458781
3366,08,EBA,sus,13,0.6251843483753404
3367,08,EBA,sus,14,0.6290142570098085
3368,08,EBA,sus,15,0.6321053229540631
3369,08,EBA,sus,16,0.6350918382530758
3370,08,EBA,sus,17,0.6372018678294402
3371,08,EBA,sus,18,0.6396598126709288
3372,08,EBA,sus,19,0.6425159063681988
3373,08,EBA,sus,20,0.6444929491421251
3374,08,EBA,sus,21,0.6464967084060835
3375,08,EBA,sus,22,0.648289615345571
3376,08,EBA,sus,23,0.6498634927352648
3377,08,EBA,sus,24,0.6510294440146801
3378,08,EBA,sus,25,0.6523651317184759
3379,08,EBA,sus,26,0.6535816408848163
3380,08,EBA,sus,27,0.654907895798485
3381,08,EBA,sus,28,0.6558748613401931
3382,08,EBA,sus,29,0.6574615993481367
3383,08,EBA,sus,30,0.6588640407486747
3384,08,EBA,sus,31,0.6604063745349764
3385,08,EBA,sus,32,0.6613683114396137
3386,08,EBA,sus,33,0.6623731519789852
3387,08,EBA,sus,34,0.6635058604224566
3388,08,EBA,sus,35,0.664932782888174
3389,08,EBA,sus,36,0.666255163554616
3390,08,EBA,sus,37,0.6673036686798031
3391,08,EBA,sus,38,0.6682326683609618
3392,08,EBA,sus,39,0.6693272029261202
3393,08,EVC,sus,1,0.6547504862575529
3394,08,EVC,sus,2,0.6736774197976044
3395,08,EVC,sus,3,0.6942390445443186
3396,08,EVC,sus,4,0.7070729862201688
3397,08,EVC,sus,5,0.7166121431540411
3398,08,EVC,sus,6,0.7271994862081904
3399,08,EVC,sus,7,0.7356466282372969
3400,08,EVC,sus,8,0.741492781874213
3401,08,EVC,sus,9,0.7470573597909075
3402,08,EVC,sus,10,0.7520621910569053
3403,08,EVC,sus,11,0.7582371932806815
3404,08,EVC,sus,12,0.7638881724331834
3405,08,EVC,sus,13,0.7703702647541874
3406,08,EVC,sus,14,0.7731464722531102
3407,08,EVC,sus,15,0.776785504930697
3408,08,EVC,sus,16,0.7797891666545103
3409,08,EVC,sus,17,0.7822332747043999
3410,08,EVC,sus,18,0.7844616205643017
3411,08,EVC,sus,19,0.7869445862750064
3412,08,EVC,sus,20,0.7902184450951778
3413,08,EVC,sus,21,0.792524461488583
3414,08,EVC,sus,22,0.7945757689861921
3415,08,EVC,sus,23,0.796212793273758
3416,08,EVC,sus,24,0.7978276692593465
3417,08,EVC,sus,25,0.7990430596676296
3418,08,EVC,sus,26,0.8008451296977657
3419,08,EVC,sus,27,0.8027078084509048
3420,08,EVC,sus,28,0.803818850500016
3421,08,EVC,sus,29,0.8053246370951381
3422,08,EVC,sus,30,0.8066802910249669
3423,08,EVC,sus,31,0.8080880161200636
3424,08,EVC,sus,32,0.8089975570338162
3425,08,EVC,sus,33,0.8099337389523549
3426,08,EVC,sus,34,0.811136105435787
3427,08,EVC,sus,35,0.8119039626154042
3428,08,EVC,sus,36,0.8128639658139241
3429,08,EVC,sus,37,0.8138810444267172
3430,08,EVC,sus,38,0.8144852981205757
3431,08,EVC,sus,39,0.8151154687116562
3432,08,FFA,miniblock,1,0.4227477178952084
3433,08,FFA,miniblock,2,0.4855182165512282
3434,08,FFA,miniblock,3,0.520960164575097
3435,08,FFA,miniblock,4,0.5464124553282805
3436,08,FFA,miniblock,5,0.5740079837382396
3437,08,FFA,miniblock,6,0.5912417250929658
3438,08,FFA,miniblock,7,0.6211254143878561
3439,08,FFA,miniblock,8,0.6363061747064265
3440,08,FFA,miniblock,9,0.6487962433437928
3441,08,FFA,miniblock,10,0.6560931254404707
3442,08,FFA,miniblock,11,0.663119552318952
3443,08,FFA,miniblock,12,0.6720408964883468
3444,08,FFA,miniblock,13,0.6784124609973311
3445,08,FFA,miniblock,14,0.6860875593288558
3446,08,FFA,miniblock,15,0.6907146355187205
3447,08,FFA,miniblock,16,0.6969791419699213
3448,08,FFA,miniblock,17,0.7025476751956988
3449,08,FFA,miniblock,18,0.709381976926926
3450,08,FFA,miniblock,19,0.714257787146277
3451,08,FFA,miniblock,20,0.7189056802903712
3452,08,FFA,miniblock,21,0.7235906212227466
3453,08,FFA,miniblock,22,0.7275872522970245
3454,08,FFA,miniblock,23,0.7321970712502132
3455,08,FFA,miniblock,24,0.7362863355718546
3456,08,FFA,miniblock,25,0.7407990251734944
3457,08,FFA,miniblock,26,0.7448713649482815
3458,08,FFA,miniblock,27,0.74834854720037
3459,08,FFA,miniblock,28,0.7517311156792829
3460,08,FFA,miniblock,29,0.7546027793486592
3461,08,FFA,miniblock,30,0.7570702078359005
3462,08,FFA,miniblock,31,0.7601063806487781
3463,08,FFA,miniblock,32,0.7625331866567929
3464,08,FFA,miniblock,33,0.7657035159092741
3465,08,FFA,miniblock,34,0.7685145194073141
3466,08,FFA,miniblock,35,0.7706806733887209
3467,08,FFA,miniblock,36,0.7728197384369276
3468,08,FFA,miniblock,37,0.77451210310956
3469,08,FFA,miniblock,38,0.7763504422478201
3470,08,FFA,miniblock,39,0.7781294832587012
3471,08,PPA,miniblock,1,0.30249718885783466
3472,08,PPA,miniblock,2,0.32588714167334715
3473,08,PPA,miniblock,3,0.34784130643436395
3474,08,PPA,miniblock,4,0.3693048579099872
3475,08,PPA,miniblock,5,0.3831473525105163
3476,08,PPA,miniblock,6,0.3964147940823397
3477,08,PPA,miniblock,7,0.40851599566233104
3478,08,PPA,miniblock,8,0.4283378088844813
3479,08,PPA,miniblock,9,0.4412824432921501
3480,08,PPA,miniblock,10,0.4531561299725304
3481,08,PPA,miniblock,11,0.4633335651192776
3482,08,PPA,miniblock,12,0.47106981024918126
3483,08,PPA,miniblock,13,0.47857742622756344
3484,08,PPA,miniblock,14,0.48889036504252975
3485,08,PPA,miniblock,15,0.4969592033140944
3486,08,PPA,miniblock,16,0.5028967646659609
3487,08,PPA,miniblock,17,0.509076645842944
3488,08,PPA,miniblock,18,0.5155834855201823
3489,08,PPA,miniblock,19,0.5209240233064402
3490,08,PPA,miniblock,20,0.5270547489648548
3491,08,PPA,miniblock,21,0.5347489693305166
3492,08,PPA,miniblock,22,0.5409380623500119
3493,08,PPA,miniblock,23,0.544823648590446
3494,08,PPA,miniblock,24,0.549632313367677
3495,08,PPA,miniblock,25,0.5532744223380317
3496,08,PPA,miniblock,26,0.5579822894558989
3497,08,PPA,miniblock,27,0.5621472429506564
3498,08,PPA,miniblock,28,0.5663750985887803
3499,08,PPA,miniblock,29,0.5713898970403717
3500,08,PPA,miniblock,30,0.575543019126798
3501,08,PPA,miniblock,31,0.5786580124172059
3502,08,PPA,miniblock,32,0.5818869043430239
3503,08,PPA,miniblock,33,0.5853901477760565
3504,08,PPA,miniblock,34,0.5884363572901472
3505,08,PPA,miniblock,35,0.5911470558636974
3506,08,PPA,miniblock,36,0.594277274835156
3507,08,PPA,miniblock,37,0.5976268218291417
3508,08,PPA,miniblock,38,0.6008840520413717
3509,08,PPA,miniblock,39,0.6037412505398373
3510,08,EBA,miniblock,1,0.551985629251852
3511,08,EBA,miniblock,2,0.594965980626477
3512,08,EBA,miniblock,3,0.616245785941988
3513,08,EBA,miniblock,4,0.6344670301076277
3514,08,EBA,miniblock,5,0.6501271853949717
3515,08,EBA,miniblock,6,0.6590788713786336
3516,08,EBA,miniblock,7,0.6642037044071563
3517,08,EBA,miniblock,8,0.6737011951595672
3518,08,EBA,miniblock,9,0.680716101087127
3519,08,EBA,miniblock,10,0.6862025177604095
3520,08,EBA,miniblock,11,0.6886507583231958
3521,08,EBA,miniblock,12,0.6941873221304539
3522,08,EBA,miniblock,13,0.6974931594049713
3523,08,EBA,miniblock,14,0.7009414675944843
3524,08,EBA,miniblock,15,0.7048072694989608
3525,08,EBA,miniblock,16,0.7068232587677276
3526,08,EBA,miniblock,17,0.709221476333857
3527,08,EBA,miniblock,18,0.7109814793780997
3528,08,EBA,miniblock,19,0.7144440391964109
3529,08,EBA,miniblock,20,0.7158726354852728
3530,08,EBA,miniblock,21,0.7184555715102929
3531,08,EBA,miniblock,22,0.7204276936969016
3532,08,EBA,miniblock,23,0.7220185805934524
3533,08,EBA,miniblock,24,0.7238947976352819
3534,08,EBA,miniblock,25,0.7252201440979035
3535,08,EBA,miniblock,26,0.7266329389805626
3536,08,EBA,miniblock,27,0.7276769656109346
3537,08,EBA,miniblock,28,0.7289893012324099
3538,08,EBA,miniblock,29,0.7305925906527565
3539,08,EBA,miniblock,30,0.7317301412574008
3540,08,EBA,miniblock,31,0.7332958852494692
3541,08,EBA,miniblock,32,0.734657399612941
3542,08,EBA,miniblock,33,0.7357339120041665
3543,08,EBA,miniblock,34,0.7377607912962979
3544,08,EBA,miniblock,35,0.7384681818348665
3545,08,EBA,miniblock,36,0.7395049652892366
3546,08,EBA,miniblock,37,0.7404386075967536
3547,08,EBA,miniblock,38,0.7416780353740897
3548,08,EBA,miniblock,39,0.7424271385586563
3549,08,EVC,miniblock,1,0.7010813328863289
3550,08,EVC,miniblock,2,0.7153142326479132
3551,08,EVC,miniblock,3,0.7248273749917052
3552,08,EVC,miniblock,4,0.7356811031166833
3553,08,EVC,miniblock,5,0.7508547626317954
3554,08,EVC,miniblock,6,0.7648504173367394
3555,08,EVC,miniblock,7,0.7701987102832328
3556,08,EVC,miniblock,8,0.7765044165891908
3557,08,EVC,miniblock,9,0.7819755283445486
3558,08,EVC,miniblock,10,0.7880355778070952
3559,08,EVC,miniblock,11,0.7919675782407384
3560,08,EVC,miniblock,12,0.79628502974171
3561,08,EVC,miniblock,13,0.7998598781160028
3562,08,EVC,miniblock,14,0.8045442970551565
3563,08,EVC,miniblock,15,0.8072894402178051
3564,08,EVC,miniblock,16,0.8090802708218781
3565,08,EVC,miniblock,17,0.8114751852128085
3566,08,EVC,miniblock,18,0.8140255642610725
3567,08,EVC,miniblock,19,0.8160689977743806
3568,08,EVC,miniblock,20,0.8180863669865043
3569,08,EVC,miniblock,21,0.8198148884850589
3570,08,EVC,miniblock,22,0.8215185375025683
3571,08,EVC,miniblock,23,0.8227940593000328
3572,08,EVC,miniblock,24,0.8238872410037398
3573,08,EVC,miniblock,25,0.8254109806075697
3574,08,EVC,miniblock,26,0.8270953663278559
3575,08,EVC,miniblock,27,0.828188024465114
3576,08,EVC,miniblock,28,0.8293520008490791
3577,08,EVC,miniblock,29,0.8306256024931667
3578,08,EVC,miniblock,30,0.8315669437149991
3579,08,EVC,miniblock,31,0.8328371865666614
3580,08,EVC,miniblock,32,0.8336112875009758
3581,08,EVC,miniblock,33,0.8346429847481506
3582,08,EVC,miniblock,34,0.835717083851716
3583,08,EVC,miniblock,35,0.8364842713501982
3584,08,EVC,miniblock,36,0.8372973632708192
3585,08,EVC,miniblock,37,0.8380147761805546
3586,08,EVC,miniblock,38,0.8386314679494448
3587,08,EVC,miniblock,39,0.8391958587976432
3588,08,FFA,er,1,0.1675821266014436
3589,08,FFA,er,2,0.22217226779968605
3590,08,FFA,er,3,0.28660858883109996
3591,08,FFA,er,4,0.3453086756549005
3592,08,FFA,er,5,0.38291367946813515
3593,08,FFA,er,6,0.4111470001090744
3594,08,FFA,er,7,0.43260509292891597
3595,08,FFA,er,8,0.45361942858460735
3596,08,FFA,er,9,0.4691997134269106
3597,08,FFA,er,10,0.4842194605204854
3598,08,FFA,er,11,0.49983918315563286
3599,08,FFA,er,12,0.5117837520516222
3600,08,FFA,er,13,0.5234626033763028
3601,08,FFA,er,14,0.5304949544959601
3602,08,FFA,er,15,0.5416541518503996
3603,08,FFA,er,16,0.5532303882532001
3604,08,FFA,er,17,0.5613683460437487
3605,08,FFA,er,18,0.569624609602854
3606,08,FFA,er,19,0.5753250591145108
3607,08,FFA,er,20,0.5813365766377381
3608,08,FFA,er,21,0.5876016172519894
3609,08,FFA,er,22,0.5939494040632716
3610,08,FFA,er,23,0.599988397648315
3611,08,FFA,er,24,0.6052030334545914
3612,08,FFA,er,25,0.6125673861102023
3613,08,FFA,er,26,0.6177314579103413
3614,08,FFA,er,27,0.6232869418232995
3615,08,FFA,er,28,0.6277942948931309
3616,08,FFA,er,29,0.6311933144014366
3617,08,FFA,er,30,0.6337959229658131
3618,08,FFA,er,31,0.6368007078078887
3619,08,FFA,er,32,0.6389923171330868
3620,08,FFA,er,33,0.6423297554012107
3621,08,FFA,er,34,0.6455938253253077
3622,08,FFA,er,35,0.6488399829369057
3623,08,FFA,er,36,0.6511001231338099
3624,08,FFA,er,37,0.6538884604800766
3625,08,FFA,er,38,0.656623889635416
3626,08,FFA,er,39,0.6587387108013146
3627,08,PPA,er,1,0.0972482551195395
3628,08,PPA,er,2,0.14540633754771282
3629,08,PPA,er,3,0.17726081484175807
3630,08,PPA,er,4,0.20150714059371352
3631,08,PPA,er,5,0.22629060976460671
3632,08,PPA,er,6,0.24708030565222006
3633,08,PPA,er,7,0.266545714744105
3634,08,PPA,er,8,0.2849728530968068
3635,08,PPA,er,9,0.30179794904262663
3636,08,PPA,er,10,0.3191312864742424
3637,08,PPA,er,11,0.3298237259997788
3638,08,PPA,er,12,0.34117643955167404
3639,08,PPA,er,13,0.3498440279646096
3640,08,PPA,er,14,0.3591959266136053
3641,08,PPA,er,15,0.36810699600987923
3642,08,PPA,er,16,0.37827241201675
3643,08,PPA,er,17,0.38428482496967
3644,08,PPA,er,18,0.3898004465162863
3645,08,PPA,er,19,0.3985943769815042
3646,08,PPA,er,20,0.40485582748572674
3647,08,PPA,er,21,0.4122458642212498
3648,08,PPA,er,22,0.41802827337694026
3649,08,PPA,er,23,0.4247334532122651
3650,08,PPA,er,24,0.4314181408838779
3651,08,PPA,er,25,0.4366576687930095
3652,08,PPA,er,26,0.44417184305063634
3653,08,PPA,er,27,0.44959431804045175
3654,08,PPA,er,28,0.453342194405612
3655,08,PPA,er,29,0.4598001459831111
3656,08,PPA,er,30,0.4638724673678789
3657,08,PPA,er,31,0.46844766961037404
3658,08,PPA,er,32,0.4730134083705518
3659,08,PPA,er,33,0.4759269855396395
3660,08,PPA,er,34,0.48055926439862606
3661,08,PPA,er,35,0.4845791166425147
3662,08,PPA,er,36,0.48806612601778304
3663,08,PPA,er,37,0.49104215241064714
3664,08,PPA,er,38,0.4948236043183998
3665,08,PPA,er,39,0.49776033790118324
3666,08,EBA,er,1,0.29662118134916493
3667,08,EBA,er,2,0.3452171972176504
3668,08,EBA,er,3,0.38395310534452554
3669,08,EBA,er,4,0.41029899953156496
3670,08,EBA,er,5,0.43314961985144756
3671,08,EBA,er,6,0.44518602074287617
3672,08,EBA,er,7,0.4556409822057616
3673,08,EBA,er,8,0.4631477378285241
3674,08,EBA,er,9,0.46977946383321356
3675,08,EBA,er,10,0.476332715114786
3676,08,EBA,er,11,0.48342297963377884
3677,08,EBA,er,12,0.48844354567043563
3678,08,EBA,er,13,0.4961047202293633
3679,08,EBA,er,14,0.5002092486788939
3680,08,EBA,er,15,0.506596360392579
3681,08,EBA,er,16,0.5103945399894804
3682,08,EBA,er,17,0.5133336878803093
3683,08,EBA,er,18,0.5168188698664083
3684,08,EBA,er,19,0.5218499123298747
3685,08,EBA,er,20,0.5249791529293265
3686,08,EBA,er,21,0.5280797736750665
3687,08,EBA,er,22,0.531294467023572
3688,08,EBA,er,23,0.5340882307964107
3689,08,EBA,er,24,0.5367151923671822
3690,08,EBA,er,25,0.5391521335380068
3691,08,EBA,er,26,0.5415430794771123
3692,08,EBA,er,27,0.5438260411787701
3693,08,EBA,er,28,0.546136277331453
3694,08,EBA,er,29,0.5495907675752788
3695,08,EBA,er,30,0.5516347777334686
3696,08,EBA,er,31,0.5537835742360949
3697,08,EBA,er,32,0.5556486841434509
3698,08,EBA,er,33,0.5578089408138064
3699,08,EBA,er,34,0.5596411603011235
3700,08,EBA,er,35,0.5616310968896658
3701,08,EBA,er,36,0.5636397910746327
3702,08,EBA,er,37,0.5647963326978692
3703,08,EBA,er,38,0.5664233711622303
3704,08,EBA,er,39,0.5684064053251446
3705,08,EVC,er,1,0.36249775679357626
3706,08,EVC,er,2,0.426909244604315
3707,08,EVC,er,3,0.45609528588726667
3708,08,EVC,er,4,0.4844740764469657
3709,08,EVC,er,5,0.5037197923596478
3710,08,EVC,er,6,0.5198797502418073
3711,08,EVC,er,7,0.5316039068211909
3712,08,EVC,er,8,0.5432307007595888
3713,08,EVC,er,9,0.5574154860964077
3714,08,EVC,er,10,0.5711597379005887
3715,08,EVC,er,11,0.5842108422818982
3716,08,EVC,er,12,0.5924268914162792
3717,08,EVC,er,13,0.599147603016291
3718,08,EVC,er,14,0.6065785967805678
3719,08,EVC,er,15,0.6111071628440976
3720,08,EVC,er,16,0.6157584603316071
3721,08,EVC,er,17,0.6207703640791223
3722,08,EVC,er,18,0.6244896615491736
3723,08,EVC,er,19,0.6282466752813703
3724,08,EVC,er,20,0.6315616556278539
3725,08,EVC,er,21,0.6349887843951031
3726,08,EVC,er,22,0.638896815514678
3727,08,EVC,er,23,0.6414211490583716
3728,08,EVC,er,24,0.644732461153539
3729,08,EVC,er,25,0.6476189687788888
3730,08,EVC,er,26,0.6496098839874983
3731,08,EVC,er,27,0.6516808357700646
3732,08,EVC,er,28,0.6535308245851245
3733,08,EVC,er,29,0.6558902783286492
3734,08,EVC,er,30,0.6574935401615363
3735,08,EVC,er,31,0.6598021011403059
3736,08,EVC,er,32,0.6614793187379825
3737,08,EVC,er,33,0.6631605402218902
3738,08,EVC,er,34,0.6649721390822262
3739,08,EVC,er,35,0.6666322411660014
3740,08,EVC,er,36,0.6686052085645362
3741,08,EVC,er,37,0.6698609283884011
3742,08,EVC,er,38,0.6711308359440177
3743,08,EVC,er,39,0.6724000946022551
3744,10,FFA,sus,1,0.20984915883950495
3745,10,FFA,sus,2,0.2940843809010489
3746,10,FFA,sus,3,0.3329403398616548
3747,10,FFA,sus,4,0.3654649667903578
3748,10,FFA,sus,5,0.40041068983236733
3749,10,FFA,sus,6,0.42696410798513645
3750,10,FFA,sus,7,0.44818192266903556
3751,10,FFA,sus,8,0.4619917479933003
3752,10,FFA,sus,9,0.47674748406320644
3753,10,FFA,sus,10,0.48814894532142467
3754,10,FFA,sus,11,0.4993588915108845
3755,10,FFA,sus,12,0.5094900876525705
3756,10,FFA,sus,13,0.5152653125078425
3757,10,FFA,sus,14,0.5221810913427575
3758,10,FFA,sus,15,0.5273765783780368
3759,10,FFA,sus,16,0.5324160574552265
3760,10,FFA,sus,17,0.539806048960311
3761,10,FFA,sus,18,0.5452649594854673
3762,10,FFA,sus,19,0.5492691266004098
3763,10,FFA,sus,20,0.5557782336562522
3764,10,FFA,sus,21,0.5595638172845571
3765,10,FFA,sus,22,0.564527263218732
3766,10,FFA,sus,23,0.5682601585669435
3767,10,FFA,sus,24,0.5711358552500788
3768,10,FFA,sus,25,0.5748250731825368
3769,10,FFA,sus,26,0.578512018174478
3770,10,FFA,sus,27,0.5822051558946034
3771,10,FFA,sus,28,0.5851506106899272
3772,10,FFA,sus,29,0.5881611696706254
3773,10,FFA,sus,30,0.5913885851695285
3774,10,FFA,sus,31,0.5940293218588525
3775,10,FFA,sus,32,0.5962064215931266
3776,10,FFA,sus,33,0.5983145239809581
3777,10,FFA,sus,34,0.6005230062720013
3778,10,FFA,sus,35,0.6025429776585619
3779,10,FFA,sus,36,0.6046224452622792
3780,10,FFA,sus,37,0.6074762315848355
3781,10,FFA,sus,38,0.610011525487086
3782,10,FFA,sus,39,0.6122748910655098
3783,10,PPA,sus,1,0.163500285678476
3784,10,PPA,sus,2,0.19859702868129522
3785,10,PPA,sus,3,0.22638113136546878
3786,10,PPA,sus,4,0.25029018928997343
3787,10,PPA,sus,5,0.27166195178477437
3788,10,PPA,sus,6,0.2941406831438126
3789,10,PPA,sus,7,0.3104282311226675
3790,10,PPA,sus,8,0.3251255833351238
3791,10,PPA,sus,9,0.34045926375869956
3792,10,PPA,sus,10,0.35532500804134437
3793,10,PPA,sus,11,0.36940690521013836
3794,10,PPA,sus,12,0.3802491411859383
3795,10,PPA,sus,13,0.38968253672545483
3796,10,PPA,sus,14,0.40046248909021126
3797,10,PPA,sus,15,0.4104980049478801
3798,10,PPA,sus,16,0.4192090325778138
3799,10,PPA,sus,17,0.4253942284515952
3800,10,PPA,sus,18,0.4317736702765311
3801,10,PPA,sus,19,0.4376184373585276
3802,10,PPA,sus,20,0.4446333585087768
3803,10,PPA,sus,21,0.4487386163670242
3804,10,PPA,sus,22,0.454048588227349
3805,10,PPA,sus,23,0.4591283488816555
3806,10,PPA,sus,24,0.46304260721743845
3807,10,PPA,sus,25,0.4666805643516869
3808,10,PPA,sus,26,0.47163937405431344
3809,10,PPA,sus,27,0.4755442694441751
3810,10,PPA,sus,28,0.48090529055426484
3811,10,PPA,sus,29,0.48502458189777203
3812,10,PPA,sus,30,0.4887470164030942
3813,10,PPA,sus,31,0.4937748040580705
3814,10,PPA,sus,32,0.49752712245997593
3815,10,PPA,sus,33,0.5008777177960636
3816,10,PPA,sus,34,0.5047626854952639
3817,10,PPA,sus,35,0.5088421594413838
3818,10,PPA,sus,36,0.5116583117503358
3819,10,PPA,sus,37,0.5145355211655667
3820,10,PPA,sus,38,0.5169960136900684
3821,10,PPA,sus,39,0.5197500358500663
3822,10,EBA,sus,1,0.17828678895747854
3823,10,EBA,sus,2,0.26239004775716407
3824,10,EBA,sus,3,0.3027380281727629
3825,10,EBA,sus,4,0.33656548682339515
3826,10,EBA,sus,5,0.3796189625072965
3827,10,EBA,sus,6,0.40158396432749316
3828,10,EBA,sus,7,0.4201356205598987
3829,10,EBA,sus,8,0.4363379356657195
3830,10,EBA,sus,9,0.4516797011589662
3831,10,EBA,sus,10,0.460981837654725
3832,10,EBA,sus,11,0.4672630312115911
3833,10,EBA,sus,12,0.47653971629354624
3834,10,EBA,sus,13,0.4872453010022581
3835,10,EBA,sus,14,0.49435030204233205
3836,10,EBA,sus,15,0.4991170008037977
3837,10,EBA,sus,16,0.5031630018146559
3838,10,EBA,sus,17,0.5096412536561462
3839,10,EBA,sus,18,0.5127836626202665
3840,10,EBA,sus,19,0.5164523253492052
3841,10,EBA,sus,20,0.5215206481031347
3842,10,EBA,sus,21,0.5258401489288943
3843,10,EBA,sus,22,0.5281436958321795
3844,10,EBA,sus,23,0.5314267792281955
3845,10,EBA,sus,24,0.5342666791924756
3846,10,EBA,sus,25,0.5385856196774721
3847,10,EBA,sus,26,0.5413597950395775
3848,10,EBA,sus,27,0.5439995340916798
3849,10,EBA,sus,28,0.5461425281006281
3850,10,EBA,sus,29,0.5487160734113479
3851,10,EBA,sus,30,0.5510799587746499
3852,10,EBA,sus,31,0.5527255007588902
3853,10,EBA,sus,32,0.5547679241408068
3854,10,EBA,sus,33,0.5564490528082823
3855,10,EBA,sus,34,0.5579412641003434
3856,10,EBA,sus,35,0.5602212194030333
3857,10,EBA,sus,36,0.5620171521975387
3858,10,EBA,sus,37,0.5632103880367866
3859,10,EBA,sus,38,0.5647039272287916
3860,10,EBA,sus,39,0.5657841909391118
3861,10,EVC,sus,1,0.6543791169520425
3862,10,EVC,sus,2,0.677824689757433
3863,10,EVC,sus,3,0.6997263991490025
3864,10,EVC,sus,4,0.7116296455187993
3865,10,EVC,sus,5,0.723015948305199
3866,10,EVC,sus,6,0.7306458648000774
3867,10,EVC,sus,7,0.7353824198422122
3868,10,EVC,sus,8,0.742441283442667
3869,10,EVC,sus,9,0.7476722045991696
3870,10,EVC,sus,10,0.753010864459038
3871,10,EVC,sus,11,0.7561240213939563
3872,10,EVC,sus,12,0.7605183693456506
3873,10,EVC,sus,13,0.7647897444354764
3874,10,EVC,sus,14,0.768845332501087
3875,10,EVC,sus,15,0.7725818488207133
3876,10,EVC,sus,16,0.7749663475433813
3877,10,EVC,sus,17,0.777111660635736
3878,10,EVC,sus,18,0.7799723205564136
3879,10,EVC,sus,19,0.7830246967308332
3880,10,EVC,sus,20,0.7847034245650386
3881,10,EVC,sus,21,0.7865033783863195
3882,10,EVC,sus,22,0.7884436840377996
3883,10,EVC,sus,23,0.7899686180381414
3884,10,EVC,sus,24,0.7913186679198309
3885,10,EVC,sus,25,0.7928646651173974
3886,10,EVC,sus,26,0.7942325163177443
3887,10,EVC,sus,27,0.7956986362417623
3888,10,EVC,sus,28,0.797559135966591
3889,10,EVC,sus,29,0.7989116078701564
3890,10,EVC,sus,30,0.7997505225989995
3891,10,EVC,sus,31,0.8007586019987348
3892,10,EVC,sus,32,0.8016430407185418
3893,10,EVC,sus,33,0.8023583843670345
3894,10,EVC,sus,34,0.8035402043301714
3895,10,EVC,sus,35,0.8042373436987192
3896,10,EVC,sus,36,0.8051028936535257
3897,10,EVC,sus,37,0.8059369067935743
3898,10,EVC,sus,38,0.806528515704603
3899,10,EVC,sus,39,0.8072519663992672
3900,10,FFA,miniblock,1,0.2634907678580713
3901,10,FFA,miniblock,2,0.31619346858427777
3902,10,FFA,miniblock,3,0.3744531819674936
3903,10,FFA,miniblock,4,0.3970754599914554
3904,10,FFA,miniblock,5,0.4168506707850866
3905,10,FFA,miniblock,6,0.44327411801065103
3906,10,FFA,miniblock,7,0.4598032125345613
3907,10,FFA,miniblock,8,0.47570843502012594
3908,10,FFA,miniblock,9,0.49052700758771905
3909,10,FFA,miniblock,10,0.5040106648646315
3910,10,FFA,miniblock,11,0.5146920374232646
3911,10,FFA,miniblock,12,0.5231177181600409
3912,10,FFA,miniblock,13,0.5314037348873023
3913,10,FFA,miniblock,14,0.54124341640367
3914,10,FFA,miniblock,15,0.5491994333676248
3915,10,FFA,miniblock,16,0.555964729780521
3916,10,FFA,miniblock,17,0.5630278308083918
3917,10,FFA,miniblock,18,0.571161193375698
3918,10,FFA,miniblock,19,0.578036733231364
3919,10,FFA,miniblock,20,0.5857257238122361
3920,10,FFA,miniblock,21,0.5898027136616055
3921,10,FFA,miniblock,22,0.5936828876301146
3922,10,FFA,miniblock,23,0.6002724453263413
3923,10,FFA,miniblock,24,0.6063321285063208
3924,10,FFA,miniblock,25,0.6116955379192196
3925,10,FFA,miniblock,26,0.6170499005532945
3926,10,FFA,miniblock,27,0.6210824800044091
3927,10,FFA,miniblock,28,0.6260513043589497
3928,10,FFA,miniblock,29,0.6302273996102078
3929,10,FFA,miniblock,30,0.6327144739668525
3930,10,FFA,miniblock,31,0.6360254882044987
3931,10,FFA,miniblock,32,0.6383808963722617
3932,10,FFA,miniblock,33,0.641292582402326
3933,10,FFA,miniblock,34,0.6438850137668908
3934,10,FFA,miniblock,35,0.6475341438940568
3935,10,FFA,miniblock,36,0.6512317464164746
3936,10,FFA,miniblock,37,0.653676205978804
3937,10,FFA,miniblock,38,0.6563363138374568
3938,10,FFA,miniblock,39,0.6586142886678209
3939,10,PPA,miniblock,1,0.18860544392015602
3940,10,PPA,miniblock,2,0.23589657343115003
3941,10,PPA,miniblock,3,0.27145528472528746
3942,10,PPA,miniblock,4,0.28766698282618947
3943,10,PPA,miniblock,5,0.3134646645882155
3944,10,PPA,miniblock,6,0.3244411227713909
3945,10,PPA,miniblock,7,0.34361521290949737
3946,10,PPA,miniblock,8,0.35962415254970975
3947,10,PPA,miniblock,9,0.3731256067410711
3948,10,PPA,miniblock,10,0.3833889120917071
3949,10,PPA,miniblock,11,0.39474736212543077
3950,10,PPA,miniblock,12,0.4038656181616434
3951,10,PPA,miniblock,13,0.41224619997880163
3952,10,PPA,miniblock,14,0.4222281324488876
3953,10,PPA,miniblock,15,0.42805802840442947
3954,10,PPA,miniblock,16,0.4339155829859331
3955,10,PPA,miniblock,17,0.4402349541287911
3956,10,PPA,miniblock,18,0.4454858713108864
3957,10,PPA,miniblock,19,0.45143842490330055
3958,10,PPA,miniblock,20,0.4596281173158369
3959,10,PPA,miniblock,21,0.4652238183130996
3960,10,PPA,miniblock,22,0.47100485341184317
3961,10,PPA,miniblock,23,0.4758007306191985
3962,10,PPA,miniblock,24,0.4807894440642417
3963,10,PPA,miniblock,25,0.48394413572077993
3964,10,PPA,miniblock,26,0.4883103973182239
3965,10,PPA,miniblock,27,0.4936755580962486
3966,10,PPA,miniblock,28,0.4985593499463861
3967,10,PPA,miniblock,29,0.5019563099421704
3968,10,PPA,miniblock,30,0.5053492088287882
3969,10,PPA,miniblock,31,0.5089467008716445
3970,10,PPA,miniblock,32,0.5129199851887852
3971,10,PPA,miniblock,33,0.5166212373700904
3972,10,PPA,miniblock,34,0.5194752743098433
3973,10,PPA,miniblock,35,0.5220347574132396
3974,10,PPA,miniblock,36,0.5245854881516069
3975,10,PPA,miniblock,37,0.5270268269694739
3976,10,PPA,miniblock,38,0.5302208954656685
3977,10,PPA,miniblock,39,0.5333867844584612
3978,10,EBA,miniblock,1,0.1907047353586289
3979,10,EBA,miniblock,2,0.2461695784579497
3980,10,EBA,miniblock,3,0.2877256060172356
3981,10,EBA,miniblock,4,0.3294460705889959
3982,10,EBA,miniblock,5,0.35398232626659426
3983,10,EBA,miniblock,6,0.3708317145317153
3984,10,EBA,miniblock,7,0.40182128233631875
3985,10,EBA,miniblock,8,0.41444783501066285
3986,10,EBA,miniblock,9,0.42580478756719237
3987,10,EBA,miniblock,10,0.43880424897340475
3988,10,EBA,miniblock,11,0.44919696614701055
3989,10,EBA,miniblock,12,0.4587429334660859
3990,10,EBA,miniblock,13,0.4682804105986013
3991,10,EBA,miniblock,14,0.4773919298267546
3992,10,EBA,miniblock,15,0.4834041220805149
3993,10,EBA,miniblock,16,0.48848124227785483
3994,10,EBA,miniblock,17,0.49369549737452784
3995,10,EBA,miniblock,18,0.49913545922615415
3996,10,EBA,miniblock,19,0.5039516370345162
3997,10,EBA,miniblock,20,0.5084347959355747
3998,10,EBA,miniblock,21,0.5123684017851988
3999,10,EBA,miniblock,22,0.515567910506178
4000,10,EBA,miniblock,23,0.5189375000329798
4001,10,EBA,miniblock,24,0.5251123792826405
4002,10,EBA,miniblock,25,0.5276162258190658
4003,10,EBA,miniblock,26,0.5304311205170995
4004,10,EBA,miniblock,27,0.5326371184548949
4005,10,EBA,miniblock,28,0.5350746803715837
4006,10,EBA,miniblock,29,0.5376093900789941
4007,10,EBA,miniblock,30,0.5394295568574301
4008,10,EBA,miniblock,31,0.5413581155443997
4009,10,EBA,miniblock,32,0.544262488347374
4010,10,EBA,miniblock,33,0.5459426819340801
4011,10,EBA,miniblock,34,0.548066090552589
4012,10,EBA,miniblock,35,0.5495742900236795
4013,10,EBA,miniblock,36,0.5513765979065344
4014,10,EBA,miniblock,37,0.5530902216607716
4015,10,EBA,miniblock,38,0.5547734558368238
4016,10,EBA,miniblock,39,0.5563803006787761
4017,10,EVC,miniblock,1,0.6718159713058623
4018,10,EVC,miniblock,2,0.6910078937957406
4019,10,EVC,miniblock,3,0.7043497900322127
4020,10,EVC,miniblock,4,0.7164459219821762
4021,10,EVC,miniblock,5,0.7264368230783459
4022,10,EVC,miniblock,6,0.7331152682922722
4023,10,EVC,miniblock,7,0.7397611755306274
4024,10,EVC,miniblock,8,0.7454527742878518
4025,10,EVC,miniblock,9,0.7515717721541586
4026,10,EVC,miniblock,10,0.7561228534649095
4027,10,EVC,miniblock,11,0.7608447498982173
4028,10,EVC,miniblock,12,0.7642698417350352
4029,10,EVC,miniblock,13,0.7686118947688039
4030,10,EVC,miniblock,14,0.771981141204659
4031,10,EVC,miniblock,15,0.7749839995701655
4032,10,EVC,miniblock,16,0.7775661587011644
4033,10,EVC,miniblock,17,0.7799118089090502
4034,10,EVC,miniblock,18,0.7821953393160236
4035,10,EVC,miniblock,19,0.7850028303080002
4036,10,EVC,miniblock,20,0.7862908869117989
4037,10,EVC,miniblock,21,0.7876708058244621
4038,10,EVC,miniblock,22,0.7894264692824366
4039,10,EVC,miniblock,23,0.7915867041683433
4040,10,EVC,miniblock,24,0.7935063092479849
4041,10,EVC,miniblock,25,0.7953591460533979
4042,10,EVC,miniblock,26,0.7964430977894451
4043,10,EVC,miniblock,27,0.7980408948430756
4044,10,EVC,miniblock,28,0.79972052507852
4045,10,EVC,miniblock,29,0.801129765119466
4046,10,EVC,miniblock,30,0.802034914839756
4047,10,EVC,miniblock,31,0.803214827748036
4048,10,EVC,miniblock,32,0.8040729523845705
4049,10,EVC,miniblock,33,0.8054623154477282
4050,10,EVC,miniblock,34,0.8064724916063294
4051,10,EVC,miniblock,35,0.8077234789545114
4052,10,EVC,miniblock,36,0.808415316002236
4053,10,EVC,miniblock,37,0.8090676759993737
4054,10,EVC,miniblock,38,0.8097457447745201
4055,10,EVC,miniblock,39,0.8103595633328039
4056,10,FFA,er,1,0.18264346543193752
4057,10,FFA,er,2,0.24555577365122058
4058,10,FFA,er,3,0.30299378995295706
4059,10,FFA,er,4,0.3453552811401055
4060,10,FFA,er,5,0.36876843643922913
4061,10,FFA,er,6,0.39839653330866037
4062,10,FFA,er,7,0.42168947285816816
4063,10,FFA,er,8,0.4403809425755898
4064,10,FFA,er,9,0.45312082799603975
4065,10,FFA,er,10,0.46535704003496686
4066,10,FFA,er,11,0.4743115499631994
4067,10,FFA,er,12,0.4864950368009244
4068,10,FFA,er,13,0.49263142443236846
4069,10,FFA,er,14,0.5029116627961691
4070,10,FFA,er,15,0.5111278328414578
4071,10,FFA,er,16,0.5190936672696963
4072,10,FFA,er,17,0.5264535941101293
4073,10,FFA,er,18,0.5317038869594914
4074,10,FFA,er,19,0.5377537364586996
4075,10,FFA,er,20,0.5419765526053155
4076,10,FFA,er,21,0.5463411294740149
4077,10,FFA,er,22,0.55027993406759
4078,10,FFA,er,23,0.5537448591994135
4079,10,FFA,er,24,0.5569560710726456
4080,10,FFA,er,25,0.5610139934810573
4081,10,FFA,er,26,0.5648269237760978
4082,10,FFA,er,27,0.5688524522455031
4083,10,FFA,er,28,0.573218544458469
4084,10,FFA,er,29,0.5767037077576677
4085,10,FFA,er,30,0.5797484895194821
4086,10,FFA,er,31,0.5834989510172598
4087,10,FFA,er,32,0.5866915008903639
4088,10,FFA,er,33,0.5898046026238614
4089,10,FFA,er,34,0.5924496327658128
4090,10,FFA,er,35,0.5952613713355007
4091,10,FFA,er,36,0.5975411916325816
4092,10,FFA,er,37,0.6004129178309294
4093,10,FFA,er,38,0.6031492794498378
4094,10,FFA,er,39,0.6052654216863097
4095,10,PPA,er,1,0.10772139268940091
4096,10,PPA,er,2,0.1492144153752312
4097,10,PPA,er,3,0.1866192529966617
4098,10,PPA,er,4,0.20978059301954857
4099,10,PPA,er,5,0.22600028439470768
4100,10,PPA,er,6,0.2423511021646104
4101,10,PPA,er,7,0.256592908822249
4102,10,PPA,er,8,0.26741790542128646
4103,10,PPA,er,9,0.27716433437705484
4104,10,PPA,er,10,0.28911552132392115
4105,10,PPA,er,11,0.3022472350185697
4106,10,PPA,er,12,0.3113142533839904
4107,10,PPA,er,13,0.3209678580571949
4108,10,PPA,er,14,0.3296946621980033
4109,10,PPA,er,15,0.34017814869514923
4110,10,PPA,er,16,0.3476031130973897
4111,10,PPA,er,17,0.3555159746228493
4112,10,PPA,er,18,0.36390533712777945
4113,10,PPA,er,19,0.3729308673571583
4114,10,PPA,er,20,0.3797770207086956
4115,10,PPA,er,21,0.3875014961444753
4116,10,PPA,er,22,0.39414530907331047
4117,10,PPA,er,23,0.39873296161639377
4118,10,PPA,er,24,0.4040008968389681
4119,10,PPA,er,25,0.4103763140081383
4120,10,PPA,er,26,0.41554852528953073
4121,10,PPA,er,27,0.4206866577108821
4122,10,PPA,er,28,0.42498290167248726
4123,10,PPA,er,29,0.42960080942253337
4124,10,PPA,er,30,0.43541646511186344
4125,10,PPA,er,31,0.4399663060261118
4126,10,PPA,er,32,0.4452024435303568
4127,10,PPA,er,33,0.4483606057366889
4128,10,PPA,er,34,0.4521745498519428
4129,10,PPA,er,35,0.455332379513266
4130,10,PPA,er,36,0.45862039660572834
4131,10,PPA,er,37,0.46197097394865533
4132,10,PPA,er,38,0.4657413492125442
4133,10,PPA,er,39,0.46868309741357345
4134,10,EBA,er,1,0.19786385013957397
4135,10,EBA,er,2,0.2606557579408452
4136,10,EBA,er,3,0.29562623216014733
4137,10,EBA,er,4,0.3290432156408999
4138,10,EBA,er,5,0.3559114931161382
4139,10,EBA,er,6,0.37335369881842717
4140,10,EBA,er,7,0.3957128854948821
4141,10,EBA,er,8,0.41321702930846876
4142,10,EBA,er,9,0.42269603815111023
4143,10,EBA,er,10,0.4358565859473378
4144,10,EBA,er,11,0.44506721546849537
4145,10,EBA,er,12,0.4544516783945343
4146,10,EBA,er,13,0.4633797325340369
4147,10,EBA,er,14,0.4691173978418644
4148,10,EBA,er,15,0.4747466904642141
4149,10,EBA,er,16,0.47953214893997353
4150,10,EBA,er,17,0.4847818808834912
4151,10,EBA,er,18,0.489311151949175
4152,10,EBA,er,19,0.4924559312878663
4153,10,EBA,er,20,0.4966791705468803
4154,10,EBA,er,21,0.5007239561567506
4155,10,EBA,er,22,0.5055243026591322
4156,10,EBA,er,23,0.5100771883633817
4157,10,EBA,er,24,0.5140844624184112
4158,10,EBA,er,25,0.5170769567406257
4159,10,EBA,er,26,0.5209099314302339
4160,10,EBA,er,27,0.5235390926681062
4161,10,EBA,er,28,0.5256135148853424
4162,10,EBA,er,29,0.5288136126683046
4163,10,EBA,er,30,0.5319334893539099
4164,10,EBA,er,31,0.5348160782525532
4165,10,EBA,er,32,0.537649063185997
4166,10,EBA,er,33,0.5403491374705042
4167,10,EBA,er,34,0.5433121528298012
4168,10,EBA,er,35,0.5455863552789525
4169,10,EBA,er,36,0.5478232031218834
4170,10,EBA,er,37,0.5498649622815232
4171,10,EBA,er,38,0.5515055229273598
4172,10,EBA,er,39,0.5534873744764071
4173,10,EVC,er,1,0.34868900335467057
4174,10,EVC,er,2,0.3831860152575654
4175,10,EVC,er,3,0.4120678926897227
4176,10,EVC,er,4,0.43032048686456087
4177,10,EVC,er,5,0.44834333389275766
4178,10,EVC,er,6,0.4656947687326132
4179,10,EVC,er,7,0.47496231406446227
4180,10,EVC,er,8,0.48373404842111345
4181,10,EVC,er,9,0.4924817702175062
4182,10,EVC,er,10,0.4997015240117251
4183,10,EVC,er,11,0.5079898565584625
4184,10,EVC,er,12,0.5146288136957601
4185,10,EVC,er,13,0.5215697781179081
4186,10,EVC,er,14,0.5251048044767211
4187,10,EVC,er,15,0.5301072792343962
4188,10,EVC,er,16,0.5338465872229866
4189,10,EVC,er,17,0.536647534031435
4190,10,EVC,er,18,0.5416385333206334
4191,10,EVC,er,19,0.5440613733331278
4192,10,EVC,er,20,0.5461053958287665
4193,10,EVC,er,21,0.5489012256044786
4194,10,EVC,er,22,0.5520167181581502
4195,10,EVC,er,23,0.5544928949963844
4196,10,EVC,er,24,0.5564757102663788
4197,10,EVC,er,25,0.5582656142861598
4198,10,EVC,er,26,0.560616740875198
4199,10,EVC,er,27,0.562972995043411
4200,10,EVC,er,28,0.5647463613310871
4201,10,EVC,er,29,0.5664446061479772
4202,10,EVC,er,30,0.5677341614026487
4203,10,EVC,er,31,0.5692307778539358
4204,10,EVC,er,32,0.5713158539488994
4205,10,EVC,er,33,0.5727909747579095
4206,10,EVC,er,34,0.5738587521922521
4207,10,EVC,er,35,0.5749503991505428
4208,10,EVC,er,36,0.576475021229712
4209,10,EVC,er,37,0.5776466967943447
4210,10,EVC,er,38,0.5789896210788439
4211,10,EVC,er,39,0.5799544345402657
4212,11,FFA,sus,1,0.3797862698588468
4213,11,FFA,sus,2,0.4419624486769373
4214,11,FFA,sus,3,0.48587694552718186
4215,11,FFA,sus,4,0.5104200292031646
4216,11,FFA,sus,5,0.5231284917722285
4217,11,FFA,sus,6,0.5413552412191596
4218,11,FFA,sus,7,0.5625244663459182
4219,11,FFA,sus,8,0.5723371725679931
4220,11,FFA,sus,9,0.5830414637741609
4221,11,FFA,sus,10,0.593533806930688
4222,11,FFA,sus,11,0.6052556146654421
4223,11,FFA,sus,12,0.6125548299687508
4224,11,FFA,sus,13,0.6218422445109383
4225,11,FFA,sus,14,0.6297789132439109
4226,11,FFA,sus,15,0.6360285226564364
4227,11,FFA,sus,16,0.6436426747746217
4228,11,FFA,sus,17,0.6511589402823293
4229,11,FFA,sus,18,0.6577941335464398
4230,11,FFA,sus,19,0.664904592997849
4231,11,FFA,sus,20,0.6692968891158122
4232,11,FFA,sus,21,0.6730257210188008
4233,11,FFA,sus,22,0.677320616363648
4234,11,FFA,sus,23,0.6811578343175216
4235,11,FFA,sus,24,0.68535912518877
4236,11,FFA,sus,25,0.6905955386465527
4237,11,FFA,sus,26,0.6945635606340739
4238,11,FFA,sus,27,0.6980525672401493
4239,11,FFA,sus,28,0.7011835627817851
4240,11,FFA,sus,29,0.7037459508158438
4241,11,FFA,sus,30,0.7056961840943705
4242,11,FFA,sus,31,0.7080264589859427
4243,11,FFA,sus,32,0.7098956917539748
4244,11,FFA,sus,33,0.7118923521476429
4245,11,FFA,sus,34,0.7147324195755237
4246,11,FFA,sus,35,0.7173810193198197
4247,11,FFA,sus,36,0.7195475966244448
4248,11,FFA,sus,37,0.7214199646053799
4249,11,FFA,sus,38,0.7230695687678089
4250,11,FFA,sus,39,0.7244750061108615
4251,11,PPA,sus,1,0.2829607874345444
4252,11,PPA,sus,2,0.3127924176229824
4253,11,PPA,sus,3,0.3321115325072495
4254,11,PPA,sus,4,0.3463499196663624
4255,11,PPA,sus,5,0.35686582253782023
4256,11,PPA,sus,6,0.36887942936872276
4257,11,PPA,sus,7,0.3783620338941443
4258,11,PPA,sus,8,0.3863909175730158
4259,11,PPA,sus,9,0.39399791575543835
4260,11,PPA,sus,10,0.4033609348850635
4261,11,PPA,sus,11,0.4114736956932443
4262,11,PPA,sus,12,0.4199984547945605
4263,11,PPA,sus,13,0.4255742914443843
4264,11,PPA,sus,14,0.43024035118983467
4265,11,PPA,sus,15,0.43578817233924577
4266,11,PPA,sus,16,0.4393930616892974
4267,11,PPA,sus,17,0.4460117588582398
4268,11,PPA,sus,18,0.44967109229506713
4269,11,PPA,sus,19,0.4540349548180478
4270,11,PPA,sus,20,0.457656751675487
4271,11,PPA,sus,21,0.4604260967973657
4272,11,PPA,sus,22,0.46382925164251
4273,11,PPA,sus,23,0.4679605588384918
4274,11,PPA,sus,24,0.47116066327686196
4275,11,PPA,sus,25,0.4743022516057005
4276,11,PPA,sus,26,0.4787288641640665
4277,11,PPA,sus,27,0.481774081561636
4278,11,PPA,sus,28,0.48482415206037865
4279,11,PPA,sus,29,0.487857662991303
4280,11,PPA,sus,30,0.49075968691455313
4281,11,PPA,sus,31,0.49283877949281524
4282,11,PPA,sus,32,0.4957356918175149
4283,11,PPA,sus,33,0.4984966981776055
4284,11,PPA,sus,34,0.5008733194723364
4285,11,PPA,sus,35,0.5031257916465729
4286,11,PPA,sus,36,0.505273543566865
4287,11,PPA,sus,37,0.5071161856280417
4288,11,PPA,sus,38,0.5096325349443278
4289,11,PPA,sus,39,0.5115623526635368
4290,11,EBA,sus,1,0.31720674215331585
4291,11,EBA,sus,2,0.38534398443070716
4292,11,EBA,sus,3,0.4394051452717105
4293,11,EBA,sus,4,0.4871471125766615
4294,11,EBA,sus,5,0.5222517913187753
4295,11,EBA,sus,6,0.5406039441412261
4296,11,EBA,sus,7,0.5527408165506495
4297,11,EBA,sus,8,0.5659559481862019
4298,11,EBA,sus,9,0.5754819465242432
4299,11,EBA,sus,10,0.5854403752357203
4300,11,EBA,sus,11,0.5911573367690122
4301,11,EBA,sus,12,0.5970567437134419
4302,11,EBA,sus,13,0.6033535823882482
4303,11,EBA,sus,14,0.6071317911127703
4304,11,EBA,sus,15,0.612126876987649
4305,11,EBA,sus,16,0.6175500979042305
4306,11,EBA,sus,17,0.6221668638152954
4307,11,EBA,sus,18,0.6263274204319882
4308,11,EBA,sus,19,0.6319051370131841
4309,11,EBA,sus,20,0.6342290024590306
4310,11,EBA,sus,21,0.6358688668733798
4311,11,EBA,sus,22,0.638904206700759
4312,11,EBA,sus,23,0.6415856581930787
4313,11,EBA,sus,24,0.643843468422976
4314,11,EBA,sus,25,0.6475767513101318
4315,11,EBA,sus,26,0.6505773518422909
4316,11,EBA,sus,27,0.6533688428629418
4317,11,EBA,sus,28,0.6549324016027812
4318,11,EBA,sus,29,0.6577692987286364
4319,11,EBA,sus,30,0.6607928737483696
4320,11,EBA,sus,31,0.6630623373094099
4321,11,EBA,sus,32,0.6644037363406413
4322,11,EBA,sus,33,0.6656765776322326
4323,11,EBA,sus,34,0.6674525433867045
4324,11,EBA,sus,35,0.670126802077858
4325,11,EBA,sus,36,0.6714666303307751
4326,11,EBA,sus,37,0.6730311326012565
4327,11,EBA,sus,38,0.674299338641395
4328,11,EBA,sus,39,0.6760366554296265
4329,11,EVC,sus,1,0.6401207122212934
4330,11,EVC,sus,2,0.6643794947803537
4331,11,EVC,sus,3,0.6946392503722665
4332,11,EVC,sus,4,0.710226470563438
4333,11,EVC,sus,5,0.729259524422412
4334,11,EVC,sus,6,0.7386045663077088
4335,11,EVC,sus,7,0.7471611815434663
4336,11,EVC,sus,8,0.7566968950313742
4337,11,EVC,sus,9,0.7635357013491149
4338,11,EVC,sus,10,0.7680582258050409
4339,11,EVC,sus,11,0.77338044359169
4340,11,EVC,sus,12,0.7779077680148997
4341,11,EVC,sus,13,0.7808803514774519
4342,11,EVC,sus,14,0.7849478817691358
4343,11,EVC,sus,15,0.7872936042241778
4344,11,EVC,sus,16,0.789467760279683
4345,11,EVC,sus,17,0.7926474266875349
4346,11,EVC,sus,18,0.7955994548561932
4347,11,EVC,sus,19,0.7991256532314899
4348,11,EVC,sus,20,0.8006773030712672
4349,11,EVC,sus,21,0.8026649317164857
4350,11,EVC,sus,22,0.8047670209872235
4351,11,EVC,sus,23,0.806547090967029
4352,11,EVC,sus,24,0.8084090912393888
4353,11,EVC,sus,25,0.8101296314262418
4354,11,EVC,sus,26,0.811679779323204
4355,11,EVC,sus,27,0.8127783569005116
4356,11,EVC,sus,28,0.8146040168172822
4357,11,EVC,sus,29,0.8157660171404298
4358,11,EVC,sus,30,0.81675677932119
4359,11,EVC,sus,31,0.8176832693655038
4360,11,EVC,sus,32,0.818762541869105
4361,11,EVC,sus,33,0.8195498162756292
4362,11,EVC,sus,34,0.8204026496231073
4363,11,EVC,sus,35,0.8212654021926298
4364,11,EVC,sus,36,0.8220052877998695
4365,11,EVC,sus,37,0.8226633030163647
4366,11,EVC,sus,38,0.82326228626724
4367,11,EVC,sus,39,0.8238302402697814
4368,11,FFA,miniblock,1,0.33598001328815474
4369,11,FFA,miniblock,2,0.3946103237116287
4370,11,FFA,miniblock,3,0.44184834380160654
4371,11,FFA,miniblock,4,0.4840111744508362
4372,11,FFA,miniblock,5,0.5086802066632224
4373,11,FFA,miniblock,6,0.5219553820538895
4374,11,FFA,miniblock,7,0.53164973525326
4375,11,FFA,miniblock,8,0.5443544338409542
4376,11,FFA,miniblock,9,0.5553626851627503
4377,11,FFA,miniblock,10,0.5640142864209906
4378,11,FFA,miniblock,11,0.5698301560351802
4379,11,FFA,miniblock,12,0.5760320156218336
4380,11,FFA,miniblock,13,0.5844546244644065
4381,11,FFA,miniblock,14,0.5901515238391255
4382,11,FFA,miniblock,15,0.5947155750124962
4383,11,FFA,miniblock,16,0.5999617568384693
4384,11,FFA,miniblock,17,0.6040078918006124
4385,11,FFA,miniblock,18,0.6091395805092796
4386,11,FFA,miniblock,19,0.6152888898001894
4387,11,FFA,miniblock,20,0.6208008222421904
4388,11,FFA,miniblock,21,0.6247094854872127
4389,11,FFA,miniblock,22,0.6301888260533107
4390,11,FFA,miniblock,23,0.6331474852944549
4391,11,FFA,miniblock,24,0.6360460452842654
4392,11,FFA,miniblock,25,0.6411741050829208
4393,11,FFA,miniblock,26,0.6435646722920667
4394,11,FFA,miniblock,27,0.6474725585951893
4395,11,FFA,miniblock,28,0.6507953705599675
4396,11,FFA,miniblock,29,0.653856102347729
4397,11,FFA,miniblock,30,0.656363185653284
4398,11,FFA,miniblock,31,0.6593346838379718
4399,11,FFA,miniblock,32,0.6614478383880369
4400,11,FFA,miniblock,33,0.6631144457208341
4401,11,FFA,miniblock,34,0.6659095847229353
4402,11,FFA,miniblock,35,0.6681775038362
4403,11,FFA,miniblock,36,0.6704784208410809
4404,11,FFA,miniblock,37,0.6727422870160716
4405,11,FFA,miniblock,38,0.6750513893671943
4406,11,FFA,miniblock,39,0.6775928472148506
4407,11,PPA,miniblock,1,0.21506319901710677
4408,11,PPA,miniblock,2,0.285555370962913
4409,11,PPA,miniblock,3,0.3114535222566767
4410,11,PPA,miniblock,4,0.330926474440978
4411,11,PPA,miniblock,5,0.34734898790027974
4412,11,PPA,miniblock,6,0.3600829478171031
4413,11,PPA,miniblock,7,0.37273879975253
4414,11,PPA,miniblock,8,0.3867045437333754
4415,11,PPA,miniblock,9,0.3997564920013157
4416,11,PPA,miniblock,10,0.4104430874947213
4417,11,PPA,miniblock,11,0.41967533644509913
4418,11,PPA,miniblock,12,0.42989482185251343
4419,11,PPA,miniblock,13,0.43747020518174207
4420,11,PPA,miniblock,14,0.44529413737838075
4421,11,PPA,miniblock,15,0.4515525969398491
4422,11,PPA,miniblock,16,0.4566123201819556
4423,11,PPA,miniblock,17,0.4618922199941386
4424,11,PPA,miniblock,18,0.4666150693982252
4425,11,PPA,miniblock,19,0.47221582492928277
4426,11,PPA,miniblock,20,0.4765090126343208
4427,11,PPA,miniblock,21,0.48111194633135707
4428,11,PPA,miniblock,22,0.48663018427257193
4429,11,PPA,miniblock,23,0.4899853862052601
4430,11,PPA,miniblock,24,0.4938434728680116
4431,11,PPA,miniblock,25,0.49710730482607346
4432,11,PPA,miniblock,26,0.5014119200164844
4433,11,PPA,miniblock,27,0.5066008148325842
4434,11,PPA,miniblock,28,0.5102146330458864
4435,11,PPA,miniblock,29,0.5135988286147486
4436,11,PPA,miniblock,30,0.5179565517149624
4437,11,PPA,miniblock,31,0.520794742059294
4438,11,PPA,miniblock,32,0.5242055735944141
4439,11,PPA,miniblock,33,0.5275352389744715
4440,11,PPA,miniblock,34,0.5297946962871792
4441,11,PPA,miniblock,35,0.5334520131696198
4442,11,PPA,miniblock,36,0.5370934674591309
4443,11,PPA,miniblock,37,0.5409619478380735
4444,11,PPA,miniblock,38,0.5428591405229842
4445,11,PPA,miniblock,39,0.5455656118574593
4446,11,EBA,miniblock,1,0.4295608104033886
4447,11,EBA,miniblock,2,0.46073636676377533
4448,11,EBA,miniblock,3,0.508805582286549
4449,11,EBA,miniblock,4,0.550035783600062
4450,11,EBA,miniblock,5,0.565286212288257
4451,11,EBA,miniblock,6,0.5845311524901923
4452,11,EBA,miniblock,7,0.5988110149525966
4453,11,EBA,miniblock,8,0.6093401292170102
4454,11,EBA,miniblock,9,0.6173788142727331
4455,11,EBA,miniblock,10,0.6238830898274469
4456,11,EBA,miniblock,11,0.6304073175896773
4457,11,EBA,miniblock,12,0.6359856460142389
4458,11,EBA,miniblock,13,0.6428331430976774
4459,11,EBA,miniblock,14,0.6482360418848004
4460,11,EBA,miniblock,15,0.6528128974202994
4461,11,EBA,miniblock,16,0.6575761514980075
4462,11,EBA,miniblock,17,0.6627329681700783
4463,11,EBA,miniblock,18,0.6669677946866144
4464,11,EBA,miniblock,19,0.6699098552710505
4465,11,EBA,miniblock,20,0.6737784947195076
4466,11,EBA,miniblock,21,0.6779005082141509
4467,11,EBA,miniblock,22,0.6803817905587431
4468,11,EBA,miniblock,23,0.6828196782978075
4469,11,EBA,miniblock,24,0.6853102046658378
4470,11,EBA,miniblock,25,0.6876868534346764
4471,11,EBA,miniblock,26,0.6897385981094777
4472,11,EBA,miniblock,27,0.6922463967565452
4473,11,EBA,miniblock,28,0.6939993677585803
4474,11,EBA,miniblock,29,0.6956370761679443
4475,11,EBA,miniblock,30,0.6978048879538878
4476,11,EBA,miniblock,31,0.6993057981504105
4477,11,EBA,miniblock,32,0.7008599419471881
4478,11,EBA,miniblock,33,0.7026217110468455
4479,11,EBA,miniblock,34,0.7040219073564193
4480,11,EBA,miniblock,35,0.7062039994445964
4481,11,EBA,miniblock,36,0.7073560892215199
4482,11,EBA,miniblock,37,0.7089945175521514
4483,11,EBA,miniblock,38,0.7108815333351467
4484,11,EBA,miniblock,39,0.7125669429470518
4485,11,EVC,miniblock,1,0.6405661672762605
4486,11,EVC,miniblock,2,0.6829953238015459
4487,11,EVC,miniblock,3,0.7069248881972178
4488,11,EVC,miniblock,4,0.7212641992541929
4489,11,EVC,miniblock,5,0.7310963119518811
4490,11,EVC,miniblock,6,0.7405063836738724
4491,11,EVC,miniblock,7,0.7460943832463699
4492,11,EVC,miniblock,8,0.7518983199097047
4493,11,EVC,miniblock,9,0.7587974120358337
4494,11,EVC,miniblock,10,0.7640364458825809
4495,11,EVC,miniblock,11,0.7685469291812878
4496,11,EVC,miniblock,12,0.7734759313232588
4497,11,EVC,miniblock,13,0.7777098806715982
4498,11,EVC,miniblock,14,0.7806796997860229
4499,11,EVC,miniblock,15,0.7839494504681704
4500,11,EVC,miniblock,16,0.786391042017118
4501,11,EVC,miniblock,17,0.7897729456152641
4502,11,EVC,miniblock,18,0.7931171998203617
4503,11,EVC,miniblock,19,0.7951671665861771
4504,11,EVC,miniblock,20,0.7975245388155286
4505,11,EVC,miniblock,21,0.7999070775977392
4506,11,EVC,miniblock,22,0.8011746732995979
4507,11,EVC,miniblock,23,0.8026847715896667
4508,11,EVC,miniblock,24,0.8041303903658134
4509,11,EVC,miniblock,25,0.8052626582065093
4510,11,EVC,miniblock,26,0.8066684470517674
4511,11,EVC,miniblock,27,0.8078861943579695
4512,11,EVC,miniblock,28,0.8089310930733332
4513,11,EVC,miniblock,29,0.8103069531904343
4514,11,EVC,miniblock,30,0.811294409494206
4515,11,EVC,miniblock,31,0.8125509204285892
4516,11,EVC,miniblock,32,0.8136028568012876
4517,11,EVC,miniblock,33,0.8144686500604553
4518,11,EVC,miniblock,34,0.8153318793378154
4519,11,EVC,miniblock,35,0.816194178880345
4520,11,EVC,miniblock,36,0.8168673234115928
4521,11,EVC,miniblock,37,0.8174345604347515
4522,11,EVC,miniblock,38,0.8180998402358778
4523,11,EVC,miniblock,39,0.8187241497593146
4524,11,FFA,er,1,0.11890362077668182
4525,11,FFA,er,2,0.21937403496913954
4526,11,FFA,er,3,0.2659020167752274
4527,11,FFA,er,4,0.2999921733902924
4528,11,FFA,er,5,0.3210363513221788
4529,11,FFA,er,6,0.34085167012469064
4530,11,FFA,er,7,0.35711317037311524
4531,11,FFA,er,8,0.3691093954693934
4532,11,FFA,er,9,0.384007271630471
4533,11,FFA,er,10,0.39157846555365966
4534,11,FFA,er,11,0.4070095489022562
4535,11,FFA,er,12,0.41424575709305683
4536,11,FFA,er,13,0.4221611998869324
4537,11,FFA,er,14,0.431498514157731
4538,11,FFA,er,15,0.43795454289787483
4539,11,FFA,er,16,0.44471970574626063
4540,11,FFA,er,17,0.45451435967099263
4541,11,FFA,er,18,0.46005179449854544
4542,11,FFA,er,19,0.4648969068382436
4543,11,FFA,er,20,0.47277249435175867
4544,11,FFA,er,21,0.47816487195927593
4545,11,FFA,er,22,0.48279592731677395
4546,11,FFA,er,23,0.4874161222903692
4547,11,FFA,er,24,0.4930798600086444
4548,11,FFA,er,25,0.49799616203038083
4549,11,FFA,er,26,0.5013531791318132
4550,11,FFA,er,27,0.5048752766073608
4551,11,FFA,er,28,0.508069108584444
4552,11,FFA,er,29,0.5116596383476165
4553,11,FFA,er,30,0.5174641202749187
4554,11,FFA,er,31,0.521854199372711
4555,11,FFA,er,32,0.5250190927725091
4556,11,FFA,er,33,0.5289480425333398
4557,11,FFA,er,34,0.5314025598887218
4558,11,FFA,er,35,0.533745973994904
4559,11,FFA,er,36,0.5365221764378623
4560,11,FFA,er,37,0.5388648678497395
4561,11,FFA,er,38,0.5419567384827438
4562,11,FFA,er,39,0.5439291771500278
4563,11,PPA,er,1,0.10515321163130768
4564,11,PPA,er,2,0.15674394391516752
4565,11,PPA,er,3,0.17928427920056525
4566,11,PPA,er,4,0.1998601839062708
4567,11,PPA,er,5,0.2194585353298959
4568,11,PPA,er,6,0.2350419383467777
4569,11,PPA,er,7,0.24789198549121982
4570,11,PPA,er,8,0.2615030977998407
4571,11,PPA,er,9,0.2790144952318349
4572,11,PPA,er,10,0.29445781709006585
4573,11,PPA,er,11,0.3085961483494361
4574,11,PPA,er,12,0.3202100729541994
4575,11,PPA,er,13,0.3306292666995736
4576,11,PPA,er,14,0.34032304181627876
4577,11,PPA,er,15,0.3459123504269237
4578,11,PPA,er,16,0.35448806666911237
4579,11,PPA,er,17,0.3617093445085948
4580,11,PPA,er,18,0.3681137181137959
4581,11,PPA,er,19,0.3755615937100088
4582,11,PPA,er,20,0.382266722445934
4583,11,PPA,er,21,0.38731928610542976
4584,11,PPA,er,22,0.392276184557731
4585,11,PPA,er,23,0.3969404137865509
4586,11,PPA,er,24,0.40288443866634777
4587,11,PPA,er,25,0.4070404806227858
4588,11,PPA,er,26,0.41151802508716556
4589,11,PPA,er,27,0.4160792908449093
4590,11,PPA,er,28,0.4206367377665677
4591,11,PPA,er,29,0.42493441389223907
4592,11,PPA,er,30,0.43000017258962214
4593,11,PPA,er,31,0.433963773838179
4594,11,PPA,er,32,0.43861618301652067
4595,11,PPA,er,33,0.444053310504873
4596,11,PPA,er,34,0.4481476662131693
4597,11,PPA,er,35,0.4511472629888811
4598,11,PPA,er,36,0.4541513550722917
4599,11,PPA,er,37,0.4573151765607613
4600,11,PPA,er,38,0.4604726703266551
4601,11,PPA,er,39,0.4638952721463367
4602,11,EBA,er,1,0.16203414059938426
4603,11,EBA,er,2,0.25560134052462363
4604,11,EBA,er,3,0.32863637142737373
4605,11,EBA,er,4,0.3616166364324487
4606,11,EBA,er,5,0.3951358009929402
4607,11,EBA,er,6,0.4167041994369359
4608,11,EBA,er,7,0.4319873206352402
4609,11,EBA,er,8,0.4448410094445327
4610,11,EBA,er,9,0.4528886271143881
4611,11,EBA,er,10,0.4610791992065493
4612,11,EBA,er,11,0.4683228968536716
4613,11,EBA,er,12,0.4769689640791081
4614,11,EBA,er,13,0.48609230170275897
4615,11,EBA,er,14,0.49353427248740833
4616,11,EBA,er,15,0.4991575433781332
4617,11,EBA,er,16,0.504105194528161
4618,11,EBA,er,17,0.5114871010364545
4619,11,EBA,er,18,0.5160177195553798
4620,11,EBA,er,19,0.520257746293547
4621,11,EBA,er,20,0.5239362382696645
4622,11,EBA,er,21,0.5303716689319279
4623,11,EBA,er,22,0.5337146716621963
4624,11,EBA,er,23,0.5379723594360533
4625,11,EBA,er,24,0.5422841997173358
4626,11,EBA,er,25,0.5464267622871097
4627,11,EBA,er,26,0.5495390692059992
4628,11,EBA,er,27,0.5530106147723641
4629,11,EBA,er,28,0.5565441779757427
4630,11,EBA,er,29,0.5590651622957032
4631,11,EBA,er,30,0.5618720897883801
4632,11,EBA,er,31,0.5648515822528647
4633,11,EBA,er,32,0.5675404637872482
4634,11,EBA,er,33,0.5701969113721733
4635,11,EBA,er,34,0.5725104658800353
4636,11,EBA,er,35,0.5741995748421004
4637,11,EBA,er,36,0.5766704418630892
4638,11,EBA,er,37,0.5783374985286355
4639,11,EBA,er,38,0.58042849726715
4640,11,EBA,er,39,0.5827869660528143
4641,11,EVC,er,1,0.3836447140166972
4642,11,EVC,er,2,0.46958582912017466
4643,11,EVC,er,3,0.5032402147704408
4644,11,EVC,er,4,0.5430527504374905
4645,11,EVC,er,5,0.558501007095178
4646,11,EVC,er,6,0.566901619601873
4647,11,EVC,er,7,0.5783585329007042
4648,11,EVC,er,8,0.5869790067106082
4649,11,EVC,er,9,0.5925121089828963
4650,11,EVC,er,10,0.5981795423535886
4651,11,EVC,er,11,0.6033886239337175
4652,11,EVC,er,12,0.6101262463598526
4653,11,EVC,er,13,0.6149870150750413
4654,11,EVC,er,14,0.6201108994618505
4655,11,EVC,er,15,0.6234435248832234
4656,11,EVC,er,16,0.6263337075890222
4657,11,EVC,er,17,0.6301383151852906
4658,11,EVC,er,18,0.6331608923501674
4659,11,EVC,er,19,0.6365370974542822
4660,11,EVC,er,20,0.6388611236959832
4661,11,EVC,er,21,0.6417011656343575
4662,11,EVC,er,22,0.6439003418505765
4663,11,EVC,er,23,0.6462696983830026
4664,11,EVC,er,24,0.6477724326372374
4665,11,EVC,er,25,0.6499521496470061
4666,11,EVC,er,26,0.6521453281604183
4667,11,EVC,er,27,0.6536050575018392
4668,11,EVC,er,28,0.6552343483388069
4669,11,EVC,er,29,0.6567002086978272
4670,11,EVC,er,30,0.658383969605518
4671,11,EVC,er,31,0.6597253227325389
4672,11,EVC,er,32,0.6608233434386696
4673,11,EVC,er,33,0.6624864299341225
4674,11,EVC,er,34,0.6639791041137614
4675,11,EVC,er,35,0.6654859228694582
4676,11,EVC,er,36,0.6664698289976306
4677,11,EVC,er,37,0.6675014490706994
4678,11,EVC,er,38,0.6683269423377541
4679,11,EVC,er,39,0.6695169045471738
4680,12,FFA,sus,1,0.3398099750374201
4681,12,FFA,sus,2,0.38809427653146544
4682,12,FFA,sus,3,0.4205535365388342
4683,12,FFA,sus,4,0.4380845221137002
4684,12,FFA,sus,5,0.45456688896041425
4685,12,FFA,sus,6,0.47436696622688107
4686,12,FFA,sus,7,0.48622346215643236
4687,12,FFA,sus,8,0.4986478600746942
4688,12,FFA,sus,9,0.5071646124822714
4689,12,FFA,sus,10,0.513682777734149
4690,12,FFA,sus,11,0.5206159396870559
4691,12,FFA,sus,12,0.5269785799810482
4692,12,FFA,sus,13,0.5332148191245477
4693,12,FFA,sus,14,0.5371256546148697
4694,12,FFA,sus,15,0.5425871208194435
4695,12,FFA,sus,16,0.5479130574830919
4696,12,FFA,sus,17,0.5520279311148805
4697,12,FFA,sus,18,0.5563293165236382
4698,12,FFA,sus,19,0.5602171430441042
4699,12,FFA,sus,20,0.5651380218844352
4700,12,FFA,sus,21,0.5687154113602177
4701,12,FFA,sus,22,0.5726543580018895
4702,12,FFA,sus,23,0.5769154966212425
4703,12,FFA,sus,24,0.5802001197655781
4704,12,FFA,sus,25,0.5834711491182566
4705,12,FFA,sus,26,0.5872987322077566
4706,12,FFA,sus,27,0.5910278077143812
4707,12,FFA,sus,28,0.5936023231247006
4708,12,FFA,sus,29,0.5965866669645351
4709,12,FFA,sus,30,0.5995966968505386
4710,12,FFA,sus,31,0.6015737492171521
4711,12,FFA,sus,32,0.6041821162519495
4712,12,FFA,sus,33,0.6062087030115638
4713,12,FFA,sus,34,0.6079800901736713
4714,12,FFA,sus,35,0.6113122002673551
4715,12,FFA,sus,36,0.6144872151504113
4716,12,FFA,sus,37,0.6164149988392328
4717,12,FFA,sus,38,0.6182528186748552
4718,12,FFA,sus,39,0.6201458130519729
4719,12,PPA,sus,1,0.623247875226354
4720,12,PPA,sus,2,0.6426576377357827
4721,12,PPA,sus,3,0.6618966823999575
4722,12,PPA,sus,4,0.677408992354961
4723,12,PPA,sus,5,0.6883713774068886
4724,12,PPA,sus,6,0.6954444694580951
4725,12,PPA,sus,7,0.7030623317162346
4726,12,PPA,sus,8,0.7103802994869376
4727,12,PPA,sus,9,0.7156101829432764
4728,12,PPA,sus,10,0.7213009616191539
4729,12,PPA,sus,11,0.7263087721231726
4730,12,PPA,sus,12,0.7314335614881804
4731,12,PPA,sus,13,0.7351656389707312
4732,12,PPA,sus,14,0.7385715421443906
4733,12,PPA,sus,15,0.7429252004395893
4734,12,PPA,sus,16,0.7462086612336204
4735,12,PPA,sus,17,0.748487698889109
4736,12,PPA,sus,18,0.7505927526026035
4737,12,PPA,sus,19,0.7521952883762641
4738,12,PPA,sus,20,0.7539045614497611
4739,12,PPA,sus,21,0.7559269926111863
4740,12,PPA,sus,22,0.7575045359214609
4741,12,PPA,sus,23,0.7590468940939719
4742,12,PPA,sus,24,0.7603800838660373
4743,12,PPA,sus,25,0.7616168109963531
4744,12,PPA,sus,26,0.7627261528536066
4745,12,PPA,sus,27,0.7639646161355463
4746,12,PPA,sus,28,0.7649849565277824
4747,12,PPA,sus,29,0.7661894846959586
4748,12,PPA,sus,30,0.7673172247399948
4749,12,PPA,sus,31,0.7682624589893027
4750,12,PPA,sus,32,0.7694108231053901
4751,12,PPA,sus,33,0.7704676389398831
4752,12,PPA,sus,34,0.7712116001149246
4753,12,PPA,sus,35,0.7719242168580354
4754,12,PPA,sus,36,0.7724819490115507
4755,12,PPA,sus,37,0.7729983727095817
4756,12,PPA,sus,38,0.7736702782848169
4757,12,PPA,sus,39,0.774341327340418
4758,12,EBA,sus,1,0.25697629154648677
4759,12,EBA,sus,2,0.35289782047777374
4760,12,EBA,sus,3,0.3936713760603623
4761,12,EBA,sus,4,0.41823287936731796
4762,12,EBA,sus,5,0.4438219400344637
4763,12,EBA,sus,6,0.4595012867091645
4764,12,EBA,sus,7,0.476807254160766
4765,12,EBA,sus,8,0.4871675437572874
4766,12,EBA,sus,9,0.4997339306006398
4767,12,EBA,sus,10,0.512397020152906
4768,12,EBA,sus,11,0.5214734942099679
4769,12,EBA,sus,12,0.5300974327430642
4770,12,EBA,sus,13,0.5375589406320018
4771,12,EBA,sus,14,0.5428855113095438
4772,12,EBA,sus,15,0.5492393635797072
4773,12,EBA,sus,16,0.5538091279860669
4774,12,EBA,sus,17,0.5577718157106903
4775,12,EBA,sus,18,0.5628459220225979
4776,12,EBA,sus,19,0.5668368152187874
4777,12,EBA,sus,20,0.5705924036286676
4778,12,EBA,sus,21,0.5724888516530179
4779,12,EBA,sus,22,0.5761716199866848
4780,12,EBA,sus,23,0.5781142667281761
4781,12,EBA,sus,24,0.5809659522045916
4782,12,EBA,sus,25,0.5837341055538101
4783,12,EBA,sus,26,0.5870680044257505
4784,12,EBA,sus,27,0.589470276960386
4785,12,EBA,sus,28,0.593190822572983
4786,12,EBA,sus,29,0.5961534076611875
4787,12,EBA,sus,30,0.5989768030963685
4788,12,EBA,sus,31,0.6002620580885608
4789,12,EBA,sus,32,0.6024772248282014
4790,12,EBA,sus,33,0.6052500076218972
4791,12,EBA,sus,34,0.6075613522986556
4792,12,EBA,sus,35,0.6096366205882279
4793,12,EBA,sus,36,0.6113645666814861
4794,12,EBA,sus,37,0.6134479884468281
4795,12,EBA,sus,38,0.6151704596013214
4796,12,EBA,sus,39,0.6178351121246137
4797,12,EVC,sus,1,0.6395418641567284
4798,12,EVC,sus,2,0.6694393151065471
4799,12,EVC,sus,3,0.7084370943634953
4800,12,EVC,sus,4,0.7269282208631808
4801,12,EVC,sus,5,0.7345428590984531
4802,12,EVC,sus,6,0.7421626343503097
4803,12,EVC,sus,7,0.7480832381828632
4804,12,EVC,sus,8,0.754867876745941
4805,12,EVC,sus,9,0.7619173268928273
4806,12,EVC,sus,10,0.7679873570734053
4807,12,EVC,sus,11,0.7720538224613239
4808,12,EVC,sus,12,0.7775514903578745
4809,12,EVC,sus,13,0.77971336352162
4810,12,EVC,sus,14,0.7813364460189884
4811,12,EVC,sus,15,0.7837426850854362
4812,12,EVC,sus,16,0.7859046536115232
4813,12,EVC,sus,17,0.7878854906503676
4814,12,EVC,sus,18,0.7898642772958445
4815,12,EVC,sus,19,0.7917815407283455
4816,12,EVC,sus,20,0.7938372218660265
4817,12,EVC,sus,21,0.7955375843047529
4818,12,EVC,sus,22,0.7967469204124343
4819,12,EVC,sus,23,0.7980813480264191
4820,12,EVC,sus,24,0.7992980717729093
4821,12,EVC,sus,25,0.8001622698663798
4822,12,EVC,sus,26,0.8015332510508486
4823,12,EVC,sus,27,0.8023420299483219
4824,12,EVC,sus,28,0.8033517705154036
4825,12,EVC,sus,29,0.8041813229936393
4826,12,EVC,sus,30,0.8049083659908348
4827,12,EVC,sus,31,0.8056025646537357
4828,12,EVC,sus,32,0.8065197134651964
4829,12,EVC,sus,33,0.8071712572291098
4830,12,EVC,sus,34,0.8077532698439115
4831,12,EVC,sus,35,0.8085462602150361
4832,12,EVC,sus,36,0.8093311085843201
4833,12,EVC,sus,37,0.8098768769518677
4834,12,EVC,sus,38,0.8104958933964778
4835,12,EVC,sus,39,0.8109183960207181
4836,12,FFA,miniblock,1,0.4246990314825437
4837,12,FFA,miniblock,2,0.462221600261884
4838,12,FFA,miniblock,3,0.47855268748214086
4839,12,FFA,miniblock,4,0.4986882522564778
4840,12,FFA,miniblock,5,0.5144685868602737
4841,12,FFA,miniblock,6,0.5265809979490738
4842,12,FFA,miniblock,7,0.537201583412236
4843,12,FFA,miniblock,8,0.5452945494091759
4844,12,FFA,miniblock,9,0.5539129864058224
4845,12,FFA,miniblock,10,0.5602235157190191
4846,12,FFA,miniblock,11,0.5666733017623322
4847,12,FFA,miniblock,12,0.5723194775454007
4848,12,FFA,miniblock,13,0.5765430152869203
4849,12,FFA,miniblock,14,0.5800064558931649
4850,12,FFA,miniblock,15,0.5843696525490448
4851,12,FFA,miniblock,16,0.5880505073408103
4852,12,FFA,miniblock,17,0.5914712746163341
4853,12,FFA,miniblock,18,0.5961602931452181
4854,12,FFA,miniblock,19,0.6009282509109147
4855,12,FFA,miniblock,20,0.6049973456617879
4856,12,FFA,miniblock,21,0.6081349404518926
4857,12,FFA,miniblock,22,0.6114524044105548
4858,12,FFA,miniblock,23,0.6157440655434071
4859,12,FFA,miniblock,24,0.6188773415886312
4860,12,FFA,miniblock,25,0.6214080414299393
4861,12,FFA,miniblock,26,0.6238942056402279
4862,12,FFA,miniblock,27,0.6261246900180953
4863,12,FFA,miniblock,28,0.6283533958142354
4864,12,FFA,miniblock,29,0.6310824628240346
4865,12,FFA,miniblock,30,0.6336488223300468
4866,12,FFA,miniblock,31,0.6360697903356364
4867,12,FFA,miniblock,32,0.6377277957818444
4868,12,FFA,miniblock,33,0.6400895708156952
4869,12,FFA,miniblock,34,0.6433790824701059
4870,12,FFA,miniblock,35,0.6454149320806201
4871,12,FFA,miniblock,36,0.6476145699693903
4872,12,FFA,miniblock,37,0.6501367744816559
4873,12,FFA,miniblock,38,0.6523107895971085
4874,12,FFA,miniblock,39,0.6539948083176795
4875,12,PPA,miniblock,1,0.594272230182822
4876,12,PPA,miniblock,2,0.6344855339349218
4877,12,PPA,miniblock,3,0.6545971856929714
4878,12,PPA,miniblock,4,0.6697612709564528
4879,12,PPA,miniblock,5,0.6829618535655491
4880,12,PPA,miniblock,6,0.6915975249940075
4881,12,PPA,miniblock,7,0.6978845490219271
4882,12,PPA,miniblock,8,0.7048177991002961
4883,12,PPA,miniblock,9,0.7119295407455541
4884,12,PPA,miniblock,10,0.7157807711172101
4885,12,PPA,miniblock,11,0.7212567055708714
4886,12,PPA,miniblock,12,0.7249103828014517
4887,12,PPA,miniblock,13,0.7277946990045324
4888,12,PPA,miniblock,14,0.7298507857375336
4889,12,PPA,miniblock,15,0.732506831664879
4890,12,PPA,miniblock,16,0.7354471618338275
4891,12,PPA,miniblock,17,0.7371942210087301
4892,12,PPA,miniblock,18,0.7388922101757412
4893,12,PPA,miniblock,19,0.7409337098608294
4894,12,PPA,miniblock,20,0.7430294217997355
4895,12,PPA,miniblock,21,0.7446746773523981
4896,12,PPA,miniblock,22,0.7459805125838744
4897,12,PPA,miniblock,23,0.7471021290455048
4898,12,PPA,miniblock,24,0.7485272079987247
4899,12,PPA,miniblock,25,0.749824454784266
4900,12,PPA,miniblock,26,0.7510720909061966
4901,12,PPA,miniblock,27,0.7520783065903921
4902,12,PPA,miniblock,28,0.752973607464125
4903,12,PPA,miniblock,29,0.7539940974580128
4904,12,PPA,miniblock,30,0.7548422169426453
4905,12,PPA,miniblock,31,0.7556542526599096
4906,12,PPA,miniblock,32,0.7566718336265338
4907,12,PPA,miniblock,33,0.7574542804859346
4908,12,PPA,miniblock,34,0.75820149734952
4909,12,PPA,miniblock,35,0.7589133010263224
4910,12,PPA,miniblock,36,0.7596228611504419
4911,12,PPA,miniblock,37,0.7603048692053301
4912,12,PPA,miniblock,38,0.7612495048449669
4913,12,PPA,miniblock,39,0.7618051390238251
4914,12,EBA,miniblock,1,0.3191144944452242
4915,12,EBA,miniblock,2,0.418030541789243
4916,12,EBA,miniblock,3,0.45323910623123087
4917,12,EBA,miniblock,4,0.4830373399655669
4918,12,EBA,miniblock,5,0.5034528459285599
4919,12,EBA,miniblock,6,0.5176230332572282
4920,12,EBA,miniblock,7,0.5291295022159068
4921,12,EBA,miniblock,8,0.5419502936612768
4922,12,EBA,miniblock,9,0.5493853885488393
4923,12,EBA,miniblock,10,0.5605335235269505
4924,12,EBA,miniblock,11,0.5685475726249207
4925,12,EBA,miniblock,12,0.5735441537980287
4926,12,EBA,miniblock,13,0.5778458530804543
4927,12,EBA,miniblock,14,0.5831731435396497
4928,12,EBA,miniblock,15,0.5865232515667892
4929,12,EBA,miniblock,16,0.5906317253467679
4930,12,EBA,miniblock,17,0.5931880750826778
4931,12,EBA,miniblock,18,0.5962852037470648
4932,12,EBA,miniblock,19,0.5992285782462576
4933,12,EBA,miniblock,20,0.6030949911039286
4934,12,EBA,miniblock,21,0.6068605908091561
4935,12,EBA,miniblock,22,0.6095090896664018
4936,12,EBA,miniblock,23,0.6123964877091506
4937,12,EBA,miniblock,24,0.6163773633222392
4938,12,EBA,miniblock,25,0.6188937884444492
4939,12,EBA,miniblock,26,0.6215030996510289
4940,12,EBA,miniblock,27,0.6236858304790835
4941,12,EBA,miniblock,28,0.6263921487183709
4942,12,EBA,miniblock,29,0.6286902291313647
4943,12,EBA,miniblock,30,0.6305726109232918
4944,12,EBA,miniblock,31,0.6317096047038504
4945,12,EBA,miniblock,32,0.6336660981180354
4946,12,EBA,miniblock,33,0.6353316214650672
4947,12,EBA,miniblock,34,0.6371608672775396
4948,12,EBA,miniblock,35,0.6390333067022639
4949,12,EBA,miniblock,36,0.6403777345106413
4950,12,EBA,miniblock,37,0.6422820972218622
4951,12,EBA,miniblock,38,0.6437721855187147
4952,12,EBA,miniblock,39,0.6455208866626391
4953,12,EVC,miniblock,1,0.6773567627801086
4954,12,EVC,miniblock,2,0.7290980251646841
4955,12,EVC,miniblock,3,0.746119902581757
4956,12,EVC,miniblock,4,0.7597504087322884
4957,12,EVC,miniblock,5,0.7694584356853079
4958,12,EVC,miniblock,6,0.7760328224202082
4959,12,EVC,miniblock,7,0.780584008805894
4960,12,EVC,miniblock,8,0.7859539898187907
4961,12,EVC,miniblock,9,0.7909812047245457
4962,12,EVC,miniblock,10,0.7958238555931415
4963,12,EVC,miniblock,11,0.799741182917546
4964,12,EVC,miniblock,12,0.8033006375063892
4965,12,EVC,miniblock,13,0.8062896550332508
4966,12,EVC,miniblock,14,0.8091128020106367
4967,12,EVC,miniblock,15,0.8111567771740251
4968,12,EVC,miniblock,16,0.8133321904186367
4969,12,EVC,miniblock,17,0.8152387511934341
4970,12,EVC,miniblock,18,0.8175846822687675
4971,12,EVC,miniblock,19,0.8194327516682968
4972,12,EVC,miniblock,20,0.8209403512456893
4973,12,EVC,miniblock,21,0.8224488207498796
4974,12,EVC,miniblock,22,0.8237775776753532
4975,12,EVC,miniblock,23,0.8249652179983779
4976,12,EVC,miniblock,24,0.8262797602128021
4977,12,EVC,miniblock,25,0.8273752150303717
4978,12,EVC,miniblock,26,0.82844868500057
4979,12,EVC,miniblock,27,0.8291700760425069
4980,12,EVC,miniblock,28,0.8301822214273201
4981,12,EVC,miniblock,29,0.8309799867152837
4982,12,EVC,miniblock,30,0.8316889125029517
4983,12,EVC,miniblock,31,0.832385435685635
4984,12,EVC,miniblock,32,0.8331870184353521
4985,12,EVC,miniblock,33,0.8339807489840219
4986,12,EVC,miniblock,34,0.8350311053307738
4987,12,EVC,miniblock,35,0.8356388004984113
4988,12,EVC,miniblock,36,0.8362902717231849
4989,12,EVC,miniblock,37,0.8367417281268589
4990,12,EVC,miniblock,38,0.8373706869172629
4991,12,EVC,miniblock,39,0.8380237951211985
4992,12,FFA,er,1,0.1990231366258233
4993,12,FFA,er,2,0.23849434814420487
4994,12,FFA,er,3,0.26453106522213804
4995,12,FFA,er,4,0.28508230368540816
4996,12,FFA,er,5,0.29912945081294295
4997,12,FFA,er,6,0.31270927934030546
4998,12,FFA,er,7,0.32245794243989506
4999,12,FFA,er,8,0.3327804573857807
5000,12,FFA,er,9,0.34127932585506215
5001,12,FFA,er,10,0.34771401998149726
5002,12,FFA,er,11,0.35786382841704084
5003,12,FFA,er,12,0.3679008124522883
5004,12,FFA,er,13,0.37557140521885124
5005,12,FFA,er,14,0.38267724993078406
5006,12,FFA,er,15,0.38848519368992496
5007,12,FFA,er,16,0.39429410603157206
5008,12,FFA,er,17,0.39997727462397314
5009,12,FFA,er,18,0.40797823918461723
5010,12,FFA,er,19,0.41283477911658456
5011,12,FFA,er,20,0.41747269378668733
5012,12,FFA,er,21,0.4208367715088365
5013,12,FFA,er,22,0.42590596736796577
5014,12,FFA,er,23,0.43013404135441835
5015,12,FFA,er,24,0.4349304139591454
5016,12,FFA,er,25,0.43857671242944435
5017,12,FFA,er,26,0.441901291080464
5018,12,FFA,er,27,0.4459069140620063
5019,12,FFA,er,28,0.4488794936395804
5020,12,FFA,er,29,0.4527868474257805
5021,12,FFA,er,30,0.45628270569395507
5022,12,FFA,er,31,0.4604797208537663
5023,12,FFA,er,32,0.46338711629831125
5024,12,FFA,er,33,0.4665721056741537
5025,12,FFA,er,34,0.4694397387939273
5026,12,FFA,er,35,0.4716567927297491
5027,12,FFA,er,36,0.4754881217490117
5028,12,FFA,er,37,0.47849084755355337
5029,12,FFA,er,38,0.48182367226362777
5030,12,FFA,er,39,0.4839692959114806
5031,12,PPA,er,1,0.34574255596833864
5032,12,PPA,er,2,0.3901348820688675
5033,12,PPA,er,3,0.4165960914560339
5034,12,PPA,er,4,0.44077805873259396
5035,12,PPA,er,5,0.4544866580986757
5036,12,PPA,er,6,0.4672979857138119
5037,12,PPA,er,7,0.4817436098339843
5038,12,PPA,er,8,0.4911610690802602
5039,12,PPA,er,9,0.501735899817602
5040,12,PPA,er,10,0.5092577897243209
5041,12,PPA,er,11,0.5143578852912591
5042,12,PPA,er,12,0.5181067771492543
5043,12,PPA,er,13,0.5229852393924838
5044,12,PPA,er,14,0.5262186914983941
5045,12,PPA,er,15,0.5294384512294358
5046,12,PPA,er,16,0.5334473763885482
5047,12,PPA,er,17,0.5364662211860521
5048,12,PPA,er,18,0.5385763449020199
5049,12,PPA,er,19,0.5411721902924236
5050,12,PPA,er,20,0.5431217429833803
5051,12,PPA,er,21,0.5458031959037698
5052,12,PPA,er,22,0.5474586774300035
5053,12,PPA,er,23,0.5495684932923478
5054,12,PPA,er,24,0.5512797361023173
5055,12,PPA,er,25,0.5540784960632219
5056,12,PPA,er,26,0.5559268620372091
5057,12,PPA,er,27,0.5575305940457761
5058,12,PPA,er,28,0.5593686895569753
5059,12,PPA,er,29,0.561152102254678
5060,12,PPA,er,30,0.5626017474686585
5061,12,PPA,er,31,0.5643940488970486
5062,12,PPA,er,32,0.5657399666189306
5063,12,PPA,er,33,0.5673157449257521
5064,12,PPA,er,34,0.5685806533656227
5065,12,PPA,er,35,0.5698160719451686
5066,12,PPA,er,36,0.5708130644664055
5067,12,PPA,er,37,0.5718809404788413
5068,12,PPA,er,38,0.5730290830324176
5069,12,PPA,er,39,0.5739174817714453
5070,12,EBA,er,1,0.22383804711062896
5071,12,EBA,er,2,0.26639037388605236
5072,12,EBA,er,3,0.3193752459860447
5073,12,EBA,er,4,0.3548775703293609
5074,12,EBA,er,5,0.38095496044252114
5075,12,EBA,er,6,0.4008745246459104
5076,12,EBA,er,7,0.41280692334054975
5077,12,EBA,er,8,0.421939417660977
5078,12,EBA,er,9,0.430276185981886
5079,12,EBA,er,10,0.438093058606477
5080,12,EBA,er,11,0.4478877136487756
5081,12,EBA,er,12,0.45289404169317155
5082,12,EBA,er,13,0.45886994066938874
5083,12,EBA,er,14,0.4629544186759813
5084,12,EBA,er,15,0.46830596184561485
5085,12,EBA,er,16,0.47275475479215023
5086,12,EBA,er,17,0.47642031063533247
5087,12,EBA,er,18,0.4789789508119359
5088,12,EBA,er,19,0.4829688985923417
5089,12,EBA,er,20,0.4853203505673433
5090,12,EBA,er,21,0.4885988298138842
5091,12,EBA,er,22,0.4924512631082952
5092,12,EBA,er,23,0.49561570517231085
5093,12,EBA,er,24,0.4983580535111917
5094,12,EBA,er,25,0.5007811629318581
5095,12,EBA,er,26,0.5034499222091049
5096,12,EBA,er,27,0.5062802436665129
5097,12,EBA,er,28,0.5083557738607197
5098,12,EBA,er,29,0.5110474101408821
5099,12,EBA,er,30,0.5133860609822619
5100,12,EBA,er,31,0.5152740175851397
5101,12,EBA,er,32,0.5169023263447214
5102,12,EBA,er,33,0.5192507336849485
5103,12,EBA,er,34,0.521056487236036
5104,12,EBA,er,35,0.5229255423637404
5105,12,EBA,er,36,0.5249940874540581
5106,12,EBA,er,37,0.5265574654147726
5107,12,EBA,er,38,0.5282424049843001
5108,12,EBA,er,39,0.5297361151658121
5109,12,EVC,er,1,0.2893018107193132
5110,12,EVC,er,2,0.4809117950017047
5111,12,EVC,er,3,0.49998245965353055
5112,12,EVC,er,4,0.5267035924078445
5113,12,EVC,er,5,0.544040224041943
5114,12,EVC,er,6,0.5587743186252702
5115,12,EVC,er,7,0.5712775313735685
5116,12,EVC,er,8,0.5776090634769756
5117,12,EVC,er,9,0.583742008368024
5118,12,EVC,er,10,0.5877366812294006
5119,12,EVC,er,11,0.5934202952798735
5120,12,EVC,er,12,0.5986915214274887
5121,12,EVC,er,13,0.6034296619198889
5122,12,EVC,er,14,0.6075709887432397
5123,12,EVC,er,15,0.6105199797188469
5124,12,EVC,er,16,0.613949580216769
5125,12,EVC,er,17,0.6168349171593827
5126,12,EVC,er,18,0.6190295629461227
5127,12,EVC,er,19,0.6222183707896183
5128,12,EVC,er,20,0.6247421009845565
5129,12,EVC,er,21,0.6263476519125897
5130,12,EVC,er,22,0.628316215709212
5131,12,EVC,er,23,0.6299896868930168
5132,12,EVC,er,24,0.6315634078467874
5133,12,EVC,er,25,0.6328624771689242
5134,12,EVC,er,26,0.6344951918983496
5135,12,EVC,er,27,0.6358879323650766
5136,12,EVC,er,28,0.636974311465249
5137,12,EVC,er,29,0.6381612149837603
5138,12,EVC,er,30,0.6398439782872122
5139,12,EVC,er,31,0.6414172259585081
5140,12,EVC,er,32,0.6423744503662951
5141,12,EVC,er,33,0.6435341841039846
5142,12,EVC,er,34,0.6447585823790631
5143,12,EVC,er,35,0.645679786005951
5144,12,EVC,er,36,0.6467735941671178
5145,12,EVC,er,37,0.6478240227783914
5146,12,EVC,er,38,0.6488761478708825
5147,12,EVC,er,39,0.6496912836525514
5148,13,FFA,sus,1,0.24631768861573863
5149,13,FFA,sus,2,0.2858799084900929
5150,13,FFA,sus,3,0.3239445493237415
5151,13,FFA,sus,4,0.35740585908598116
5152,13,FFA,sus,5,0.3886617035107744
5153,13,FFA,sus,6,0.418439333086621
5154,13,FFA,sus,7,0.4494172446204277
5155,13,FFA,sus,8,0.47922436470233515
5156,13,FFA,sus,9,0.49106769792349664
5157,13,FFA,sus,10,0.5049826603381895
5158,13,FFA,sus,11,0.516783753731687
5159,13,FFA,sus,12,0.525389683662819
5160,13,FFA,sus,13,0.5304476096697638
5161,13,FFA,sus,14,0.5371105510656906
5162,13,FFA,sus,15,0.5439594365525503
5163,13,FFA,sus,16,0.5519998551182832
5164,13,FFA,sus,17,0.5598048969721346
5165,13,FFA,sus,18,0.5642987676931864
5166,13,FFA,sus,19,0.5698098965738939
5167,13,FFA,sus,20,0.5762090879778963
5168,13,FFA,sus,21,0.5811025121554768
5169,13,FFA,sus,22,0.5853138910582253
5170,13,FFA,sus,23,0.5891477625479398
5171,13,FFA,sus,24,0.5920243225653524
5172,13,FFA,sus,25,0.5958298983238101
5173,13,FFA,sus,26,0.600218634512853
5174,13,FFA,sus,27,0.6031492280111402
5175,13,FFA,sus,28,0.6060370947138644
5176,13,FFA,sus,29,0.6106587382393975
5177,13,FFA,sus,30,0.6126384792671026
5178,13,FFA,sus,31,0.6163110405061859
5179,13,FFA,sus,32,0.6198808045573657
5180,13,FFA,sus,33,0.6224151048977028
5181,13,FFA,sus,34,0.6251656925364045
5182,13,FFA,sus,35,0.6273651769037629
5183,13,FFA,sus,36,0.6292380004155796
5184,13,FFA,sus,37,0.6313619661227513
5185,13,FFA,sus,38,0.6335560840353628
5186,13,FFA,sus,39,0.6353264862333855
5187,13,PPA,sus,1,0.20326122203909636
5188,13,PPA,sus,2,0.26152864591537406
5189,13,PPA,sus,3,0.299393505287431
5190,13,PPA,sus,4,0.33280500476937785
5191,13,PPA,sus,5,0.361463155374756
5192,13,PPA,sus,6,0.38433602195135425
5193,13,PPA,sus,7,0.40200474641825606
5194,13,PPA,sus,8,0.41128441074394645
5195,13,PPA,sus,9,0.4241634053592091
5196,13,PPA,sus,10,0.4353958593587441
5197,13,PPA,sus,11,0.4450593196528348
5198,13,PPA,sus,12,0.45328090291143636
5199,13,PPA,sus,13,0.4594955114666375
5200,13,PPA,sus,14,0.4665619292223698
5201,13,PPA,sus,15,0.4747136790269855
5202,13,PPA,sus,16,0.4798428188327238
5203,13,PPA,sus,17,0.4858910067227358
5204,13,PPA,sus,18,0.4940993994592655
5205,13,PPA,sus,19,0.5025413761123346
5206,13,PPA,sus,20,0.5076651840995096
5207,13,PPA,sus,21,0.5129287036169833
5208,13,PPA,sus,22,0.5181669763672422
5209,13,PPA,sus,23,0.5238870304075581
5210,13,PPA,sus,24,0.5282960166718323
5211,13,PPA,sus,25,0.5333497584414465
5212,13,PPA,sus,26,0.5370753638880178
5213,13,PPA,sus,27,0.5393043852229683
5214,13,PPA,sus,28,0.5426962789867119
5215,13,PPA,sus,29,0.5454066116350547
5216,13,PPA,sus,30,0.5481769656425927
5217,13,PPA,sus,31,0.5512520273564276
5218,13,PPA,sus,32,0.5540623554224742
5219,13,PPA,sus,33,0.5572360932407916
5220,13,PPA,sus,34,0.5609195809730937
5221,13,PPA,sus,35,0.5637988051220005
5222,13,PPA,sus,36,0.5655862452116392
5223,13,PPA,sus,37,0.5679874541988069
5224,13,PPA,sus,38,0.5701113475046596
5225,13,PPA,sus,39,0.5718460379471061
5226,13,EBA,sus,1,0.3204270948546549
5227,13,EBA,sus,2,0.38209873795086063
5228,13,EBA,sus,3,0.4206247682036774
5229,13,EBA,sus,4,0.46003998737249113
5230,13,EBA,sus,5,0.48519505949422753
5231,13,EBA,sus,6,0.5046410302528448
5232,13,EBA,sus,7,0.5175157834406373
5233,13,EBA,sus,8,0.5249557847074247
5234,13,EBA,sus,9,0.5322373346662997
5235,13,EBA,sus,10,0.5420375842885902
5236,13,EBA,sus,11,0.5502523225023156
5237,13,EBA,sus,12,0.5564228690637367
5238,13,EBA,sus,13,0.5622677755631525
5239,13,EBA,sus,14,0.5686376300131443
5240,13,EBA,sus,15,0.5750748754634829
5241,13,EBA,sus,16,0.5807223017263594
5242,13,EBA,sus,17,0.5853214567895814
5243,13,EBA,sus,18,0.5903767145063005
5244,13,EBA,sus,19,0.5944528515565616
5245,13,EBA,sus,20,0.5972975165528721
5246,13,EBA,sus,21,0.6018284698643251
5247,13,EBA,sus,22,0.6043343603722987
5248,13,EBA,sus,23,0.6067741909664418
5249,13,EBA,sus,24,0.6101257499562429
5250,13,EBA,sus,25,0.6134523170279268
5251,13,EBA,sus,26,0.614859934178363
5252,13,EBA,sus,27,0.6170630121467409
5253,13,EBA,sus,28,0.6186604984539229
5254,13,EBA,sus,29,0.6205514348122784
5255,13,EBA,sus,30,0.6228124276047263
5256,13,EBA,sus,31,0.6258229826157674
5257,13,EBA,sus,32,0.627511152608111
5258,13,EBA,sus,33,0.628822776383622
5259,13,EBA,sus,34,0.6301223962994971
5260,13,EBA,sus,35,0.6313852259064111
5261,13,EBA,sus,36,0.6325579543819019
5262,13,EBA,sus,37,0.6339038710496095
5263,13,EBA,sus,38,0.6351785187109107
5264,13,EBA,sus,39,0.6362405254511142
5265,13,EVC,sus,1,0.37849471658586636
5266,13,EVC,sus,2,0.4419190318441177
5267,13,EVC,sus,3,0.47902259387413954
5268,13,EVC,sus,4,0.5056973884385204
5269,13,EVC,sus,5,0.526124117353462
5270,13,EVC,sus,6,0.5544585183093025
5271,13,EVC,sus,7,0.5731106790597809
5272,13,EVC,sus,8,0.590207121190364
5273,13,EVC,sus,9,0.6015323528534035
5274,13,EVC,sus,10,0.6131177975176464
5275,13,EVC,sus,11,0.6236483369049812
5276,13,EVC,sus,12,0.6308873785004491
5277,13,EVC,sus,13,0.637896063309196
5278,13,EVC,sus,14,0.6427295290314619
5279,13,EVC,sus,15,0.6489301517546741
5280,13,EVC,sus,16,0.6546415186655263
5281,13,EVC,sus,17,0.6576132729160152
5282,13,EVC,sus,18,0.6609515139381898
5283,13,EVC,sus,19,0.6646112985895444
5284,13,EVC,sus,20,0.6681231016814632
5285,13,EVC,sus,21,0.6710773650077471
5286,13,EVC,sus,22,0.6731583629416891
5287,13,EVC,sus,23,0.6752618774898099
5288,13,EVC,sus,24,0.6771974718145759
5289,13,EVC,sus,25,0.6781334090676353
5290,13,EVC,sus,26,0.6799422737585649
5291,13,EVC,sus,27,0.6815478959965316
5292,13,EVC,sus,28,0.6840287705944185
5293,13,EVC,sus,29,0.6851128011425357
5294,13,EVC,sus,30,0.6865729485328775
5295,13,EVC,sus,31,0.6876036204679498
5296,13,EVC,sus,32,0.6889175088221716
5297,13,EVC,sus,33,0.6904866931204164
5298,13,EVC,sus,34,0.6916774705619275
5299,13,EVC,sus,35,0.6929444079203403
5300,13,EVC,sus,36,0.6940755322042115
5301,13,EVC,sus,37,0.6950950682069029
5302,13,EVC,sus,38,0.6958920175991291
5303,13,EVC,sus,39,0.6966412940720427
5304,13,FFA,miniblock,1,0.3876253647291157
5305,13,FFA,miniblock,2,0.42101931190550146
5306,13,FFA,miniblock,3,0.44008317541441794
5307,13,FFA,miniblock,4,0.46345782382606976
5308,13,FFA,miniblock,5,0.47952089760165
5309,13,FFA,miniblock,6,0.49887266197571517
5310,13,FFA,miniblock,7,0.5127655202584164
5311,13,FFA,miniblock,8,0.5221095674832507
5312,13,FFA,miniblock,9,0.5320045082512246
5313,13,FFA,miniblock,10,0.5400169582160546
5314,13,FFA,miniblock,11,0.5481924639059831
5315,13,FFA,miniblock,12,0.5549483207719139
5316,13,FFA,miniblock,13,0.5623812181776614
5317,13,FFA,miniblock,14,0.5680778372602094
5318,13,FFA,miniblock,15,0.5755755105900572
5319,13,FFA,miniblock,16,0.581410705191047
5320,13,FFA,miniblock,17,0.5873744790471652
5321,13,FFA,miniblock,18,0.5935080553931197
5322,13,FFA,miniblock,19,0.5974037972918971
5323,13,FFA,miniblock,20,0.6014483124584546
5324,13,FFA,miniblock,21,0.6064556305147073
5325,13,FFA,miniblock,22,0.6100062053480336
5326,13,FFA,miniblock,23,0.6135801327379327
5327,13,FFA,miniblock,24,0.6169412093049197
5328,13,FFA,miniblock,25,0.6203226149502854
5329,13,FFA,miniblock,26,0.62359524012159
5330,13,FFA,miniblock,27,0.6257068580714803
5331,13,FFA,miniblock,28,0.6281822565621066
5332,13,FFA,miniblock,29,0.6317038107851309
5333,13,FFA,miniblock,30,0.6344610686709827
5334,13,FFA,miniblock,31,0.6365327982003745
5335,13,FFA,miniblock,32,0.6389948140400352
5336,13,FFA,miniblock,33,0.6410208154111728
5337,13,FFA,miniblock,34,0.6435439555109567
5338,13,FFA,miniblock,35,0.6451440651113333
5339,13,FFA,miniblock,36,0.6464118707453068
5340,13,FFA,miniblock,37,0.6481881561900806
5341,13,FFA,miniblock,38,0.6498250646762281
5342,13,FFA,miniblock,39,0.6519075244070542
5343,13,PPA,miniblock,1,0.2477848419930128
5344,13,PPA,miniblock,2,0.2814023834457277
5345,13,PPA,miniblock,3,0.333858057372251
5346,13,PPA,miniblock,4,0.3619644751671765
5347,13,PPA,miniblock,5,0.38516523344442666
5348,13,PPA,miniblock,6,0.4057188527862125
5349,13,PPA,miniblock,7,0.41593378375896745
5350,13,PPA,miniblock,8,0.42720669787421217
5351,13,PPA,miniblock,9,0.4430600234355851
5352,13,PPA,miniblock,10,0.4566098575934454
5353,13,PPA,miniblock,11,0.4694479412273959
5354,13,PPA,miniblock,12,0.4774752913266264
5355,13,PPA,miniblock,13,0.48541580034532633
5356,13,PPA,miniblock,14,0.49432654398206716
5357,13,PPA,miniblock,15,0.5012075092510345
5358,13,PPA,miniblock,16,0.5084855497454371
5359,13,PPA,miniblock,17,0.5152421522758911
5360,13,PPA,miniblock,18,0.523846262042201
5361,13,PPA,miniblock,19,0.5290197392446988
5362,13,PPA,miniblock,20,0.5367626797805811
5363,13,PPA,miniblock,21,0.542120530772747
5364,13,PPA,miniblock,22,0.5462317559945016
5365,13,PPA,miniblock,23,0.5526600398000666
5366,13,PPA,miniblock,24,0.5572355021938281
5367,13,PPA,miniblock,25,0.5620882752077647
5368,13,PPA,miniblock,26,0.5657825986500806
5369,13,PPA,miniblock,27,0.5690673493232755
5370,13,PPA,miniblock,28,0.5715366230562161
5371,13,PPA,miniblock,29,0.5749271671775472
5372,13,PPA,miniblock,30,0.578128006679295
5373,13,PPA,miniblock,31,0.5806683250661125
5374,13,PPA,miniblock,32,0.5838803085922312
5375,13,PPA,miniblock,33,0.5864009809213656
5376,13,PPA,miniblock,34,0.5890370013547249
5377,13,PPA,miniblock,35,0.5923473416877458
5378,13,PPA,miniblock,36,0.5943460923935081
5379,13,PPA,miniblock,37,0.5970483802770538
5380,13,PPA,miniblock,38,0.5995344080655812
5381,13,PPA,miniblock,39,0.6018827175127713
5382,13,EBA,miniblock,1,0.4663180123802215
5383,13,EBA,miniblock,2,0.5213815774855625
5384,13,EBA,miniblock,3,0.5493887627282187
5385,13,EBA,miniblock,4,0.5728862977474656
5386,13,EBA,miniblock,5,0.5898836733961769
5387,13,EBA,miniblock,6,0.6106552328408573
5388,13,EBA,miniblock,7,0.6221668885753365
5389,13,EBA,miniblock,8,0.6322944222694091
5390,13,EBA,miniblock,9,0.6408824279450746
5391,13,EBA,miniblock,10,0.64939230438981
5392,13,EBA,miniblock,11,0.6549361007046722
5393,13,EBA,miniblock,12,0.6626452492794993
5394,13,EBA,miniblock,13,0.6723003622152643
5395,13,EBA,miniblock,14,0.6782186157655247
5396,13,EBA,miniblock,15,0.6855779482976535
5397,13,EBA,miniblock,16,0.6894491283508223
5398,13,EBA,miniblock,17,0.6930054913649656
5399,13,EBA,miniblock,18,0.6974510485362607
5400,13,EBA,miniblock,19,0.70067365447577
5401,13,EBA,miniblock,20,0.703039760761652
5402,13,EBA,miniblock,21,0.7064179634356872
5403,13,EBA,miniblock,22,0.7092491720111367
5404,13,EBA,miniblock,23,0.7120349372080174
5405,13,EBA,miniblock,24,0.7143626026575611
5406,13,EBA,miniblock,25,0.7159440788683497
5407,13,EBA,miniblock,26,0.7178816927019209
5408,13,EBA,miniblock,27,0.7203319561383723
5409,13,EBA,miniblock,28,0.7224907567370522
5410,13,EBA,miniblock,29,0.7245536744370172
5411,13,EBA,miniblock,30,0.7263893164967552
5412,13,EBA,miniblock,31,0.7280379161011986
5413,13,EBA,miniblock,32,0.7294154769187026
5414,13,EBA,miniblock,33,0.730875004275786
5415,13,EBA,miniblock,34,0.7325681596935896
5416,13,EBA,miniblock,35,0.7335296227768211
5417,13,EBA,miniblock,36,0.734826763924398
5418,13,EBA,miniblock,37,0.7359983114830505
5419,13,EBA,miniblock,38,0.7378210822020342
5420,13,EBA,miniblock,39,0.7388447401739707
5421,13,EVC,miniblock,1,0.5055416845070105
5422,13,EVC,miniblock,2,0.5317033277881373
5423,13,EVC,miniblock,3,0.5522289072622243
5424,13,EVC,miniblock,4,0.5746881355334255
5425,13,EVC,miniblock,5,0.5903742331465859
5426,13,EVC,miniblock,6,0.6056764578965895
5427,13,EVC,miniblock,7,0.6176829016385078
5428,13,EVC,miniblock,8,0.6269430133507866
5429,13,EVC,miniblock,9,0.6358077493345857
5430,13,EVC,miniblock,10,0.6432955479994132
5431,13,EVC,miniblock,11,0.652422722954178
5432,13,EVC,miniblock,12,0.6595890987718108
5433,13,EVC,miniblock,13,0.6659801674051796
5434,13,EVC,miniblock,14,0.6737675231331433
5435,13,EVC,miniblock,15,0.6791564970725495
5436,13,EVC,miniblock,16,0.6828595926488444
5437,13,EVC,miniblock,17,0.688505512240801
5438,13,EVC,miniblock,18,0.6916455933430928
5439,13,EVC,miniblock,19,0.6945216580994763
5440,13,EVC,miniblock,20,0.6976492985271815
5441,13,EVC,miniblock,21,0.7008722274184235
5442,13,EVC,miniblock,22,0.7031862749127479
5443,13,EVC,miniblock,23,0.7054250468923344
5444,13,EVC,miniblock,24,0.7080425665963644
5445,13,EVC,miniblock,25,0.7098899801244501
5446,13,EVC,miniblock,26,0.7114040374588243
5447,13,EVC,miniblock,27,0.7134894221615514
5448,13,EVC,miniblock,28,0.71567736545017
5449,13,EVC,miniblock,29,0.7175490722663987
5450,13,EVC,miniblock,30,0.7199866608475199
5451,13,EVC,miniblock,31,0.7217269462585546
5452,13,EVC,miniblock,32,0.7228750027240095
5453,13,EVC,miniblock,33,0.7245102296108867
5454,13,EVC,miniblock,34,0.7255732173492792
5455,13,EVC,miniblock,35,0.7265838035210234
5456,13,EVC,miniblock,36,0.7281799193868865
5457,13,EVC,miniblock,37,0.7290523744881002
5458,13,EVC,miniblock,38,0.7301499996453914
5459,13,EVC,miniblock,39,0.7307729284280368
5460,13,FFA,er,1,0.2562756228410142
5461,13,FFA,er,2,0.27852985291640103
5462,13,FFA,er,3,0.2989196272018935
5463,13,FFA,er,4,0.3337632558407746
5464,13,FFA,er,5,0.3609072126475185
5465,13,FFA,er,6,0.38709188778599085
5466,13,FFA,er,7,0.4112710439346626
5467,13,FFA,er,8,0.43350565293725457
5468,13,FFA,er,9,0.4520800237221923
5469,13,FFA,er,10,0.4633931929244399
5470,13,FFA,er,11,0.4742438984497906
5471,13,FFA,er,12,0.48499170829963406
5472,13,FFA,er,13,0.4929167531074017
5473,13,FFA,er,14,0.5002091258461352
5474,13,FFA,er,15,0.5079867155753325
5475,13,FFA,er,16,0.5150458947459798
5476,13,FFA,er,17,0.5200660911709067
5477,13,FFA,er,18,0.5255397807253263
5478,13,FFA,er,19,0.5321086064023827
5479,13,FFA,er,20,0.5401022347229522
5480,13,FFA,er,21,0.5476307254719034
5481,13,FFA,er,22,0.5520399269502656
5482,13,FFA,er,23,0.5569111356931854
5483,13,FFA,er,24,0.5603069901734982
5484,13,FFA,er,25,0.5649087898316287
5485,13,FFA,er,26,0.5708842441932191
5486,13,FFA,er,27,0.5750708995156731
5487,13,FFA,er,28,0.5790849564990168
5488,13,FFA,er,29,0.5831512890490159
5489,13,FFA,er,30,0.585581457922799
5490,13,FFA,er,31,0.5909025378449214
5491,13,FFA,er,32,0.5945643795416016
5492,13,FFA,er,33,0.5987032112017975
5493,13,FFA,er,34,0.6011453486439476
5494,13,FFA,er,35,0.6041196497222137
5495,13,FFA,er,36,0.6067876806243692
5496,13,FFA,er,37,0.6104764022779282
5497,13,FFA,er,38,0.6128186905588479
5498,13,FFA,er,39,0.6150064345401768
5499,13,PPA,er,1,0.15749483733712621
5500,13,PPA,er,2,0.24883639816372896
5501,13,PPA,er,3,0.29574907604999406
5502,13,PPA,er,4,0.31626824250341234
5503,13,PPA,er,5,0.33723480599992356
5504,13,PPA,er,6,0.3559651523166834
5505,13,PPA,er,7,0.37214000969198663
5506,13,PPA,er,8,0.3902649815022665
5507,13,PPA,er,9,0.4048275509564863
5508,13,PPA,er,10,0.42029914574984834
5509,13,PPA,er,11,0.43790760788145766
5510,13,PPA,er,12,0.45188486962021596
5511,13,PPA,er,13,0.4599078027145655
5512,13,PPA,er,14,0.47273316344917155
5513,13,PPA,er,15,0.48398805181922877
5514,13,PPA,er,16,0.4932425337011976
5515,13,PPA,er,17,0.5014260049427338
5516,13,PPA,er,18,0.5104201017948511
5517,13,PPA,er,19,0.5177096647692382
5518,13,PPA,er,20,0.5266219841857795
5519,13,PPA,er,21,0.5332140491076716
5520,13,PPA,er,22,0.5400965648724915
5521,13,PPA,er,23,0.5455975013720141
5522,13,PPA,er,24,0.5502812842322488
5523,13,PPA,er,25,0.5563353662424958
5524,13,PPA,er,26,0.5617268824508859
5525,13,PPA,er,27,0.5652190788067613
5526,13,PPA,er,28,0.5690613814001995
5527,13,PPA,er,29,0.5747957631062691
5528,13,PPA,er,30,0.5794401161326235
5529,13,PPA,er,31,0.5849838995506834
5530,13,PPA,er,32,0.5885634488905942
5531,13,PPA,er,33,0.591970503638712
5532,13,PPA,er,34,0.5951364351223924
5533,13,PPA,er,35,0.5984251185802558
5534,13,PPA,er,36,0.601353186323608
5535,13,PPA,er,37,0.6046956991203425
5536,13,PPA,er,38,0.6073422348110474
5537,13,PPA,er,39,0.6104504753927164
5538,13,EBA,er,1,0.24023443080764575
5539,13,EBA,er,2,0.2852395879660755
5540,13,EBA,er,3,0.32134121495816614
5541,13,EBA,er,4,0.37741916457199237
5542,13,EBA,er,5,0.4022663708310475
5543,13,EBA,er,6,0.42327390589199476
5544,13,EBA,er,7,0.43941734983437936
5545,13,EBA,er,8,0.4530659292858343
5546,13,EBA,er,9,0.46120265720408776
5547,13,EBA,er,10,0.4735767171735903
5548,13,EBA,er,11,0.48240515168308057
5549,13,EBA,er,12,0.492405558251334
5550,13,EBA,er,13,0.5001187144845592
5551,13,EBA,er,14,0.5066430152751148
5552,13,EBA,er,15,0.5139914413438926
5553,13,EBA,er,16,0.5194793195254247
5554,13,EBA,er,17,0.5238220190937165
5555,13,EBA,er,18,0.5298573269400292
5556,13,EBA,er,19,0.5369706825770298
5557,13,EBA,er,20,0.5396263722923006
5558,13,EBA,er,21,0.5454705392635605
5559,13,EBA,er,22,0.5497963468889866
5560,13,EBA,er,23,0.5554713902839034
5561,13,EBA,er,24,0.557698031241549
5562,13,EBA,er,25,0.5623029126137533
5563,13,EBA,er,26,0.5654032710427402
5564,13,EBA,er,27,0.5675963771399121
5565,13,EBA,er,28,0.570821634692173
5566,13,EBA,er,29,0.573776422914052
5567,13,EBA,er,30,0.5760731669553224
5568,13,EBA,er,31,0.5782821459349959
5569,13,EBA,er,32,0.580258807693632
5570,13,EBA,er,33,0.582089778791549
5571,13,EBA,er,34,0.5843648575146921
5572,13,EBA,er,35,0.5869762494682104
5573,13,EBA,er,36,0.5892796406322065
5574,13,EBA,er,37,0.5910298335461616
5575,13,EBA,er,38,0.5933565045208588
5576,13,EBA,er,39,0.5953682237479483
5577,13,EVC,er,1,0.224626521878198
5578,13,EVC,er,2,0.29239338610272586
5579,13,EVC,er,3,0.33554414367764923
5580,13,EVC,er,4,0.3669055180520138
5581,13,EVC,er,5,0.38697345705870817
5582,13,EVC,er,6,0.40146080279766383
5583,13,EVC,er,7,0.41784601914081404
5584,13,EVC,er,8,0.43557292440615253
5585,13,EVC,er,9,0.44405650796308893
5586,13,EVC,er,10,0.45577515122358286
5587,13,EVC,er,11,0.4637369473822026
5588,13,EVC,er,12,0.4737290271967363
5589,13,EVC,er,13,0.48170103403106235
5590,13,EVC,er,14,0.4867666115672373
5591,13,EVC,er,15,0.490338143153713
5592,13,EVC,er,16,0.49565444084171045
5593,13,EVC,er,17,0.49837132013687374
5594,13,EVC,er,18,0.5026625621987663
5595,13,EVC,er,19,0.5070583292438658
5596,13,EVC,er,20,0.5103103121193057
5597,13,EVC,er,21,0.513500251734372
5598,13,EVC,er,22,0.5164872037670563
5599,13,EVC,er,23,0.5187373666638916
5600,13,EVC,er,24,0.5220144590215344
5601,13,EVC,er,25,0.5248437014293921
5602,13,EVC,er,26,0.5274958139236273
5603,13,EVC,er,27,0.5304074893595071
5604,13,EVC,er,28,0.5324565132810569
5605,13,EVC,er,29,0.5352629657139105
5606,13,EVC,er,30,0.5364800209998465
5607,13,EVC,er,31,0.5387507663594876
5608,13,EVC,er,32,0.5398387897771029
5609,13,EVC,er,33,0.5425592708010956
5610,13,EVC,er,34,0.5449418074098276
5611,13,EVC,er,35,0.5460628207581333
5612,13,EVC,er,36,0.5473162753610554
5613,13,EVC,er,37,0.5483287252666741
5614,13,EVC,er,38,0.5496864862468797
5615,13,EVC,er,39,0.5512454994567106
5616,14,FFA,sus,1,0.40932597798580056
5617,14,FFA,sus,2,0.48278749641351926
5618,14,FFA,sus,3,0.5203739503688314
5619,14,FFA,sus,4,0.5452151953076066
5620,14,FFA,sus,5,0.5586351660459777
5621,14,FFA,sus,6,0.5747055883703637
5622,14,FFA,sus,7,0.5903483288413318
5623,14,FFA,sus,8,0.5990128715730476
5624,14,FFA,sus,9,0.6050435245870397
5625,14,FFA,sus,10,0.612469753377849
5626,14,FFA,sus,11,0.6173822292861301
5627,14,FFA,sus,12,0.6257574436397823
5628,14,FFA,sus,13,0.6330591136277703
5629,14,FFA,sus,14,0.6397884362464624
5630,14,FFA,sus,15,0.6436857020754445
5631,14,FFA,sus,16,0.648023650771708
5632,14,FFA,sus,17,0.6521043672072445
5633,14,FFA,sus,18,0.655786048710075
5634,14,FFA,sus,19,0.6596334099844613
5635,14,FFA,sus,20,0.6621202024460008
5636,14,FFA,sus,21,0.664907649826234
5637,14,FFA,sus,22,0.666871346304653
5638,14,FFA,sus,23,0.669168288679353
5639,14,FFA,sus,24,0.6721213592996748
5640,14,FFA,sus,25,0.6771645195027692
5641,14,FFA,sus,26,0.6807882143043553
5642,14,FFA,sus,27,0.6838489162366578
5643,14,FFA,sus,28,0.686411491408033
5644,14,FFA,sus,29,0.6887423596330121
5645,14,FFA,sus,30,0.6907246136970292
5646,14,FFA,sus,31,0.6927793834413851
5647,14,FFA,sus,32,0.6941711399873877
5648,14,FFA,sus,33,0.6953672887253756
5649,14,FFA,sus,34,0.6967325919245987
5650,14,FFA,sus,35,0.6981249387179878
5651,14,FFA,sus,36,0.6992200074140765
5652,14,FFA,sus,37,0.7007888893053481
5653,14,FFA,sus,38,0.7019789840910002
5654,14,FFA,sus,39,0.7029500455843637
5655,14,PPA,sus,1,0.16736675981459856
5656,14,PPA,sus,2,0.2278066905035163
5657,14,PPA,sus,3,0.2674115050054811
5658,14,PPA,sus,4,0.29607145531782003
5659,14,PPA,sus,5,0.32448993338897075
5660,14,PPA,sus,6,0.3486242346507437
5661,14,PPA,sus,7,0.3669452978203844
5662,14,PPA,sus,8,0.38630936504155794
5663,14,PPA,sus,9,0.3974238956722238
5664,14,PPA,sus,10,0.407156335877971
5665,14,PPA,sus,11,0.4201284394939317
5666,14,PPA,sus,12,0.43134083273707907
5667,14,PPA,sus,13,0.4408682875780399
5668,14,PPA,sus,14,0.4483714720035216
5669,14,PPA,sus,15,0.45913776409410706
5670,14,PPA,sus,16,0.4668911098386234
5671,14,PPA,sus,17,0.4740221942139327
5672,14,PPA,sus,18,0.48029596767852184
5673,14,PPA,sus,19,0.48611736333568817
5674,14,PPA,sus,20,0.49043367532242393
5675,14,PPA,sus,21,0.49638062058420895
5676,14,PPA,sus,22,0.5003026153488935
5677,14,PPA,sus,23,0.5046917711355826
5678,14,PPA,sus,24,0.5112028295856691
5679,14,PPA,sus,25,0.5159257364266445
5680,14,PPA,sus,26,0.5210205269374919
5681,14,PPA,sus,27,0.5266305152311154
5682,14,PPA,sus,28,0.5311576351715747
5683,14,PPA,sus,29,0.5350787591944451
5684,14,PPA,sus,30,0.538558838804344
5685,14,PPA,sus,31,0.541968899402857
5686,14,PPA,sus,32,0.5459695468726485
5687,14,PPA,sus,33,0.5490808894712866
5688,14,PPA,sus,34,0.5517366044620504
5689,14,PPA,sus,35,0.5551474685755144
5690,14,PPA,sus,36,0.5578610656806176
5691,14,PPA,sus,37,0.5603865803858045
5692,14,PPA,sus,38,0.5631638669398181
5693,14,PPA,sus,39,0.5658199681547107
5694,14,EBA,sus,1,0.2215937489412556
5695,14,EBA,sus,2,0.3205789386097547
5696,14,EBA,sus,3,0.3440411782723925
5697,14,EBA,sus,4,0.35861995962018334
5698,14,EBA,sus,5,0.37491921730044675
5699,14,EBA,sus,6,0.3943137093026537
5700,14,EBA,sus,7,0.4055551160401613
5701,14,EBA,sus,8,0.4183490331838313
5702,14,EBA,sus,9,0.4308168528678869
5703,14,EBA,sus,10,0.4421667854449824
5704,14,EBA,sus,11,0.44822357679626923
5705,14,EBA,sus,12,0.45506321785857873
5706,14,EBA,sus,13,0.4597784573425157
5707,14,EBA,sus,14,0.4629535467663309
5708,14,EBA,sus,15,0.46920763603367854
5709,14,EBA,sus,16,0.47445832768173385
5710,14,EBA,sus,17,0.47746111482072084
5711,14,EBA,sus,18,0.4801652348735443
5712,14,EBA,sus,19,0.48395232683845274
5713,14,EBA,sus,20,0.486922373071482
5714,14,EBA,sus,21,0.49015376762033386
5715,14,EBA,sus,22,0.4931603996741525
5716,14,EBA,sus,23,0.49589108662681536
5717,14,EBA,sus,24,0.4986100803378987
5718,14,EBA,sus,25,0.5020305407084035
5719,14,EBA,sus,26,0.5036719631532932
5720,14,EBA,sus,27,0.5062370576750198
5721,14,EBA,sus,28,0.5079137149765184
5722,14,EBA,sus,29,0.5099986206849766
5723,14,EBA,sus,30,0.5119790853207892
5724,14,EBA,sus,31,0.5140584786568939
5725,14,EBA,sus,32,0.51594672177869
5726,14,EBA,sus,33,0.5179635761621423
5727,14,EBA,sus,34,0.5200007038215512
5728,14,EBA,sus,35,0.521825059861534
5729,14,EBA,sus,36,0.5233022089096026
5730,14,EBA,sus,37,0.5254121897999715
5731,14,EBA,sus,38,0.526517293748988
5732,14,EBA,sus,39,0.5282667348719807
5733,14,EVC,sus,1,0.5052325008721764
5734,14,EVC,sus,2,0.5875998251043862
5735,14,EVC,sus,3,0.6130740240093031
5736,14,EVC,sus,4,0.6303022872584364
5737,14,EVC,sus,5,0.6430941383507763
5738,14,EVC,sus,6,0.6536325013407289
5739,14,EVC,sus,7,0.6656741394919555
5740,14,EVC,sus,8,0.669876024147301
5741,14,EVC,sus,9,0.6756989956770697
5742,14,EVC,sus,10,0.680797608285828
5743,14,EVC,sus,11,0.6850918789608859
5744,14,EVC,sus,12,0.6886163409682743
5745,14,EVC,sus,13,0.6923993417060511
5746,14,EVC,sus,14,0.6979586813032199
5747,14,EVC,sus,15,0.7026101854085031
5748,14,EVC,sus,16,0.7054625380170524
5749,14,EVC,sus,17,0.7072063197688777
5750,14,EVC,sus,18,0.7095472104760548
5751,14,EVC,sus,19,0.7115583635720603
5752,14,EVC,sus,20,0.7142329468941592
5753,14,EVC,sus,21,0.7159426711592999
5754,14,EVC,sus,22,0.7181496973991935
5755,14,EVC,sus,23,0.720639093203452
5756,14,EVC,sus,24,0.7221463886591506
5757,14,EVC,sus,25,0.7240297896333758
5758,14,EVC,sus,26,0.7259356428353421
5759,14,EVC,sus,27,0.7273558664210772
5760,14,EVC,sus,28,0.7286900157542634
5761,14,EVC,sus,29,0.729698408252907
5762,14,EVC,sus,30,0.7311259978397272
5763,14,EVC,sus,31,0.7322813027978397
5764,14,EVC,sus,32,0.7333218170490663
5765,14,EVC,sus,33,0.7349456098217729
5766,14,EVC,sus,34,0.7358288383067508
5767,14,EVC,sus,35,0.7365819268020184
5768,14,EVC,sus,36,0.7375646667339287
5769,14,EVC,sus,37,0.7383751813021671
5770,14,EVC,sus,38,0.7389015721957731
5771,14,EVC,sus,39,0.7394720004490222
5772,14,FFA,miniblock,1,0.5249162027367141
5773,14,FFA,miniblock,2,0.5617842713860323
5774,14,FFA,miniblock,3,0.5955908361575619
5775,14,FFA,miniblock,4,0.6252592930929997
5776,14,FFA,miniblock,5,0.6452051785492591
5777,14,FFA,miniblock,6,0.6595843931332039
5778,14,FFA,miniblock,7,0.6775877926297068
5779,14,FFA,miniblock,8,0.6869852218238081
5780,14,FFA,miniblock,9,0.6916838272671622
5781,14,FFA,miniblock,10,0.6963264316150717
5782,14,FFA,miniblock,11,0.7013631593597355
5783,14,FFA,miniblock,12,0.705633841748465
5784,14,FFA,miniblock,13,0.7095275322496536
5785,14,FFA,miniblock,14,0.7171206403876291
5786,14,FFA,miniblock,15,0.7227121288793477
5787,14,FFA,miniblock,16,0.7267945458213481
5788,14,FFA,miniblock,17,0.7306240278234147
5789,14,FFA,miniblock,18,0.7346510296940257
5790,14,FFA,miniblock,19,0.737933978622081
5791,14,FFA,miniblock,20,0.7417225189124158
5792,14,FFA,miniblock,21,0.7438383207972675
5793,14,FFA,miniblock,22,0.7479289795878579
5794,14,FFA,miniblock,23,0.7502014655844572
5795,14,FFA,miniblock,24,0.7519883929984621
5796,14,FFA,miniblock,25,0.7545045693382167
5797,14,FFA,miniblock,26,0.7561677988556831
5798,14,FFA,miniblock,27,0.7589491716845785
5799,14,FFA,miniblock,28,0.7606501391161272
5800,14,FFA,miniblock,29,0.7626201676547245
5801,14,FFA,miniblock,30,0.7647846552775744
5802,14,FFA,miniblock,31,0.7665405598449961
5803,14,FFA,miniblock,32,0.7686032959423211
5804,14,FFA,miniblock,33,0.7701648807112779
5805,14,FFA,miniblock,34,0.7709042143363897
5806,14,FFA,miniblock,35,0.7722174233055847
5807,14,FFA,miniblock,36,0.7735304360729716
5808,14,FFA,miniblock,37,0.7747223593933769
5809,14,FFA,miniblock,38,0.7757830769910167
5810,14,FFA,miniblock,39,0.7768700055932168
5811,14,PPA,miniblock,1,0.13075502166912864
5812,14,PPA,miniblock,2,0.2208511961818895
5813,14,PPA,miniblock,3,0.29414769005908653
5814,14,PPA,miniblock,4,0.3366122650997332
5815,14,PPA,miniblock,5,0.3640379907926099
5816,14,PPA,miniblock,6,0.39187408386590045
5817,14,PPA,miniblock,7,0.4105479349408468
5818,14,PPA,miniblock,8,0.4235111066805284
5819,14,PPA,miniblock,9,0.4313784561784786
5820,14,PPA,miniblock,10,0.4530628133023216
5821,14,PPA,miniblock,11,0.46419500663344265
5822,14,PPA,miniblock,12,0.4752358849017888
5823,14,PPA,miniblock,13,0.4834004451505149
5824,14,PPA,miniblock,14,0.49187333881794265
5825,14,PPA,miniblock,15,0.49818118964902897
5826,14,PPA,miniblock,16,0.502607372826484
5827,14,PPA,miniblock,17,0.5091655265275816
5828,14,PPA,miniblock,18,0.5153567400523099
5829,14,PPA,miniblock,19,0.5210664214167654
5830,14,PPA,miniblock,20,0.5277410233593917
5831,14,PPA,miniblock,21,0.5321870571983905
5832,14,PPA,miniblock,22,0.5379905569707916
5833,14,PPA,miniblock,23,0.5437904741152472
5834,14,PPA,miniblock,24,0.548075901629553
5835,14,PPA,miniblock,25,0.5531212950997128
5836,14,PPA,miniblock,26,0.5569540169042692
5837,14,PPA,miniblock,27,0.559583014034966
5838,14,PPA,miniblock,28,0.5636808675084478
5839,14,PPA,miniblock,29,0.5676824865512966
5840,14,PPA,miniblock,30,0.5709033919273634
5841,14,PPA,miniblock,31,0.574975628331373
5842,14,PPA,miniblock,32,0.5797282841812744
5843,14,PPA,miniblock,33,0.5834062750485186
5844,14,PPA,miniblock,34,0.5870600383334966
5845,14,PPA,miniblock,35,0.5905062553888253
5846,14,PPA,miniblock,36,0.5926094791350208
5847,14,PPA,miniblock,37,0.5950969201114893
5848,14,PPA,miniblock,38,0.5973603453833444
5849,14,PPA,miniblock,39,0.5994110572459194
5850,14,EBA,miniblock,1,0.46612280565666303
5851,14,EBA,miniblock,2,0.4966939389065123
5852,14,EBA,miniblock,3,0.5244370315889725
5853,14,EBA,miniblock,4,0.5467488474794904
5854,14,EBA,miniblock,5,0.5572723905228995
5855,14,EBA,miniblock,6,0.5681167160375047
5856,14,EBA,miniblock,7,0.5825106195096637
5857,14,EBA,miniblock,8,0.5946478780259573
5858,14,EBA,miniblock,9,0.6038309863052134
5859,14,EBA,miniblock,10,0.6162520003633344
5860,14,EBA,miniblock,11,0.6227258465364827
5861,14,EBA,miniblock,12,0.6313202270115861
5862,14,EBA,miniblock,13,0.6360804770095214
5863,14,EBA,miniblock,14,0.6403569883960065
5864,14,EBA,miniblock,15,0.6444866559469621
5865,14,EBA,miniblock,16,0.648460122138874
5866,14,EBA,miniblock,17,0.6525064655491216
5867,14,EBA,miniblock,18,0.6567446267152782
5868,14,EBA,miniblock,19,0.6602252975857902
5869,14,EBA,miniblock,20,0.663631746959127
5870,14,EBA,miniblock,21,0.6666249283279726
5871,14,EBA,miniblock,22,0.6699874788684236
5872,14,EBA,miniblock,23,0.6719809087554175
5873,14,EBA,miniblock,24,0.6744265888792738
5874,14,EBA,miniblock,25,0.6773052869924537
5875,14,EBA,miniblock,26,0.6794314255660369
5876,14,EBA,miniblock,27,0.6820156682128666
5877,14,EBA,miniblock,28,0.683847129743249
5878,14,EBA,miniblock,29,0.685709950538568
5879,14,EBA,miniblock,30,0.687148644525147
5880,14,EBA,miniblock,31,0.6889083671401496
5881,14,EBA,miniblock,32,0.6908512448840739
5882,14,EBA,miniblock,33,0.692601133909483
5883,14,EBA,miniblock,34,0.6938957268606375
5884,14,EBA,miniblock,35,0.69529624362108
5885,14,EBA,miniblock,36,0.6966110862008854
5886,14,EBA,miniblock,37,0.6982011870298198
5887,14,EBA,miniblock,38,0.6996761300381782
5888,14,EBA,miniblock,39,0.70061920250647
5889,14,EVC,miniblock,1,0.6248390575431952
5890,14,EVC,miniblock,2,0.6781331739146794
5891,14,EVC,miniblock,3,0.6908179961135347
5892,14,EVC,miniblock,4,0.7093712568295393
5893,14,EVC,miniblock,5,0.7183514489940777
5894,14,EVC,miniblock,6,0.725065465335828
5895,14,EVC,miniblock,7,0.7305908211436632
5896,14,EVC,miniblock,8,0.7369437747309316
5897,14,EVC,miniblock,9,0.7453847903240933
5898,14,EVC,miniblock,10,0.7505095050440187
5899,14,EVC,miniblock,11,0.7540707669002602
5900,14,EVC,miniblock,12,0.7581971630478176
5901,14,EVC,miniblock,13,0.7617370406560894
5902,14,EVC,miniblock,14,0.7640731763004305
5903,14,EVC,miniblock,15,0.7668948001719441
5904,14,EVC,miniblock,16,0.7697132328455863
5905,14,EVC,miniblock,17,0.7715251441083067
5906,14,EVC,miniblock,18,0.7732947364200031
5907,14,EVC,miniblock,19,0.7751026334407219
5908,14,EVC,miniblock,20,0.7770514833434254
5909,14,EVC,miniblock,21,0.7789185977950789
5910,14,EVC,miniblock,22,0.7806497512710902
5911,14,EVC,miniblock,23,0.7825709365687091
5912,14,EVC,miniblock,24,0.7842100160479896
5913,14,EVC,miniblock,25,0.7849756675762573
5914,14,EVC,miniblock,26,0.7860228150535947
5915,14,EVC,miniblock,27,0.7875758777427851
5916,14,EVC,miniblock,28,0.7885026282751205
5917,14,EVC,miniblock,29,0.7894274565127392
5918,14,EVC,miniblock,30,0.7902092802218026
5919,14,EVC,miniblock,31,0.7913517200220411
5920,14,EVC,miniblock,32,0.7924825052177605
5921,14,EVC,miniblock,33,0.7935444123293521
5922,14,EVC,miniblock,34,0.7942803621789448
5923,14,EVC,miniblock,35,0.7952766977321364
5924,14,EVC,miniblock,36,0.7959073604531435
5925,14,EVC,miniblock,37,0.7965239663716343
5926,14,EVC,miniblock,38,0.7970153567886665
5927,14,EVC,miniblock,39,0.7975822087089747
5928,14,FFA,er,1,0.11867433822674138
5929,14,FFA,er,2,0.26726777551896835
5930,14,FFA,er,3,0.33042315953698015
5931,14,FFA,er,4,0.3714793779321779
5932,14,FFA,er,5,0.3926656889645152
5933,14,FFA,er,6,0.40880165824160547
5934,14,FFA,er,7,0.4226475519678959
5935,14,FFA,er,8,0.4367588279526839
5936,14,FFA,er,9,0.44759953921273593
5937,14,FFA,er,10,0.4598097785523512
5938,14,FFA,er,11,0.47217636165492616
5939,14,FFA,er,12,0.4822861746969302
5940,14,FFA,er,13,0.48859963517989985
5941,14,FFA,er,14,0.495926572670889
5942,14,FFA,er,15,0.502309503362248
5943,14,FFA,er,16,0.5087073837756303
5944,14,FFA,er,17,0.513700695671126
5945,14,FFA,er,18,0.5197245930177457
5946,14,FFA,er,19,0.5258908753237751
5947,14,FFA,er,20,0.5323935753631275
5948,14,FFA,er,21,0.5378714487140778
5949,14,FFA,er,22,0.5421957452017324
5950,14,FFA,er,23,0.5483327610542471
5951,14,FFA,er,24,0.5524516682351928
5952,14,FFA,er,25,0.5568261665868571
5953,14,FFA,er,26,0.560081290023875
5954,14,FFA,er,27,0.5643628409928264
5955,14,FFA,er,28,0.5673855809132694
5956,14,FFA,er,29,0.5715968141025106
5957,14,FFA,er,30,0.574263968267362
5958,14,FFA,er,31,0.5775143308064795
5959,14,FFA,er,32,0.5814383057319948
5960,14,FFA,er,33,0.5840955584348132
5961,14,FFA,er,34,0.5867184570773126
5962,14,FFA,er,35,0.5896322703606046
5963,14,FFA,er,36,0.5920272894650633
5964,14,FFA,er,37,0.5947549406373627
5965,14,FFA,er,38,0.5975830215866731
5966,14,FFA,er,39,0.5999310804535519
5967,14,PPA,er,1,0.10823566513179501
5968,14,PPA,er,2,0.17021205411080076
5969,14,PPA,er,3,0.23292570989038516
5970,14,PPA,er,4,0.2651777053265078
5971,14,PPA,er,5,0.28106232082674193
5972,14,PPA,er,6,0.3001477016498378
5973,14,PPA,er,7,0.32292925234390985
5974,14,PPA,er,8,0.34053931607797727
5975,14,PPA,er,9,0.3579177766560959
5976,14,PPA,er,10,0.3757494525690155
5977,14,PPA,er,11,0.3917811854201319
5978,14,PPA,er,12,0.4022346533536985
5979,14,PPA,er,13,0.4133433894356327
5980,14,PPA,er,14,0.4224605441993285
5981,14,PPA,er,15,0.4296098351302809
5982,14,PPA,er,16,0.4358726383605996
5983,14,PPA,er,17,0.44320526410324695
5984,14,PPA,er,18,0.44993576563327214
5985,14,PPA,er,19,0.45691938354652545
5986,14,PPA,er,20,0.4621184629605528
5987,14,PPA,er,21,0.4688863065931835
5988,14,PPA,er,22,0.4750323536282797
5989,14,PPA,er,23,0.47880395174184825
5990,14,PPA,er,24,0.4828360774280693
5991,14,PPA,er,25,0.4881815287055955
5992,14,PPA,er,26,0.4924494871868655
5993,14,PPA,er,27,0.49801202936942085
5994,14,PPA,er,28,0.5016049737758109
5995,14,PPA,er,29,0.5056366823875367
5996,14,PPA,er,30,0.5098902965376176
5997,14,PPA,er,31,0.5150062620786358
5998,14,PPA,er,32,0.5176916623058231
5999,14,PPA,er,33,0.5208966509347116
6000,14,PPA,er,34,0.5249013483259879
6001,14,PPA,er,35,0.5281740074892419
6002,14,PPA,er,36,0.5314531672956012
6003,14,PPA,er,37,0.5358332212373361
6004,14,PPA,er,38,0.5387809768553695
6005,14,PPA,er,39,0.5411112641096975
6006,14,EBA,er,1,0.12955967022571835
6007,14,EBA,er,2,0.215919122275291
6008,14,EBA,er,3,0.250619275023925
6009,14,EBA,er,4,0.2789569107536882
6010,14,EBA,er,5,0.2964416495495324
6011,14,EBA,er,6,0.32270757845923764
6012,14,EBA,er,7,0.3402984132684437
6013,14,EBA,er,8,0.3535153410183563
6014,14,EBA,er,9,0.36326474638019146
6015,14,EBA,er,10,0.3742817881049007
6016,14,EBA,er,11,0.3805185020875706
6017,14,EBA,er,12,0.38787443720043036
6018,14,EBA,er,13,0.3977424816499529
6019,14,EBA,er,14,0.4046769152809513
6020,14,EBA,er,15,0.4091681807312694
6021,14,EBA,er,16,0.4136920975567345
6022,14,EBA,er,17,0.4174789179763278
6023,14,EBA,er,18,0.4229031739570643
6024,14,EBA,er,19,0.42872570743163124
6025,14,EBA,er,20,0.43226513974671765
6026,14,EBA,er,21,0.43642486898184457
6027,14,EBA,er,22,0.4409997351118656
6028,14,EBA,er,23,0.4443985855033766
6029,14,EBA,er,24,0.4483365756693843
6030,14,EBA,er,25,0.45178130692311874
6031,14,EBA,er,26,0.45556595696876556
6032,14,EBA,er,27,0.458743619580642
6033,14,EBA,er,28,0.4617294707415736
6034,14,EBA,er,29,0.46482501985790625
6035,14,EBA,er,30,0.4666828392325591
6036,14,EBA,er,31,0.4694706492728756
6037,14,EBA,er,32,0.47170781410086393
6038,14,EBA,er,33,0.47354536564515176
6039,14,EBA,er,34,0.47508704545378205
6040,14,EBA,er,35,0.47712386748477503
6041,14,EBA,er,36,0.4788271562822606
6042,14,EBA,er,37,0.4804433819956726
6043,14,EBA,er,38,0.4822399032095741
6044,14,EBA,er,39,0.48392475701778537
6045,14,EVC,er,1,0.27300366279338134
6046,14,EVC,er,2,0.3986812202198539
6047,14,EVC,er,3,0.4238071152355138
6048,14,EVC,er,4,0.4511960481523136
6049,14,EVC,er,5,0.4668875139064763
6050,14,EVC,er,6,0.4791218816030924
6051,14,EVC,er,7,0.49097463158712423
6052,14,EVC,er,8,0.4963963668474322
6053,14,EVC,er,9,0.5058948651981011
6054,14,EVC,er,10,0.5157369791613048
6055,14,EVC,er,11,0.5228770126105193
6056,14,EVC,er,12,0.5294326507010308
6057,14,EVC,er,13,0.5361986453022859
6058,14,EVC,er,14,0.5415555499990005
6059,14,EVC,er,15,0.5466737024760826
6060,14,EVC,er,16,0.5508872621211283
6061,14,EVC,er,17,0.5557003078287802
6062,14,EVC,er,18,0.5592769130014609
6063,14,EVC,er,19,0.5636225005126246
6064,14,EVC,er,20,0.5672773847987227
6065,14,EVC,er,21,0.5697217391147685
6066,14,EVC,er,22,0.5740799776319353
6067,14,EVC,er,23,0.5768928006746957
6068,14,EVC,er,24,0.5793419270445074
6069,14,EVC,er,25,0.5823206958128463
6070,14,EVC,er,26,0.5839131315242837
6071,14,EVC,er,27,0.5859683556344436
6072,14,EVC,er,28,0.5882513278105567
6073,14,EVC,er,29,0.5899435301583725
6074,14,EVC,er,30,0.5918856297948892
6075,14,EVC,er,31,0.5943001757864519
6076,14,EVC,er,32,0.5962596799144833
6077,14,EVC,er,33,0.5976835948439029
6078,14,EVC,er,34,0.5994468882683573
6079,14,EVC,er,35,0.6012144915195127
6080,14,EVC,er,36,0.6025115961896268
6081,14,EVC,er,37,0.6037719741142388
6082,14,EVC,er,38,0.6046012497553629
6083,14,EVC,er,39,0.6059791622362751
6084,15,FFA,sus,1,0.4190756790911841
6085,15,FFA,sus,2,0.46087686456064264
6086,15,FFA,sus,3,0.5111027651673391
6087,15,FFA,sus,4,0.5351688687037518
6088,15,FFA,sus,5,0.5507959088449542
6089,15,FFA,sus,6,0.5644124361134639
6090,15,FFA,sus,7,0.5717982794006753
6091,15,FFA,sus,8,0.5804013211977933
6092,15,FFA,sus,9,0.5862848418834011
6093,15,FFA,sus,10,0.59198574369127
6094,15,FFA,sus,11,0.5989008293619892
6095,15,FFA,sus,12,0.6059101283516369
6096,15,FFA,sus,13,0.6095369660093394
6097,15,FFA,sus,14,0.6144897562412656
6098,15,FFA,sus,15,0.6209462127345299
6099,15,FFA,sus,16,0.625365979590316
6100,15,FFA,sus,17,0.629294988478663
6101,15,FFA,sus,18,0.6318714029728509
6102,15,FFA,sus,19,0.6360072150890512
6103,15,FFA,sus,20,0.6392930045813804
6104,15,FFA,sus,21,0.6426841141970062
6105,15,FFA,sus,22,0.6453134352771627
6106,15,FFA,sus,23,0.6478773261329415
6107,15,FFA,sus,24,0.6504716091982198
6108,15,FFA,sus,25,0.6527453745409136
6109,15,FFA,sus,26,0.6550243150948393
6110,15,FFA,sus,27,0.6573186167932427
6111,15,FFA,sus,28,0.6595140064203612
6112,15,FFA,sus,29,0.6618739418010088
6113,15,FFA,sus,30,0.6644252275990321
6114,15,FFA,sus,31,0.6663232885113788
6115,15,FFA,sus,32,0.6684400523749195
6116,15,FFA,sus,33,0.6701706211996274
6117,15,FFA,sus,34,0.6718376176889848
6118,15,FFA,sus,35,0.6739896051338636
6119,15,FFA,sus,36,0.6753298014981451
6120,15,FFA,sus,37,0.6771078368228363
6121,15,FFA,sus,38,0.6787613568656217
6122,15,FFA,sus,39,0.679985046979063
6123,15,PPA,sus,1,0.3107869806902098
6124,15,PPA,sus,2,0.3829384797335851
6125,15,PPA,sus,3,0.4407917924301102
6126,15,PPA,sus,4,0.4678305813325118
6127,15,PPA,sus,5,0.4866575575091597
6128,15,PPA,sus,6,0.5024026111796532
6129,15,PPA,sus,7,0.5217926085458607
6130,15,PPA,sus,8,0.5368428273919869
6131,15,PPA,sus,9,0.5467950429184362
6132,15,PPA,sus,10,0.5562357757171483
6133,15,PPA,sus,11,0.5639726223932738
6134,15,PPA,sus,12,0.5699715095084928
6135,15,PPA,sus,13,0.5784650059013815
6136,15,PPA,sus,14,0.5838268939303257
6137,15,PPA,sus,15,0.5896277948837154
6138,15,PPA,sus,16,0.5943959168835758
6139,15,PPA,sus,17,0.6002668606011999
6140,15,PPA,sus,18,0.6044458026731065
6141,15,PPA,sus,19,0.6100067786103837
6142,15,PPA,sus,20,0.6138291433674851
6143,15,PPA,sus,21,0.6166054123836964
6144,15,PPA,sus,22,0.6208564920679281
6145,15,PPA,sus,23,0.6245614993867087
6146,15,PPA,sus,24,0.628215332573839
6147,15,PPA,sus,25,0.6314484479520098
6148,15,PPA,sus,26,0.6346247250042484
6149,15,PPA,sus,27,0.6372754557090602
6150,15,PPA,sus,28,0.6406325660715814
6151,15,PPA,sus,29,0.6443093878803714
6152,15,PPA,sus,30,0.6466935658470997
6153,15,PPA,sus,31,0.6493428675454614
6154,15,PPA,sus,32,0.6526302609786782
6155,15,PPA,sus,33,0.6545180110383934
6156,15,PPA,sus,34,0.6574836296241661
6157,15,PPA,sus,35,0.6595109747219849
6158,15,PPA,sus,36,0.6622823548817481
6159,15,PPA,sus,37,0.66447297179702
6160,15,PPA,sus,38,0.6665138102552722
6161,15,PPA,sus,39,0.6702056741816995
6162,15,EBA,sus,1,0.46747091863640433
6163,15,EBA,sus,2,0.5035400332727527
6164,15,EBA,sus,3,0.5547509123550226
6165,15,EBA,sus,4,0.576611686127911
6166,15,EBA,sus,5,0.5946547219647247
6167,15,EBA,sus,6,0.6128833786832955
6168,15,EBA,sus,7,0.6262394368494028
6169,15,EBA,sus,8,0.6335065389227853
6170,15,EBA,sus,9,0.638381132590055
6171,15,EBA,sus,10,0.6436325832555329
6172,15,EBA,sus,11,0.6474000371207355
6173,15,EBA,sus,12,0.6514784724337211
6174,15,EBA,sus,13,0.6544503391344496
6175,15,EBA,sus,14,0.6595820634447453
6176,15,EBA,sus,15,0.6617795307819828
6177,15,EBA,sus,16,0.6644879317969412
6178,15,EBA,sus,17,0.666481075676777
6179,15,EBA,sus,18,0.6685384037313513
6180,15,EBA,sus,19,0.6714500071900126
6181,15,EBA,sus,20,0.673102507633517
6182,15,EBA,sus,21,0.6751175029316254
6183,15,EBA,sus,22,0.6768935887653463
6184,15,EBA,sus,23,0.6780423844580495
6185,15,EBA,sus,24,0.6793762784609757
6186,15,EBA,sus,25,0.6809309298820523
6187,15,EBA,sus,26,0.6821729986461579
6188,15,EBA,sus,27,0.6837184365724117
6189,15,EBA,sus,28,0.6853236781479611
6190,15,EBA,sus,29,0.6864955058499245
6191,15,EBA,sus,30,0.6875926821082997
6192,15,EBA,sus,31,0.6892148148446943
6193,15,EBA,sus,32,0.6904518300462398
6194,15,EBA,sus,33,0.6915147822392008
6195,15,EBA,sus,34,0.6922405379860423
6196,15,EBA,sus,35,0.6929464135246935
6197,15,EBA,sus,36,0.6938052948383159
6198,15,EBA,sus,37,0.6947200372296539
6199,15,EBA,sus,38,0.695584378277486
6200,15,EBA,sus,39,0.6964600820486074
6201,15,EVC,sus,1,0.7551084554541202
6202,15,EVC,sus,2,0.7746908561200249
6203,15,EVC,sus,3,0.7893187737803352
6204,15,EVC,sus,4,0.7943956530054
6205,15,EVC,sus,5,0.8024558324449336
6206,15,EVC,sus,6,0.8097926036313842
6207,15,EVC,sus,7,0.8161576353941268
6208,15,EVC,sus,8,0.8245177207671394
6209,15,EVC,sus,9,0.830766736551694
6210,15,EVC,sus,10,0.8356125352509706
6211,15,EVC,sus,11,0.8406203674402167
6212,15,EVC,sus,12,0.8446109903823201
6213,15,EVC,sus,13,0.8472002093568941
6214,15,EVC,sus,14,0.850128086656592
6215,15,EVC,sus,15,0.8519875510514003
6216,15,EVC,sus,16,0.8539521795250574
6217,15,EVC,sus,17,0.8558221029731596
6218,15,EVC,sus,18,0.8575491424737435
6219,15,EVC,sus,19,0.8600779631193342
6220,15,EVC,sus,20,0.861048215122191
6221,15,EVC,sus,21,0.8621739680178803
6222,15,EVC,sus,22,0.8639721288928127
6223,15,EVC,sus,23,0.8654197667518556
6224,15,EVC,sus,24,0.8664667663756854
6225,15,EVC,sus,25,0.8678004853019873
6226,15,EVC,sus,26,0.8687893752874564
6227,15,EVC,sus,27,0.8697925633905261
6228,15,EVC,sus,28,0.870689165472046
6229,15,EVC,sus,29,0.8715708839901213
6230,15,EVC,sus,30,0.8722368980363768
6231,15,EVC,sus,31,0.8732437010716113
6232,15,EVC,sus,32,0.874288498241072
6233,15,EVC,sus,33,0.8750305276817875
6234,15,EVC,sus,34,0.8757082624477204
6235,15,EVC,sus,35,0.8762600757560008
6236,15,EVC,sus,36,0.8770990237042872
6237,15,EVC,sus,37,0.8777437170079215
6238,15,EVC,sus,38,0.8780910926291048
6239,15,EVC,sus,39,0.8784715277160758
6240,15,FFA,miniblock,1,0.5218884250431057
6241,15,FFA,miniblock,2,0.5598909493786689
6242,15,FFA,miniblock,3,0.5857010733967929
6243,15,FFA,miniblock,4,0.6244143791864071
6244,15,FFA,miniblock,5,0.6349608826187386
6245,15,FFA,miniblock,6,0.6428619911324284
6246,15,FFA,miniblock,7,0.6537342007038429
6247,15,FFA,miniblock,8,0.6626960671678603
6248,15,FFA,miniblock,9,0.671199124478789
6249,15,FFA,miniblock,10,0.6760249215618197
6250,15,FFA,miniblock,11,0.6827848238923382
6251,15,FFA,miniblock,12,0.6880156895604627
6252,15,FFA,miniblock,13,0.6930285068020511
6253,15,FFA,miniblock,14,0.6965748645788649
6254,15,FFA,miniblock,15,0.7000048976218899
6255,15,FFA,miniblock,16,0.7025338050762974
6256,15,FFA,miniblock,17,0.7060109830952568
6257,15,FFA,miniblock,18,0.7089300640166862
6258,15,FFA,miniblock,19,0.7110002698167666
6259,15,FFA,miniblock,20,0.7141745359372784
6260,15,FFA,miniblock,21,0.7162525505713511
6261,15,FFA,miniblock,22,0.7187390305456539
6262,15,FFA,miniblock,23,0.7218075508339258
6263,15,FFA,miniblock,24,0.7246354351173293
6264,15,FFA,miniblock,25,0.726778727225685
6265,15,FFA,miniblock,26,0.7290579174162852
6266,15,FFA,miniblock,27,0.7312474929172835
6267,15,FFA,miniblock,28,0.733705159623845
6268,15,FFA,miniblock,29,0.7353064400228838
6269,15,FFA,miniblock,30,0.7372781321667728
6270,15,FFA,miniblock,31,0.7391704108859923
6271,15,FFA,miniblock,32,0.7410480178482158
6272,15,FFA,miniblock,33,0.7426018676084823
6273,15,FFA,miniblock,34,0.7445943752789232
6274,15,FFA,miniblock,35,0.7462302552823085
6275,15,FFA,miniblock,36,0.7481759699336442
6276,15,FFA,miniblock,37,0.7493675105496544
6277,15,FFA,miniblock,38,0.7502030854829683
6278,15,FFA,miniblock,39,0.7516822467874608
6279,15,PPA,miniblock,1,0.305903087119953
6280,15,PPA,miniblock,2,0.392005880147331
6281,15,PPA,miniblock,3,0.48148218479400157
6282,15,PPA,miniblock,4,0.5114284765302521
6283,15,PPA,miniblock,5,0.5301693839614342
6284,15,PPA,miniblock,6,0.5459270189663744
6285,15,PPA,miniblock,7,0.5631759080806239
6286,15,PPA,miniblock,8,0.5761122218963416
6287,15,PPA,miniblock,9,0.5861700362790232
6288,15,PPA,miniblock,10,0.5961775537078209
6289,15,PPA,miniblock,11,0.6041485985387538
6290,15,PPA,miniblock,12,0.6092038570669414
6291,15,PPA,miniblock,13,0.6154362014419001
6292,15,PPA,miniblock,14,0.6229714064019
6293,15,PPA,miniblock,15,0.6281967484488274
6294,15,PPA,miniblock,16,0.6343844753752724
6295,15,PPA,miniblock,17,0.6393557578826662
6296,15,PPA,miniblock,18,0.6438328066974752
6297,15,PPA,miniblock,19,0.6481369908934026
6298,15,PPA,miniblock,20,0.6529737093930036
6299,15,PPA,miniblock,21,0.6579693209517656
6300,15,PPA,miniblock,22,0.6633302138387334
6301,15,PPA,miniblock,23,0.6680114020213149
6302,15,PPA,miniblock,24,0.671664159991098
6303,15,PPA,miniblock,25,0.6755125784568582
6304,15,PPA,miniblock,26,0.6786162726154533
6305,15,PPA,miniblock,27,0.6812770693819094
6306,15,PPA,miniblock,28,0.6835029376381218
6307,15,PPA,miniblock,29,0.6861199990643393
6308,15,PPA,miniblock,30,0.689265428482011
6309,15,PPA,miniblock,31,0.6917529430693584
6310,15,PPA,miniblock,32,0.6948804374478493
6311,15,PPA,miniblock,33,0.6967066862484009
6312,15,PPA,miniblock,34,0.6991043970896721
6313,15,PPA,miniblock,35,0.7013924466082929
6314,15,PPA,miniblock,36,0.7037888644085425
6315,15,PPA,miniblock,37,0.7061584317010386
6316,15,PPA,miniblock,38,0.7080286271123345
6317,15,PPA,miniblock,39,0.7100588389382668
6318,15,EBA,miniblock,1,0.5836570220101782
6319,15,EBA,miniblock,2,0.6054159608383799
6320,15,EBA,miniblock,3,0.6235363104603625
6321,15,EBA,miniblock,4,0.6508574832802246
6322,15,EBA,miniblock,5,0.6625205049150262
6323,15,EBA,miniblock,6,0.6777632519457719
6324,15,EBA,miniblock,7,0.68832537795486
6325,15,EBA,miniblock,8,0.6940147180691841
6326,15,EBA,miniblock,9,0.6990983686720336
6327,15,EBA,miniblock,10,0.7045827754070141
6328,15,EBA,miniblock,11,0.7087285472283625
6329,15,EBA,miniblock,12,0.7122143721916845
6330,15,EBA,miniblock,13,0.7150284979016582
6331,15,EBA,miniblock,14,0.7173536377609864
6332,15,EBA,miniblock,15,0.7206606880419484
6333,15,EBA,miniblock,16,0.722087693747254
6334,15,EBA,miniblock,17,0.7242383606337652
6335,15,EBA,miniblock,18,0.7260502233788824
6336,15,EBA,miniblock,19,0.7277976064670795
6337,15,EBA,miniblock,20,0.7294458810926345
6338,15,EBA,miniblock,21,0.7311277860449718
6339,15,EBA,miniblock,22,0.7327902975314062
6340,15,EBA,miniblock,23,0.7346741537167985
6341,15,EBA,miniblock,24,0.7365728032129336
6342,15,EBA,miniblock,25,0.7383032358318293
6343,15,EBA,miniblock,26,0.7398297631267762
6344,15,EBA,miniblock,27,0.7412377049746622
6345,15,EBA,miniblock,28,0.742832077264972
6346,15,EBA,miniblock,29,0.7441608920807702
6347,15,EBA,miniblock,30,0.7455011219570337
6348,15,EBA,miniblock,31,0.7468857696170742
6349,15,EBA,miniblock,32,0.7479307490586077
6350,15,EBA,miniblock,33,0.7488212423951603
6351,15,EBA,miniblock,34,0.7500360565096645
6352,15,EBA,miniblock,35,0.7509133208275633
6353,15,EBA,miniblock,36,0.7519207944322398
6354,15,EBA,miniblock,37,0.7534043995313485
6355,15,EBA,miniblock,38,0.7542462556440307
6356,15,EBA,miniblock,39,0.7551342363130519
6357,15,EVC,miniblock,1,0.7920134846142206
6358,15,EVC,miniblock,2,0.8043270791317555
6359,15,EVC,miniblock,3,0.8158477649280647
6360,15,EVC,miniblock,4,0.8269862263229827
6361,15,EVC,miniblock,5,0.8353175108997574
6362,15,EVC,miniblock,6,0.8424004099648609
6363,15,EVC,miniblock,7,0.8484969255581141
6364,15,EVC,miniblock,8,0.853480155231662
6365,15,EVC,miniblock,9,0.8592298360202181
6366,15,EVC,miniblock,10,0.8643387638639038
6367,15,EVC,miniblock,11,0.8671773018750198
6368,15,EVC,miniblock,12,0.8698620041470745
6369,15,EVC,miniblock,13,0.8728625978446732
6370,15,EVC,miniblock,14,0.875565061127185
6371,15,EVC,miniblock,15,0.8791255103360576
6372,15,EVC,miniblock,16,0.8810223524112909
6373,15,EVC,miniblock,17,0.8842876745471645
6374,15,EVC,miniblock,18,0.8859389131077782
6375,15,EVC,miniblock,19,0.8870821668850416
6376,15,EVC,miniblock,20,0.8888735060015177
6377,15,EVC,miniblock,21,0.8908272658308366
6378,15,EVC,miniblock,22,0.8923039874596327
6379,15,EVC,miniblock,23,0.8932124477132538
6380,15,EVC,miniblock,24,0.8938753214249204
6381,15,EVC,miniblock,25,0.8948471029689319
6382,15,EVC,miniblock,26,0.8959022707645778
6383,15,EVC,miniblock,27,0.8970981560890151
6384,15,EVC,miniblock,28,0.8978830467641009
6385,15,EVC,miniblock,29,0.8985658766890398
6386,15,EVC,miniblock,30,0.8990655429817344
6387,15,EVC,miniblock,31,0.8999171881926767
6388,15,EVC,miniblock,32,0.9007564025259165
6389,15,EVC,miniblock,33,0.9015710316523761
6390,15,EVC,miniblock,34,0.9021155859402813
6391,15,EVC,miniblock,35,0.9027681966389274
6392,15,EVC,miniblock,36,0.9032041887752443
6393,15,EVC,miniblock,37,0.903504841131526
6394,15,EVC,miniblock,38,0.9038627566600438
6395,15,EVC,miniblock,39,0.9042145700795444
6396,15,FFA,er,1,0.3319920603684076
6397,15,FFA,er,2,0.36740220754578895
6398,15,FFA,er,3,0.39475330268646286
6399,15,FFA,er,4,0.40958587794140805
6400,15,FFA,er,5,0.42518583845289504
6401,15,FFA,er,6,0.4361868645939529
6402,15,FFA,er,7,0.44815418288608616
6403,15,FFA,er,8,0.46109056256089875
6404,15,FFA,er,9,0.4718711762959571
6405,15,FFA,er,10,0.48045562147527043
6406,15,FFA,er,11,0.4864470910557115
6407,15,FFA,er,12,0.4935659629786809
6408,15,FFA,er,13,0.5001034427865926
6409,15,FFA,er,14,0.5059182960352482
6410,15,FFA,er,15,0.5119284048906482
6411,15,FFA,er,16,0.5156705350926437
6412,15,FFA,er,17,0.5210292318183455
6413,15,FFA,er,18,0.5261214601257087
6414,15,FFA,er,19,0.5322759469602634
6415,15,FFA,er,20,0.5362910561021692
6416,15,FFA,er,21,0.5398524740611192
6417,15,FFA,er,22,0.5434337151189618
6418,15,FFA,er,23,0.5467429969952512
6419,15,FFA,er,24,0.5497838143492436
6420,15,FFA,er,25,0.5546868315193675
6421,15,FFA,er,26,0.5577350514084748
6422,15,FFA,er,27,0.5635476371446252
6423,15,FFA,er,28,0.5667252938266559
6424,15,FFA,er,29,0.5702894628016516
6425,15,FFA,er,30,0.5725011108166146
6426,15,FFA,er,31,0.5748162593099845
6427,15,FFA,er,32,0.5773326404913456
6428,15,FFA,er,33,0.5799818001470972
6429,15,FFA,er,34,0.5825929300570614
6430,15,FFA,er,35,0.5846544506711265
6431,15,FFA,er,36,0.587299337259271
6432,15,FFA,er,37,0.5893807698156186
6433,15,FFA,er,38,0.5918157868918698
6434,15,FFA,er,39,0.5939491408789167
6435,15,PPA,er,1,0.20942958645780874
6436,15,PPA,er,2,0.29520956528768066
6437,15,PPA,er,3,0.32156401357041714
6438,15,PPA,er,4,0.3517016554698888
6439,15,PPA,er,5,0.3662293750615289
6440,15,PPA,er,6,0.3791259041243864
6441,15,PPA,er,7,0.3904780325023925
6442,15,PPA,er,8,0.40374856587983166
6443,15,PPA,er,9,0.4149898090473531
6444,15,PPA,er,10,0.42800209640740255
6445,15,PPA,er,11,0.44447726780061325
6446,15,PPA,er,12,0.452621994659383
6447,15,PPA,er,13,0.46255468259853094
6448,15,PPA,er,14,0.4708264496124854
6449,15,PPA,er,15,0.47761179110260105
6450,15,PPA,er,16,0.4840331520331116
6451,15,PPA,er,17,0.4905736682153346
6452,15,PPA,er,18,0.49872495327508837
6453,15,PPA,er,19,0.5064854585051394
6454,15,PPA,er,20,0.5132116362784939
6455,15,PPA,er,21,0.5205785692032864
6456,15,PPA,er,22,0.5258692265164014
6457,15,PPA,er,23,0.5318470497238342
6458,15,PPA,er,24,0.538211695573304
6459,15,PPA,er,25,0.54361174229535
6460,15,PPA,er,26,0.5477661552382883
6461,15,PPA,er,27,0.5528371123541564
6462,15,PPA,er,28,0.5585876281221903
6463,15,PPA,er,29,0.5634236900309525
6464,15,PPA,er,30,0.5676292303728964
6465,15,PPA,er,31,0.572619629331934
6466,15,PPA,er,32,0.5768166285722739
6467,15,PPA,er,33,0.580825844778519
6468,15,PPA,er,34,0.5840502027592126
6469,15,PPA,er,35,0.5871745650178922
6470,15,PPA,er,36,0.5912435205521457
6471,15,PPA,er,37,0.5941054785332108
6472,15,PPA,er,38,0.597532456440579
6473,15,PPA,er,39,0.6015343097920713
6474,15,EBA,er,1,0.40173875280077875
6475,15,EBA,er,2,0.4303184935849565
6476,15,EBA,er,3,0.4468762599355249
6477,15,EBA,er,4,0.46238860874114857
6478,15,EBA,er,5,0.4776053148217354
6479,15,EBA,er,6,0.4872144964626897
6480,15,EBA,er,7,0.4934915320663052
6481,15,EBA,er,8,0.5012002949163604
6482,15,EBA,er,9,0.5066339371991759
6483,15,EBA,er,10,0.5119687011639199
6484,15,EBA,er,11,0.5167842502547519
6485,15,EBA,er,12,0.5217903965272487
6486,15,EBA,er,13,0.5248013108204307
6487,15,EBA,er,14,0.5275237558957704
6488,15,EBA,er,15,0.5307823743209658
6489,15,EBA,er,16,0.5342463564813159
6490,15,EBA,er,17,0.5365382473596294
6491,15,EBA,er,18,0.5405557800629507
6492,15,EBA,er,19,0.5441573655830727
6493,15,EBA,er,20,0.5460609196724868
6494,15,EBA,er,21,0.5495485932004813
6495,15,EBA,er,22,0.5520735774338771
6496,15,EBA,er,23,0.5542743336142911
6497,15,EBA,er,24,0.5564732483469782
6498,15,EBA,er,25,0.5583622528256176
6499,15,EBA,er,26,0.5603683183738551
6500,15,EBA,er,27,0.5621864159516888
6501,15,EBA,er,28,0.564269549004542
6502,15,EBA,er,29,0.5662192392376696
6503,15,EBA,er,30,0.5677875738532567
6504,15,EBA,er,31,0.569790579897949
6505,15,EBA,er,32,0.5712424162330164
6506,15,EBA,er,33,0.5726093261261896
6507,15,EBA,er,34,0.5742736156857383
6508,15,EBA,er,35,0.5757599710611268
6509,15,EBA,er,36,0.5771269149241508
6510,15,EBA,er,37,0.5783196367481798
6511,15,EBA,er,38,0.5794216241805659
6512,15,EBA,er,39,0.5806533751559979
6513,15,EVC,er,1,0.5473764555783004
6514,15,EVC,er,2,0.562060577212062
6515,15,EVC,er,3,0.5806230021306343
6516,15,EVC,er,4,0.5972998017461931
6517,15,EVC,er,5,0.6082034321670942
6518,15,EVC,er,6,0.6180345731648872
6519,15,EVC,er,7,0.6270654022041628
6520,15,EVC,er,8,0.63925003107411
6521,15,EVC,er,9,0.6471344029358791
6522,15,EVC,er,10,0.6535006770557227
6523,15,EVC,er,11,0.6573262364982182
6524,15,EVC,er,12,0.6604054539181273
6525,15,EVC,er,13,0.6639381331737649
6526,15,EVC,er,14,0.6667108161632106
6527,15,EVC,er,15,0.670010943822772
6528,15,EVC,er,16,0.6736864926505715
6529,15,EVC,er,17,0.6767156989633151
6530,15,EVC,er,18,0.6798756310228603
6531,15,EVC,er,19,0.6825069635718924
6532,15,EVC,er,20,0.6853258077533756
6533,15,EVC,er,21,0.6877045288416097
6534,15,EVC,er,22,0.6894551854667226
6535,15,EVC,er,23,0.6918754368840337
6536,15,EVC,er,24,0.6932585721762893
6537,15,EVC,er,25,0.6942416801741599
6538,15,EVC,er,26,0.6958588968131368
6539,15,EVC,er,27,0.6977516422905689
6540,15,EVC,er,28,0.6991376384190561
6541,15,EVC,er,29,0.7002351234554803
6542,15,EVC,er,30,0.7015582642860018
6543,15,EVC,er,31,0.7024957630545137
6544,15,EVC,er,32,0.7037875531804351
6545,15,EVC,er,33,0.7046358169833086
6546,15,EVC,er,34,0.7055523692084497
6547,15,EVC,er,35,0.706280979384688
6548,15,EVC,er,36,0.7073393462779496
6549,15,EVC,er,37,0.7089354090284399
6550,15,EVC,er,38,0.7096099376150627
6551,15,EVC,er,39,0.7101520161800413
6552,17,FFA,sus,1,0.23381829065517135
6553,17,FFA,sus,2,0.2837668109261149
6554,17,FFA,sus,3,0.38338532508407236
6555,17,FFA,sus,4,0.41282378074372234
6556,17,FFA,sus,5,0.4398236006288512
6557,17,FFA,sus,6,0.4708510649539734
6558,17,FFA,sus,7,0.4822205502655492
6559,17,FFA,sus,8,0.4977585811274338
6560,17,FFA,sus,9,0.5064791073038358
6561,17,FFA,sus,10,0.520741997897309
6562,17,FFA,sus,11,0.5257633716892094
6563,17,FFA,sus,12,0.531300102796283
6564,17,FFA,sus,13,0.5361663787511629
6565,17,FFA,sus,14,0.5398122493128517
6566,17,FFA,sus,15,0.5440433835020339
6567,17,FFA,sus,16,0.547928133100406
6568,17,FFA,sus,17,0.5517684245159725
6569,17,FFA,sus,18,0.55507217961592
6570,17,FFA,sus,19,0.557948753843111
6571,17,FFA,sus,20,0.5610528403988537
6572,17,FFA,sus,21,0.5648170382859615
6573,17,FFA,sus,22,0.5678018408709602
6574,17,FFA,sus,23,0.5699692426401178
6575,17,FFA,sus,24,0.5747083217276564
6576,17,FFA,sus,25,0.5772796953432254
6577,17,FFA,sus,26,0.5802509253427337
6578,17,FFA,sus,27,0.5818400613512752
6579,17,FFA,sus,28,0.5842616507945112
6580,17,FFA,sus,29,0.5857573548879917
6581,17,FFA,sus,30,0.587310142832674
6582,17,FFA,sus,31,0.5892165661858444
6583,17,FFA,sus,32,0.5912126943841259
6584,17,FFA,sus,33,0.5938218399669194
6585,17,FFA,sus,34,0.5958111124094866
6586,17,FFA,sus,35,0.5980584703055728
6587,17,FFA,sus,36,0.5988927502137228
6588,17,FFA,sus,37,0.6000071857856218
6589,17,FFA,sus,38,0.6018186056182083
6590,17,FFA,sus,39,0.6029775967122724
6591,17,PPA,sus,1,0.16454627287264736
6592,17,PPA,sus,2,0.21188873265153352
6593,17,PPA,sus,3,0.24071128511696113
6594,17,PPA,sus,4,0.2648400719178505
6595,17,PPA,sus,5,0.2835867618401849
6596,17,PPA,sus,6,0.3027543515952431
6597,17,PPA,sus,7,0.32089840159900995
6598,17,PPA,sus,8,0.3387445676331337
6599,17,PPA,sus,9,0.35257429880111907
6600,17,PPA,sus,10,0.3674178836015085
6601,17,PPA,sus,11,0.3802622092193879
6602,17,PPA,sus,12,0.39359415307982665
6603,17,PPA,sus,13,0.4046430820921232
6604,17,PPA,sus,14,0.41552269055807
6605,17,PPA,sus,15,0.4262861231394767
6606,17,PPA,sus,16,0.4386289718560639
6607,17,PPA,sus,17,0.44373627628879647
6608,17,PPA,sus,18,0.45370296428480755
6609,17,PPA,sus,19,0.4615856034938188
6610,17,PPA,sus,20,0.46678083242195134
6611,17,PPA,sus,21,0.47362308936235414
6612,17,PPA,sus,22,0.4804812010307997
6613,17,PPA,sus,23,0.48884534122053164
6614,17,PPA,sus,24,0.49362550249306486
6615,17,PPA,sus,25,0.49899540196512177
6616,17,PPA,sus,26,0.5046875183728861
6617,17,PPA,sus,27,0.5091647781683716
6618,17,PPA,sus,28,0.5144947671129865
6619,17,PPA,sus,29,0.5188767424426509
6620,17,PPA,sus,30,0.5232420745894371
6621,17,PPA,sus,31,0.5274288887702648
6622,17,PPA,sus,32,0.5322845708179027
6623,17,PPA,sus,33,0.5371737890838081
6624,17,PPA,sus,34,0.5410192743416941
6625,17,PPA,sus,35,0.545427963024992
6626,17,PPA,sus,36,0.5490449687338509
6627,17,PPA,sus,37,0.5519949427962803
6628,17,PPA,sus,38,0.5543883028371489
6629,17,PPA,sus,39,0.5571509653811939
6630,17,EBA,sus,1,0.27224590399527243
6631,17,EBA,sus,2,0.31427554975742794
6632,17,EBA,sus,3,0.3280363883805238
6633,17,EBA,sus,4,0.3475329737231944
6634,17,EBA,sus,5,0.35997152988408937
6635,17,EBA,sus,6,0.3677461740366521
6636,17,EBA,sus,7,0.38038305395377353
6637,17,EBA,sus,8,0.390647487926801
6638,17,EBA,sus,9,0.3982216799989546
6639,17,EBA,sus,10,0.40482684022322185
6640,17,EBA,sus,11,0.4166139655670588
6641,17,EBA,sus,12,0.42079271600842943
6642,17,EBA,sus,13,0.42829326711166266
6643,17,EBA,sus,14,0.4333120855659342
6644,17,EBA,sus,15,0.43742558402009646
6645,17,EBA,sus,16,0.4430119196484279
6646,17,EBA,sus,17,0.44705354719342916
6647,17,EBA,sus,18,0.4507431270032393
6648,17,EBA,sus,19,0.45401557833947015
6649,17,EBA,sus,20,0.45614532576046773
6650,17,EBA,sus,21,0.4593802122107613
6651,17,EBA,sus,22,0.46279704174588127
6652,17,EBA,sus,23,0.46529380568313455
6653,17,EBA,sus,24,0.46817798847794484
6654,17,EBA,sus,25,0.46968424111618584
6655,17,EBA,sus,26,0.47223531177290784
6656,17,EBA,sus,27,0.47394538783437573
6657,17,EBA,sus,28,0.4753965492148163
6658,17,EBA,sus,29,0.47787665738333795
6659,17,EBA,sus,30,0.4797867224765741
6660,17,EBA,sus,31,0.4814103280655197
6661,17,EBA,sus,32,0.48411073211026173
6662,17,EBA,sus,33,0.48540307714925995
6663,17,EBA,sus,34,0.48698521732087596
6664,17,EBA,sus,35,0.4882646186011707
6665,17,EBA,sus,36,0.4897279469374296
6666,17,EBA,sus,37,0.4905833460444489
6667,17,EBA,sus,38,0.4917505538468094
6668,17,EBA,sus,39,0.4926360895139159
6669,17,EVC,sus,1,0.5578779745289801
6670,17,EVC,sus,2,0.5791360622763891
6671,17,EVC,sus,3,0.5987783489872762
6672,17,EVC,sus,4,0.6306906478442235
6673,17,EVC,sus,5,0.6414769315148823
6674,17,EVC,sus,6,0.6590268492187196
6675,17,EVC,sus,7,0.670044754968095
6676,17,EVC,sus,8,0.6801071041373102
6677,17,EVC,sus,9,0.685017973303535
6678,17,EVC,sus,10,0.6911886287466676
6679,17,EVC,sus,11,0.6961431944554088
6680,17,EVC,sus,12,0.7016884218419337
6681,17,EVC,sus,13,0.7053076550845753
6682,17,EVC,sus,14,0.7086191960677574
6683,17,EVC,sus,15,0.7119693612564258
6684,17,EVC,sus,16,0.7150561627191969
6685,17,EVC,sus,17,0.7184781926625453
6686,17,EVC,sus,18,0.7207730095749519
6687,17,EVC,sus,19,0.7228632549565766
6688,17,EVC,sus,20,0.7244464319528329
6689,17,EVC,sus,21,0.7265625646360093
6690,17,EVC,sus,22,0.7284402375561122
6691,17,EVC,sus,23,0.7301292701729835
6692,17,EVC,sus,24,0.7317893844369442
6693,17,EVC,sus,25,0.732967209828893
6694,17,EVC,sus,26,0.7340653491576469
6695,17,EVC,sus,27,0.7351281661563295
6696,17,EVC,sus,28,0.7361245798764829
6697,17,EVC,sus,29,0.7376117872237621
6698,17,EVC,sus,30,0.7384304803066662
6699,17,EVC,sus,31,0.7392559581233883
6700,17,EVC,sus,32,0.7399978130460608
6701,17,EVC,sus,33,0.7407453548563138
6702,17,EVC,sus,34,0.741739808963488
6703,17,EVC,sus,35,0.7422386212442347
6704,17,EVC,sus,36,0.7429931889971888
6705,17,EVC,sus,37,0.7435830866096689
6706,17,EVC,sus,38,0.7447903511909925
6707,17,EVC,sus,39,0.7454267633986404
6708,17,FFA,miniblock,1,0.3141303513666149
6709,17,FFA,miniblock,2,0.3834997290385269
6710,17,FFA,miniblock,3,0.41012287718815993
6711,17,FFA,miniblock,4,0.4299381792052743
6712,17,FFA,miniblock,5,0.46365597146693016
6713,17,FFA,miniblock,6,0.4883168484671904
6714,17,FFA,miniblock,7,0.5013004074086438
6715,17,FFA,miniblock,8,0.5175645590463788
6716,17,FFA,miniblock,9,0.5331491850513496
6717,17,FFA,miniblock,10,0.5437805075244081
6718,17,FFA,miniblock,11,0.5510095961758132
6719,17,FFA,miniblock,12,0.5596043565110168
6720,17,FFA,miniblock,13,0.5679633464406677
6721,17,FFA,miniblock,14,0.5751060232535131
6722,17,FFA,miniblock,15,0.5811935189775693
6723,17,FFA,miniblock,16,0.5883797962184565
6724,17,FFA,miniblock,17,0.5939429938722987
6725,17,FFA,miniblock,18,0.6004964670753057
6726,17,FFA,miniblock,19,0.6043464934034716
6727,17,FFA,miniblock,20,0.6090928092032885
6728,17,FFA,miniblock,21,0.6128723753784456
6729,17,FFA,miniblock,22,0.6168661981441136
6730,17,FFA,miniblock,23,0.6202319971575894
6731,17,FFA,miniblock,24,0.6231860416293378
6732,17,FFA,miniblock,25,0.6259398020794628
6733,17,FFA,miniblock,26,0.6288938430868484
6734,17,FFA,miniblock,27,0.6307334224204593
6735,17,FFA,miniblock,28,0.634087941106081
6736,17,FFA,miniblock,29,0.635764630115306
6737,17,FFA,miniblock,30,0.6383684640287669
6738,17,FFA,miniblock,31,0.640590903454562
6739,17,FFA,miniblock,32,0.6425024994726164
6740,17,FFA,miniblock,33,0.6437241430619198
6741,17,FFA,miniblock,34,0.6453872676156599
6742,17,FFA,miniblock,35,0.6470237101467362
6743,17,FFA,miniblock,36,0.6481516981178606
6744,17,FFA,miniblock,37,0.6495244918215665
6745,17,FFA,miniblock,38,0.6511560267193561
6746,17,FFA,miniblock,39,0.6527041909653496
6747,17,PPA,miniblock,1,0.1448851530202008
6748,17,PPA,miniblock,2,0.2341810878502526
6749,17,PPA,miniblock,3,0.257642957399356
6750,17,PPA,miniblock,4,0.3021881452124985
6751,17,PPA,miniblock,5,0.33058665206561566
6752,17,PPA,miniblock,6,0.3610568745091814
6753,17,PPA,miniblock,7,0.37856798973609934
6754,17,PPA,miniblock,8,0.40027460783944785
6755,17,PPA,miniblock,9,0.41176690804764776
6756,17,PPA,miniblock,10,0.4259650672072157
6757,17,PPA,miniblock,11,0.43774640068331233
6758,17,PPA,miniblock,12,0.4521862703330557
6759,17,PPA,miniblock,13,0.46687516612401464
6760,17,PPA,miniblock,14,0.4792160008985122
6761,17,PPA,miniblock,15,0.49070676913566064
6762,17,PPA,miniblock,16,0.4989283005848104
6763,17,PPA,miniblock,17,0.5106309362239534
6764,17,PPA,miniblock,18,0.5204265892196744
6765,17,PPA,miniblock,19,0.5272082650623352
6766,17,PPA,miniblock,20,0.5334348610055623
6767,17,PPA,miniblock,21,0.5413048156193039
6768,17,PPA,miniblock,22,0.5504432991589331
6769,17,PPA,miniblock,23,0.5580470747102858
6770,17,PPA,miniblock,24,0.5671660955264641
6771,17,PPA,miniblock,25,0.5729226059542687
6772,17,PPA,miniblock,26,0.579164840609843
6773,17,PPA,miniblock,27,0.5858672156681439
6774,17,PPA,miniblock,28,0.5923149940556202
6775,17,PPA,miniblock,29,0.5995566523493119
6776,17,PPA,miniblock,30,0.6051818548800042
6777,17,PPA,miniblock,31,0.6109398680805563
6778,17,PPA,miniblock,32,0.6161493457692386
6779,17,PPA,miniblock,33,0.620010853091148
6780,17,PPA,miniblock,34,0.6240737944360205
6781,17,PPA,miniblock,35,0.628150319677023
6782,17,PPA,miniblock,36,0.633298048894991
6783,17,PPA,miniblock,37,0.6376377418219056
6784,17,PPA,miniblock,38,0.6420321258952659
6785,17,PPA,miniblock,39,0.6450338853043668
6786,17,EBA,miniblock,1,0.42996285885806307
6787,17,EBA,miniblock,2,0.44997531976378174
6788,17,EBA,miniblock,3,0.4708290379152989
6789,17,EBA,miniblock,4,0.48855164781102306
6790,17,EBA,miniblock,5,0.5065098376556755
6791,17,EBA,miniblock,6,0.5173976371397057
6792,17,EBA,miniblock,7,0.5265057644647172
6793,17,EBA,miniblock,8,0.5387416138245102
6794,17,EBA,miniblock,9,0.5471696734452239
6795,17,EBA,miniblock,10,0.5541428466608406
6796,17,EBA,miniblock,11,0.5605811680481346
6797,17,EBA,miniblock,12,0.5665611909872924
6798,17,EBA,miniblock,13,0.5726613384530862
6799,17,EBA,miniblock,14,0.5785715777196577
6800,17,EBA,miniblock,15,0.5821157179146386
6801,17,EBA,miniblock,16,0.5873434776833251
6802,17,EBA,miniblock,17,0.5902565619996017
6803,17,EBA,miniblock,18,0.5943766662136556
6804,17,EBA,miniblock,19,0.5984760736111977
6805,17,EBA,miniblock,20,0.6015140759632281
6806,17,EBA,miniblock,21,0.6049174480352998
6807,17,EBA,miniblock,22,0.6074967348048976
6808,17,EBA,miniblock,23,0.6097447073925238
6809,17,EBA,miniblock,24,0.6129764859376253
6810,17,EBA,miniblock,25,0.6161024186142632
6811,17,EBA,miniblock,26,0.6185264436239782
6812,17,EBA,miniblock,27,0.6203337252373166
6813,17,EBA,miniblock,28,0.6221877974572375
6814,17,EBA,miniblock,29,0.6237959390614229
6815,17,EBA,miniblock,30,0.6258694813840217
6816,17,EBA,miniblock,31,0.6274841277582965
6817,17,EBA,miniblock,32,0.629630133166371
6818,17,EBA,miniblock,33,0.6312565707358687
6819,17,EBA,miniblock,34,0.6328989951171661
6820,17,EBA,miniblock,35,0.6341650118201105
6821,17,EBA,miniblock,36,0.6358374133832508
6822,17,EBA,miniblock,37,0.6373729345369706
6823,17,EBA,miniblock,38,0.6389727754882021
6824,17,EBA,miniblock,39,0.6404111607184201
6825,17,EVC,miniblock,1,0.7054504448818179
6826,17,EVC,miniblock,2,0.7341240967617857
6827,17,EVC,miniblock,3,0.7479889196867647
6828,17,EVC,miniblock,4,0.755990206025019
6829,17,EVC,miniblock,5,0.7642801571867949
6830,17,EVC,miniblock,6,0.7725391587925093
6831,17,EVC,miniblock,7,0.7774928818772278
6832,17,EVC,miniblock,8,0.7838138939855531
6833,17,EVC,miniblock,9,0.7877903520307598
6834,17,EVC,miniblock,10,0.7913603929510509
6835,17,EVC,miniblock,11,0.7953158104762914
6836,17,EVC,miniblock,12,0.7981388007724265
6837,17,EVC,miniblock,13,0.8010615755118852
6838,17,EVC,miniblock,14,0.803576889088781
6839,17,EVC,miniblock,15,0.8056858913337814
6840,17,EVC,miniblock,16,0.8081363138823666
6841,17,EVC,miniblock,17,0.8105999020201319
6842,17,EVC,miniblock,18,0.8124736165939526
6843,17,EVC,miniblock,19,0.8146385284930172
6844,17,EVC,miniblock,20,0.8162302870989092
6845,17,EVC,miniblock,21,0.817397272531315
6846,17,EVC,miniblock,22,0.819010037415274
6847,17,EVC,miniblock,23,0.8208171883669194
6848,17,EVC,miniblock,24,0.8220064374310354
6849,17,EVC,miniblock,25,0.8231158107145601
6850,17,EVC,miniblock,26,0.8240009497674147
6851,17,EVC,miniblock,27,0.8248777468205025
6852,17,EVC,miniblock,28,0.8258560841771622
6853,17,EVC,miniblock,29,0.8270405290818132
6854,17,EVC,miniblock,30,0.8279426352221443
6855,17,EVC,miniblock,31,0.8287298315064987
6856,17,EVC,miniblock,32,0.8294750544047568
6857,17,EVC,miniblock,33,0.8301316922390747
6858,17,EVC,miniblock,34,0.8312628078542952
6859,17,EVC,miniblock,35,0.8319237120103905
6860,17,EVC,miniblock,36,0.8324444040516866
6861,17,EVC,miniblock,37,0.8331210195335927
6862,17,EVC,miniblock,38,0.833614353792826
6863,17,EVC,miniblock,39,0.8340168165515814
6864,17,FFA,er,1,0.15281918421912746
6865,17,FFA,er,2,0.2209524424512743
6866,17,FFA,er,3,0.29790691994080304
6867,17,FFA,er,4,0.3348914834948538
6868,17,FFA,er,5,0.35854187089950723
6869,17,FFA,er,6,0.3763420887734874
6870,17,FFA,er,7,0.39389211457665096
6871,17,FFA,er,8,0.40746737481291256
6872,17,FFA,er,9,0.4210242652661447
6873,17,FFA,er,10,0.43430795426671853
6874,17,FFA,er,11,0.44057042481331155
6875,17,FFA,er,12,0.45202302685928236
6876,17,FFA,er,13,0.4601615808104505
6877,17,FFA,er,14,0.47053951999635996
6878,17,FFA,er,15,0.48196921449637004
6879,17,FFA,er,16,0.4862455942707303
6880,17,FFA,er,17,0.49444324888386126
6881,17,FFA,er,18,0.4996138927234009
6882,17,FFA,er,19,0.5088977607170186
6883,17,FFA,er,20,0.5157107339872243
6884,17,FFA,er,21,0.5207067172457048
6885,17,FFA,er,22,0.5257641979458471
6886,17,FFA,er,23,0.5294706084901754
6887,17,FFA,er,24,0.5360188313186888
6888,17,FFA,er,25,0.5413830630333757
6889,17,FFA,er,26,0.5449784945893661
6890,17,FFA,er,27,0.5489256001710958
6891,17,FFA,er,28,0.5521811175562693
6892,17,FFA,er,29,0.5556561207395733
6893,17,FFA,er,30,0.5589186206869127
6894,17,FFA,er,31,0.5623405381156302
6895,17,FFA,er,32,0.5650998354771576
6896,17,FFA,er,33,0.5679389054838296
6897,17,FFA,er,34,0.570837242211672
6898,17,FFA,er,35,0.5735966712604473
6899,17,FFA,er,36,0.5767051297754408
6900,17,FFA,er,37,0.5795245776349606
6901,17,FFA,er,38,0.5824473942949767
6902,17,FFA,er,39,0.584231916745231
6903,17,PPA,er,1,0.09979468783714114
6904,17,PPA,er,2,0.1670346280537831
6905,17,PPA,er,3,0.2033582551235408
6906,17,PPA,er,4,0.24059041680800275
6907,17,PPA,er,5,0.2726357603742642
6908,17,PPA,er,6,0.2973434930608542
6909,17,PPA,er,7,0.3186881071902069
6910,17,PPA,er,8,0.3339830611583556
6911,17,PPA,er,9,0.3538891643885395
6912,17,PPA,er,10,0.3667493235799692
6913,17,PPA,er,11,0.3803673453260486
6914,17,PPA,er,12,0.3923742818253337
6915,17,PPA,er,13,0.4019463047879402
6916,17,PPA,er,14,0.4140432584289245
6917,17,PPA,er,15,0.42565088649267896
6918,17,PPA,er,16,0.4340097206674714
6919,17,PPA,er,17,0.4462462109403454
6920,17,PPA,er,18,0.457611394123911
6921,17,PPA,er,19,0.46916829601986665
6922,17,PPA,er,20,0.4774363647639266
6923,17,PPA,er,21,0.48541614690892393
6924,17,PPA,er,22,0.49231912095919994
6925,17,PPA,er,23,0.5004904616498921
6926,17,PPA,er,24,0.5074032675653477
6927,17,PPA,er,25,0.5155456593048022
6928,17,PPA,er,26,0.5228606240346686
6929,17,PPA,er,27,0.5299780293974216
6930,17,PPA,er,28,0.5371604630657806
6931,17,PPA,er,29,0.5443120158168524
6932,17,PPA,er,30,0.5520608633553926
6933,17,PPA,er,31,0.5588750335424776
6934,17,PPA,er,32,0.5640354869329033
6935,17,PPA,er,33,0.5694875741847693
6936,17,PPA,er,34,0.5736878168128904
6937,17,PPA,er,35,0.5792738060425174
6938,17,PPA,er,36,0.5832258441099267
6939,17,PPA,er,37,0.5876597776512967
6940,17,PPA,er,38,0.5924591069970798
6941,17,PPA,er,39,0.5962614180216698
6942,17,EBA,er,1,0.2134724140176285
6943,17,EBA,er,2,0.26843849441902745
6944,17,EBA,er,3,0.3019340516484538
6945,17,EBA,er,4,0.32676024641405427
6946,17,EBA,er,5,0.34686141878872095
6947,17,EBA,er,6,0.36050925272854456
6948,17,EBA,er,7,0.37439114823272873
6949,17,EBA,er,8,0.38543738832399477
6950,17,EBA,er,9,0.3952471667561013
6951,17,EBA,er,10,0.40294949004361263
6952,17,EBA,er,11,0.408352438098844
6953,17,EBA,er,12,0.41342325331040247
6954,17,EBA,er,13,0.41981490824324336
6955,17,EBA,er,14,0.4239167136868942
6956,17,EBA,er,15,0.4300147486179253
6957,17,EBA,er,16,0.4354368058699159
6958,17,EBA,er,17,0.4412492732551758
6959,17,EBA,er,18,0.4461832596648517
6960,17,EBA,er,19,0.4494670564624175
6961,17,EBA,er,20,0.45303313526390987
6962,17,EBA,er,21,0.4560780366055907
6963,17,EBA,er,22,0.46042219637798515
6964,17,EBA,er,23,0.4629806671741344
6965,17,EBA,er,24,0.466118858003641
6966,17,EBA,er,25,0.46899372513967297
6967,17,EBA,er,26,0.471366197374025
6968,17,EBA,er,27,0.4739012791920721
6969,17,EBA,er,28,0.47621134284750616
6970,17,EBA,er,29,0.4780972614532189
6971,17,EBA,er,30,0.4806538054301375
6972,17,EBA,er,31,0.4835602726023856
6973,17,EBA,er,32,0.4867666207701415
6974,17,EBA,er,33,0.4886487477614083
6975,17,EBA,er,34,0.49192954850665355
6976,17,EBA,er,35,0.49426667994084905
6977,17,EBA,er,36,0.4963012652597478
6978,17,EBA,er,37,0.4991093697121333
6979,17,EBA,er,38,0.5014546081767788
6980,17,EBA,er,39,0.5034842784777568
6981,17,EVC,er,1,0.4172482773900464
6982,17,EVC,er,2,0.47903742226714224
6983,17,EVC,er,3,0.49870590411361765
6984,17,EVC,er,4,0.5133319059752282
6985,17,EVC,er,5,0.5264480769320099
6986,17,EVC,er,6,0.5391668588262292
6987,17,EVC,er,7,0.5490674159106489
6988,17,EVC,er,8,0.5575443407022358
6989,17,EVC,er,9,0.5652760109190604
6990,17,EVC,er,10,0.5760876040263493
6991,17,EVC,er,11,0.5846268768763001
6992,17,EVC,er,12,0.5910449259606386
6993,17,EVC,er,13,0.5962500100453675
6994,17,EVC,er,14,0.6001925114502829
6995,17,EVC,er,15,0.6030985876253253
6996,17,EVC,er,16,0.6063128407413684
6997,17,EVC,er,17,0.6113203929342154
6998,17,EVC,er,18,0.613911110467145
6999,17,EVC,er,19,0.6181616075135238
7000,17,EVC,er,20,0.6215747294904088
7001,17,EVC,er,21,0.6246540712161351
7002,17,EVC,er,22,0.6263022533637033
7003,17,EVC,er,23,0.6281483398198147
7004,17,EVC,er,24,0.6294534062923539
7005,17,EVC,er,25,0.6307194312418084
7006,17,EVC,er,26,0.6329427453695847
7007,17,EVC,er,27,0.6343047062287205
7008,17,EVC,er,28,0.6356442873704541
7009,17,EVC,er,29,0.636973301656961
7010,17,EVC,er,30,0.6388708588515206
7011,17,EVC,er,31,0.6400010898886791
7012,17,EVC,er,32,0.6414421706723982
7013,17,EVC,er,33,0.6432139614532865
7014,17,EVC,er,34,0.6438896435730123
7015,17,EVC,er,35,0.6452888434942823
7016,17,EVC,er,36,0.646344381406578
7017,17,EVC,er,37,0.6471526821755549
7018,17,EVC,er,38,0.6482117581513395
7019,17,EVC,er,39,0.6491016485605404
7020,18,FFA,sus,1,0.28395736560753626
7021,18,FFA,sus,2,0.3376108065313594
7022,18,FFA,sus,3,0.36558005577935493
7023,18,FFA,sus,4,0.38995576699767237
7024,18,FFA,sus,5,0.4122781846237562
7025,18,FFA,sus,6,0.43753405383401495
7026,18,FFA,sus,7,0.4519862656286365
7027,18,FFA,sus,8,0.46254995949848504
7028,18,FFA,sus,9,0.47056584569431265
7029,18,FFA,sus,10,0.4767353251244047
7030,18,FFA,sus,11,0.48324671863925817
7031,18,FFA,sus,12,0.489253980820179
7032,18,FFA,sus,13,0.49408327243074385
7033,18,FFA,sus,14,0.5003445228658956
7034,18,FFA,sus,15,0.5065199648794025
7035,18,FFA,sus,16,0.5120440995254315
7036,18,FFA,sus,17,0.5162552743567942
7037,18,FFA,sus,18,0.5222123633918311
7038,18,FFA,sus,19,0.5249409206979337
7039,18,FFA,sus,20,0.5285358087726514
7040,18,FFA,sus,21,0.5318638460100971
7041,18,FFA,sus,22,0.535962898976953
7042,18,FFA,sus,23,0.5387982866203876
7043,18,FFA,sus,24,0.5424303298015783
7044,18,FFA,sus,25,0.5457685370339517
7045,18,FFA,sus,26,0.549204606417183
7046,18,FFA,sus,27,0.5525125178448621
7047,18,FFA,sus,28,0.5554690986911691
7048,18,FFA,sus,29,0.5601984011626246
7049,18,FFA,sus,30,0.5630014446009438
7050,18,FFA,sus,31,0.5658605524528615
7051,18,FFA,sus,32,0.5677229614297635
7052,18,FFA,sus,33,0.5701066164872378
7053,18,FFA,sus,34,0.572385379630863
7054,18,FFA,sus,35,0.5748578445256365
7055,18,FFA,sus,36,0.576846018633033
7056,18,FFA,sus,37,0.5786197656773905
7057,18,FFA,sus,38,0.5811087040934275
7058,18,FFA,sus,39,0.5843230111656378
7059,18,PPA,sus,1,0.24184303057965295
7060,18,PPA,sus,2,0.29630335532157814
7061,18,PPA,sus,3,0.3174033751406325
7062,18,PPA,sus,4,0.33851594570970284
7063,18,PPA,sus,5,0.3576210200413037
7064,18,PPA,sus,6,0.3719756697061156
7065,18,PPA,sus,7,0.38654231178621085
7066,18,PPA,sus,8,0.3997579993187839
7067,18,PPA,sus,9,0.4158708834097931
7068,18,PPA,sus,10,0.42604968794674497
7069,18,PPA,sus,11,0.43499362668337405
7070,18,PPA,sus,12,0.44665773952129423
7071,18,PPA,sus,13,0.45421574492824757
7072,18,PPA,sus,14,0.46206484028674755
7073,18,PPA,sus,15,0.46899787741170024
7074,18,PPA,sus,16,0.47363035394341263
7075,18,PPA,sus,17,0.4793215118131478
7076,18,PPA,sus,18,0.48462040313480964
7077,18,PPA,sus,19,0.4884807931394217
7078,18,PPA,sus,20,0.49302918706511795
7079,18,PPA,sus,21,0.4982374374245515
7080,18,PPA,sus,22,0.5029070898019711
7081,18,PPA,sus,23,0.508154348894854
7082,18,PPA,sus,24,0.5132266134197755
7083,18,PPA,sus,25,0.5172485808459716
7084,18,PPA,sus,26,0.5204863708097488
7085,18,PPA,sus,27,0.5240803645592463
7086,18,PPA,sus,28,0.5278813334639388
7087,18,PPA,sus,29,0.5314438299979797
7088,18,PPA,sus,30,0.5350471078924339
7089,18,PPA,sus,31,0.5376947240956335
7090,18,PPA,sus,32,0.5403967470833834
7091,18,PPA,sus,33,0.5435976824609029
7092,18,PPA,sus,34,0.546573022767905
7093,18,PPA,sus,35,0.549591067213414
7094,18,PPA,sus,36,0.552625108853137
7095,18,PPA,sus,37,0.5551753032216846
7096,18,PPA,sus,38,0.5577619608777756
7097,18,PPA,sus,39,0.5600422473621989
7098,18,EBA,sus,1,0.584460948054916
7099,18,EBA,sus,2,0.6386966112115189
7100,18,EBA,sus,3,0.654805652299658
7101,18,EBA,sus,4,0.6718071144291206
7102,18,EBA,sus,5,0.6782712348295385
7103,18,EBA,sus,6,0.6852433804801974
7104,18,EBA,sus,7,0.6936744651385182
7105,18,EBA,sus,8,0.7001782395716519
7106,18,EBA,sus,9,0.7059856216060266
7107,18,EBA,sus,10,0.7097788341951592
7108,18,EBA,sus,11,0.7150427800188629
7109,18,EBA,sus,12,0.7186943749707005
7110,18,EBA,sus,13,0.7211774597908738
7111,18,EBA,sus,14,0.7237896852454787
7112,18,EBA,sus,15,0.7263575365239751
7113,18,EBA,sus,16,0.7292254485379184
7114,18,EBA,sus,17,0.7316045091630915
7115,18,EBA,sus,18,0.7336085759833582
7116,18,EBA,sus,19,0.7354283927618156
7117,18,EBA,sus,20,0.7375048594053008
7118,18,EBA,sus,21,0.739288619431344
7119,18,EBA,sus,22,0.7405911589912003
7120,18,EBA,sus,23,0.7419907206533326
7121,18,EBA,sus,24,0.743191390826302
7122,18,EBA,sus,25,0.7444621396207012
7123,18,EBA,sus,26,0.745601901239369
7124,18,EBA,sus,27,0.7466588129590379
7125,18,EBA,sus,28,0.7476438753446177
7126,18,EBA,sus,29,0.7488638309020136
7127,18,EBA,sus,30,0.7500267582217237
7128,18,EBA,sus,31,0.7508618457670145
7129,18,EBA,sus,32,0.751898648059886
7130,18,EBA,sus,33,0.7528322584313334
7131,18,EBA,sus,34,0.753908349125988
7132,18,EBA,sus,35,0.7549150124540657
7133,18,EBA,sus,36,0.7555843044198998
7134,18,EBA,sus,37,0.7566642606684554
7135,18,EBA,sus,38,0.7575306700601572
7136,18,EBA,sus,39,0.7584967011531533
7137,18,EVC,sus,1,0.7135991134006018
7138,18,EVC,sus,2,0.735510420064593
7139,18,EVC,sus,3,0.7442288222542986
7140,18,EVC,sus,4,0.7518470069372626
7141,18,EVC,sus,5,0.7583171551471942
7142,18,EVC,sus,6,0.7643304796544883
7143,18,EVC,sus,7,0.7701438308993221
7144,18,EVC,sus,8,0.7754756314336751
7145,18,EVC,sus,9,0.7814386475047761
7146,18,EVC,sus,10,0.7849502927677804
7147,18,EVC,sus,11,0.7889111245010096
7148,18,EVC,sus,12,0.7915927871151164
7149,18,EVC,sus,13,0.7946860449039143
7150,18,EVC,sus,14,0.7976822914385445
7151,18,EVC,sus,15,0.7994010398477226
7152,18,EVC,sus,16,0.801166568129069
7153,18,EVC,sus,17,0.8028349703887274
7154,18,EVC,sus,18,0.8057053843112891
7155,18,EVC,sus,19,0.8069281188742919
7156,18,EVC,sus,20,0.8084876069419143
7157,18,EVC,sus,21,0.8100277005244498
7158,18,EVC,sus,22,0.8110394520544957
7159,18,EVC,sus,23,0.8121976582468847
7160,18,EVC,sus,24,0.8137608354556812
7161,18,EVC,sus,25,0.8149056674265381
7162,18,EVC,sus,26,0.8158917470633603
7163,18,EVC,sus,27,0.8169808201683112
7164,18,EVC,sus,28,0.8181438284345511
7165,18,EVC,sus,29,0.8188501287713658
7166,18,EVC,sus,30,0.819791919113272
7167,18,EVC,sus,31,0.8207003752568639
7168,18,EVC,sus,32,0.821476094378092
7169,18,EVC,sus,33,0.8221201918310266
7170,18,EVC,sus,34,0.822750437518862
7171,18,EVC,sus,35,0.8232145163043123
7172,18,EVC,sus,36,0.8235298641368751
7173,18,EVC,sus,37,0.8240822563866969
7174,18,EVC,sus,38,0.8246308182128405
7175,18,EVC,sus,39,0.8250561276210573
7176,18,FFA,miniblock,1,0.38592608302583536
7177,18,FFA,miniblock,2,0.45134252502248556
7178,18,FFA,miniblock,3,0.4823631232340389
7179,18,FFA,miniblock,4,0.49837967744735506
7180,18,FFA,miniblock,5,0.5153933162825883
7181,18,FFA,miniblock,6,0.5304302689811726
7182,18,FFA,miniblock,7,0.5403184889526963
7183,18,FFA,miniblock,8,0.5517989029421521
7184,18,FFA,miniblock,9,0.5627593959157513
7185,18,FFA,miniblock,10,0.5714888335470579
7186,18,FFA,miniblock,11,0.5793575528093525
7187,18,FFA,miniblock,12,0.5891636674310338
7188,18,FFA,miniblock,13,0.5958081802554881
7189,18,FFA,miniblock,14,0.6005225001302279
7190,18,FFA,miniblock,15,0.6047231225683575
7191,18,FFA,miniblock,16,0.6085866777457637
7192,18,FFA,miniblock,17,0.6138891321988343
7193,18,FFA,miniblock,18,0.6165509516331636
7194,18,FFA,miniblock,19,0.6211234987514327
7195,18,FFA,miniblock,20,0.6248374805102044
7196,18,FFA,miniblock,21,0.6290014667671834
7197,18,FFA,miniblock,22,0.6321796356929168
7198,18,FFA,miniblock,23,0.6360249624172634
7199,18,FFA,miniblock,24,0.6389193739709368
7200,18,FFA,miniblock,25,0.6411907801185025
7201,18,FFA,miniblock,26,0.6440598326684169
7202,18,FFA,miniblock,27,0.646699661040594
7203,18,FFA,miniblock,28,0.6490978879700711
7204,18,FFA,miniblock,29,0.6514474579065911
7205,18,FFA,miniblock,30,0.6547288029282511
7206,18,FFA,miniblock,31,0.6570045589250612
7207,18,FFA,miniblock,32,0.6588782006231345
7208,18,FFA,miniblock,33,0.6607421005623679
7209,18,FFA,miniblock,34,0.6630952324709393
7210,18,FFA,miniblock,35,0.6648153820076375
7211,18,FFA,miniblock,36,0.6665181660960356
7212,18,FFA,miniblock,37,0.6688052416630633
7213,18,FFA,miniblock,38,0.6704200779081694
7214,18,FFA,miniblock,39,0.6718510309652768
7215,18,PPA,miniblock,1,0.2492372839290561
7216,18,PPA,miniblock,2,0.2943065687512829
7217,18,PPA,miniblock,3,0.3368063753121468
7218,18,PPA,miniblock,4,0.3670491448935691
7219,18,PPA,miniblock,5,0.3883239653885124
7220,18,PPA,miniblock,6,0.4028261467754357
7221,18,PPA,miniblock,7,0.4160205183639208
7222,18,PPA,miniblock,8,0.42868629807814757
7223,18,PPA,miniblock,9,0.43866327816583633
7224,18,PPA,miniblock,10,0.44861071215910336
7225,18,PPA,miniblock,11,0.45507825710673205
7226,18,PPA,miniblock,12,0.462487834302942
7227,18,PPA,miniblock,13,0.4703884784580971
7228,18,PPA,miniblock,14,0.4779461708928821
7229,18,PPA,miniblock,15,0.48408727473370217
7230,18,PPA,miniblock,16,0.4897307225562857
7231,18,PPA,miniblock,17,0.49495358961663255
7232,18,PPA,miniblock,18,0.5000280035546244
7233,18,PPA,miniblock,19,0.5058864992956202
7234,18,PPA,miniblock,20,0.5118706298008785
7235,18,PPA,miniblock,21,0.5172343405602193
7236,18,PPA,miniblock,22,0.5228025170928231
7237,18,PPA,miniblock,23,0.5270695154404513
7238,18,PPA,miniblock,24,0.5323803507072048
7239,18,PPA,miniblock,25,0.537210269783931
7240,18,PPA,miniblock,26,0.5406811002539588
7241,18,PPA,miniblock,27,0.5436844919012412
7242,18,PPA,miniblock,28,0.5469991914891075
7243,18,PPA,miniblock,29,0.5507509639983058
7244,18,PPA,miniblock,30,0.5539003876918543
7245,18,PPA,miniblock,31,0.556811122533235
7246,18,PPA,miniblock,32,0.5594987071241014
7247,18,PPA,miniblock,33,0.5624975129342203
7248,18,PPA,miniblock,34,0.5654898165231623
7249,18,PPA,miniblock,35,0.5677086949628105
7250,18,PPA,miniblock,36,0.5700435666639355
7251,18,PPA,miniblock,37,0.5731016948137674
7252,18,PPA,miniblock,38,0.5754018761385059
7253,18,PPA,miniblock,39,0.5776248524919342
7254,18,EBA,miniblock,1,0.6355626946413556
7255,18,EBA,miniblock,2,0.6780926148056747
7256,18,EBA,miniblock,3,0.6962721853320506
7257,18,EBA,miniblock,4,0.7116540762862497
7258,18,EBA,miniblock,5,0.7199546981632432
7259,18,EBA,miniblock,6,0.7270095862369926
7260,18,EBA,miniblock,7,0.7343041741939769
7261,18,EBA,miniblock,8,0.7390051838650624
7262,18,EBA,miniblock,9,0.7449426472355208
7263,18,EBA,miniblock,10,0.7497042098571881
7264,18,EBA,miniblock,11,0.7527794952227819
7265,18,EBA,miniblock,12,0.7553210653384195
7266,18,EBA,miniblock,13,0.7594742774461323
7267,18,EBA,miniblock,14,0.7616978979995515
7268,18,EBA,miniblock,15,0.7645526692755583
7269,18,EBA,miniblock,16,0.7663649904320878
7270,18,EBA,miniblock,17,0.7686563123051148
7271,18,EBA,miniblock,18,0.7706368732587444
7272,18,EBA,miniblock,19,0.7720846284354609
7273,18,EBA,miniblock,20,0.7740265195837873
7274,18,EBA,miniblock,21,0.775234635410555
7275,18,EBA,miniblock,22,0.7762957619251142
7276,18,EBA,miniblock,23,0.7776109022928713
7277,18,EBA,miniblock,24,0.7793538132497456
7278,18,EBA,miniblock,25,0.780356199701001
7279,18,EBA,miniblock,26,0.7814556137555942
7280,18,EBA,miniblock,27,0.7826765422176191
7281,18,EBA,miniblock,28,0.7837235233164956
7282,18,EBA,miniblock,29,0.7846669258486015
7283,18,EBA,miniblock,30,0.7855961687066187
7284,18,EBA,miniblock,31,0.786440521587927
7285,18,EBA,miniblock,32,0.7870487909713146
7286,18,EBA,miniblock,33,0.7876198746871571
7287,18,EBA,miniblock,34,0.7884084427642696
7288,18,EBA,miniblock,35,0.7889763422235406
7289,18,EBA,miniblock,36,0.7896641215372867
7290,18,EBA,miniblock,37,0.7904187782800972
7291,18,EBA,miniblock,38,0.7909729798001486
7292,18,EBA,miniblock,39,0.7918283726504822
7293,18,EVC,miniblock,1,0.7704992773613769
7294,18,EVC,miniblock,2,0.7862791964283455
7295,18,EVC,miniblock,3,0.792648545629221
7296,18,EVC,miniblock,4,0.8008929129308195
7297,18,EVC,miniblock,5,0.8104548726050099
7298,18,EVC,miniblock,6,0.8149403051053264
7299,18,EVC,miniblock,7,0.8189434960256131
7300,18,EVC,miniblock,8,0.8239960551097273
7301,18,EVC,miniblock,9,0.8268409696134046
7302,18,EVC,miniblock,10,0.8293713523291686
7303,18,EVC,miniblock,11,0.8321783914945285
7304,18,EVC,miniblock,12,0.8344748843516429
7305,18,EVC,miniblock,13,0.8368184122867891
7306,18,EVC,miniblock,14,0.8387801863759577
7307,18,EVC,miniblock,15,0.840921446064752
7308,18,EVC,miniblock,16,0.8431531600523577
7309,18,EVC,miniblock,17,0.845101354589399
7310,18,EVC,miniblock,18,0.8467975658683772
7311,18,EVC,miniblock,19,0.8482789257044309
7312,18,EVC,miniblock,20,0.8496374522158635
7313,18,EVC,miniblock,21,0.851014898934867
7314,18,EVC,miniblock,22,0.8522529209166355
7315,18,EVC,miniblock,23,0.8536145400553533
7316,18,EVC,miniblock,24,0.8547510680697332
7317,18,EVC,miniblock,25,0.8554594113070646
7318,18,EVC,miniblock,26,0.8569491887557238
7319,18,EVC,miniblock,27,0.8577812125359464
7320,18,EVC,miniblock,28,0.8587102715228795
7321,18,EVC,miniblock,29,0.8593770819484271
7322,18,EVC,miniblock,30,0.8602171354317267
7323,18,EVC,miniblock,31,0.8611783649062351
7324,18,EVC,miniblock,32,0.8620663343170915
7325,18,EVC,miniblock,33,0.86261695854339
7326,18,EVC,miniblock,34,0.8631268712126036
7327,18,EVC,miniblock,35,0.8637539950696338
7328,18,EVC,miniblock,36,0.8642050442095807
7329,18,EVC,miniblock,37,0.864640309468878
7330,18,EVC,miniblock,38,0.8652259966137134
7331,18,EVC,miniblock,39,0.8656290635979343
7332,18,FFA,er,1,0.16281857336186792
7333,18,FFA,er,2,0.22322920125429238
7334,18,FFA,er,3,0.2510049923794603
7335,18,FFA,er,4,0.2811685665004825
7336,18,FFA,er,5,0.3021260540169459
7337,18,FFA,er,6,0.3260962266191039
7338,18,FFA,er,7,0.339443416905687
7339,18,FFA,er,8,0.35364281783874807
7340,18,FFA,er,9,0.36829799379197753
7341,18,FFA,er,10,0.37744331791075325
7342,18,FFA,er,11,0.3895249934629604
7343,18,FFA,er,12,0.39861621816181353
7344,18,FFA,er,13,0.4075194158988369
7345,18,FFA,er,14,0.4145519656506724
7346,18,FFA,er,15,0.4199981970722713
7347,18,FFA,er,16,0.42632159409444553
7348,18,FFA,er,17,0.43373371119716797
7349,18,FFA,er,18,0.4416851865279445
7350,18,FFA,er,19,0.4480031370059314
7351,18,FFA,er,20,0.4525371481167754
7352,18,FFA,er,21,0.45766269740430804
7353,18,FFA,er,22,0.4621493096304044
7354,18,FFA,er,23,0.46710843578395483
7355,18,FFA,er,24,0.4704801705389195
7356,18,FFA,er,25,0.47475186695189714
7357,18,FFA,er,26,0.479003669705544
7358,18,FFA,er,27,0.4832133962455498
7359,18,FFA,er,28,0.48692929288198944
7360,18,FFA,er,29,0.4903457399407614
7361,18,FFA,er,30,0.4937360448004373
7362,18,FFA,er,31,0.4966825149241108
7363,18,FFA,er,32,0.5006239760069318
7364,18,FFA,er,33,0.5034246651280339
7365,18,FFA,er,34,0.5060688543649204
7366,18,FFA,er,35,0.5086941112508409
7367,18,FFA,er,36,0.5113277872260725
7368,18,FFA,er,37,0.5139721156833218
7369,18,FFA,er,38,0.516416471384022
7370,18,FFA,er,39,0.5185855192690475
7371,18,PPA,er,1,0.1723093475636068
7372,18,PPA,er,2,0.22581485152992134
7373,18,PPA,er,3,0.27243129398880583
7374,18,PPA,er,4,0.2944209333665641
7375,18,PPA,er,5,0.3267644174299041
7376,18,PPA,er,6,0.3452622281312216
7377,18,PPA,er,7,0.3644672130484583
7378,18,PPA,er,8,0.379472950586234
7379,18,PPA,er,9,0.3891877584983541
7380,18,PPA,er,10,0.3996351031577016
7381,18,PPA,er,11,0.4128069649473453
7382,18,PPA,er,12,0.42308369271301904
7383,18,PPA,er,13,0.4334200284552579
7384,18,PPA,er,14,0.44095201218873975
7385,18,PPA,er,15,0.4533371134057427
7386,18,PPA,er,16,0.45944410401988306
7387,18,PPA,er,17,0.4650121057250481
7388,18,PPA,er,18,0.4703536301984485
7389,18,PPA,er,19,0.4766478933369624
7390,18,PPA,er,20,0.4829587719527734
7391,18,PPA,er,21,0.48761280333881585
7392,18,PPA,er,22,0.4920481399336533
7393,18,PPA,er,23,0.49753160212067477
7394,18,PPA,er,24,0.5031329262059597
7395,18,PPA,er,25,0.5087076108911001
7396,18,PPA,er,26,0.5118699558810409
7397,18,PPA,er,27,0.5170360424046637
7398,18,PPA,er,28,0.5217759644408188
7399,18,PPA,er,29,0.5254431583344238
7400,18,PPA,er,30,0.530634865189382
7401,18,PPA,er,31,0.5340053030212079
7402,18,PPA,er,32,0.5380217228524043
7403,18,PPA,er,33,0.5416418396712694
7404,18,PPA,er,34,0.5447875823189178
7405,18,PPA,er,35,0.548266048648653
7406,18,PPA,er,36,0.5512169677059015
7407,18,PPA,er,37,0.5543872499536987
7408,18,PPA,er,38,0.557255781601875
7409,18,PPA,er,39,0.5604992368241132
7410,18,EBA,er,1,0.2968130170164733
7411,18,EBA,er,2,0.328921364624643
7412,18,EBA,er,3,0.3627026498340968
7413,18,EBA,er,4,0.37758017043122694
7414,18,EBA,er,5,0.3921687866727151
7415,18,EBA,er,6,0.4063744882506433
7416,18,EBA,er,7,0.41837074645679895
7417,18,EBA,er,8,0.4260450070176165
7418,18,EBA,er,9,0.43255489649902845
7419,18,EBA,er,10,0.4402369732199333
7420,18,EBA,er,11,0.4462599652106258
7421,18,EBA,er,12,0.4524281179355237
7422,18,EBA,er,13,0.45746306232636186
7423,18,EBA,er,14,0.46251688934680324
7424,18,EBA,er,15,0.4675901983578778
7425,18,EBA,er,16,0.47110757825296457
7426,18,EBA,er,17,0.4752511959994912
7427,18,EBA,er,18,0.47881967211207455
7428,18,EBA,er,19,0.4821667743912125
7429,18,EBA,er,20,0.48794266596857616
7430,18,EBA,er,21,0.49172978313569216
7431,18,EBA,er,22,0.49424018529067815
7432,18,EBA,er,23,0.49718510125687115
7433,18,EBA,er,24,0.500203783045062
7434,18,EBA,er,25,0.5025441944198611
7435,18,EBA,er,26,0.5053399580764179
7436,18,EBA,er,27,0.5083927673563622
7437,18,EBA,er,28,0.5109870525236316
7438,18,EBA,er,29,0.5131787558033417
7439,18,EBA,er,30,0.5153287839840625
7440,18,EBA,er,31,0.5174743752215142
7441,18,EBA,er,32,0.5191811349477794
7442,18,EBA,er,33,0.5208478716692249
7443,18,EBA,er,34,0.5228075905115999
7444,18,EBA,er,35,0.5244488577224432
7445,18,EBA,er,36,0.5266106291169385
7446,18,EBA,er,37,0.5287061434923302
7447,18,EBA,er,38,0.5300146728050931
7448,18,EBA,er,39,0.5317724416592243
7449,18,EVC,er,1,0.4444043221162189
7450,18,EVC,er,2,0.4661654512376428
7451,18,EVC,er,3,0.4769608723047411
7452,18,EVC,er,4,0.4863377042932672
7453,18,EVC,er,5,0.4965078313438169
7454,18,EVC,er,6,0.5101271146176319
7455,18,EVC,er,7,0.5211055625024904
7456,18,EVC,er,8,0.5284388192783281
7457,18,EVC,er,9,0.5350995255013206
7458,18,EVC,er,10,0.5425934562156961
7459,18,EVC,er,11,0.5512608069434174
7460,18,EVC,er,12,0.5568009301819826
7461,18,EVC,er,13,0.5625126532900699
7462,18,EVC,er,14,0.5689013585720536
7463,18,EVC,er,15,0.5733031618130686
7464,18,EVC,er,16,0.577002855339941
7465,18,EVC,er,17,0.5793124524573766
7466,18,EVC,er,18,0.5812202647968115
7467,18,EVC,er,19,0.5835641678948084
7468,18,EVC,er,20,0.5868728480934853
7469,18,EVC,er,21,0.5902155673776329
7470,18,EVC,er,22,0.5925475661215579
7471,18,EVC,er,23,0.5948256011142813
7472,18,EVC,er,24,0.5964874017445513
7473,18,EVC,er,25,0.5980899800344296
7474,18,EVC,er,26,0.5998194341594981
7475,18,EVC,er,27,0.6016528100974692
7476,18,EVC,er,28,0.6031762388814308
7477,18,EVC,er,29,0.6051326271172036
7478,18,EVC,er,30,0.6067045964916535
7479,18,EVC,er,31,0.6080156386897744
7480,18,EVC,er,32,0.6090996897952604
7481,18,EVC,er,33,0.6102455276560966
7482,18,EVC,er,34,0.6116189165769412
7483,18,EVC,er,35,0.6124793026088614
7484,18,EVC,er,36,0.6139407097493643
7485,18,EVC,er,37,0.6151306470377556
7486,18,EVC,er,38,0.616393688582027
7487,18,EVC,er,39,0.617683659264019
7488,19,FFA,sus,1,0.38240619760639055
7489,19,FFA,sus,2,0.4808000396134539
7490,19,FFA,sus,3,0.5518341906142216
7491,19,FFA,sus,4,0.565017618016008
7492,19,FFA,sus,5,0.5823656109130978
7493,19,FFA,sus,6,0.599999886638982
7494,19,FFA,sus,7,0.6117067922989815
7495,19,FFA,sus,8,0.6221821473613619
7496,19,FFA,sus,9,0.6309603041194715
7497,19,FFA,sus,10,0.6398476911038579
7498,19,FFA,sus,11,0.6455973011699309
7499,19,FFA,sus,12,0.6512478295176062
7500,19,FFA,sus,13,0.6606746900898125
7501,19,FFA,sus,14,0.6690544708267573
7502,19,FFA,sus,15,0.6748821347631798
7503,19,FFA,sus,16,0.6808656870900625
7504,19,FFA,sus,17,0.6847656031023721
7505,19,FFA,sus,18,0.6895321555015356
7506,19,FFA,sus,19,0.6933848030462123
7507,19,FFA,sus,20,0.6980564381852338
7508,19,FFA,sus,21,0.7009091042574468
7509,19,FFA,sus,22,0.7036130049788042
7510,19,FFA,sus,23,0.7063046821857238
7511,19,FFA,sus,24,0.7089666128803342
7512,19,FFA,sus,25,0.7122687140121169
7513,19,FFA,sus,26,0.7149128517448737
7514,19,FFA,sus,27,0.7181437121970231
7515,19,FFA,sus,28,0.7198792880700237
7516,19,FFA,sus,29,0.7223493783863884
7517,19,FFA,sus,30,0.7240111686653385
7518,19,FFA,sus,31,0.7262046926843752
7519,19,FFA,sus,32,0.7284702292791251
7520,19,FFA,sus,33,0.7306101732313758
7521,19,FFA,sus,34,0.7326347556065311
7522,19,FFA,sus,35,0.7337942218111264
7523,19,FFA,sus,36,0.7351011927893937
7524,19,FFA,sus,37,0.7368355762857058
7525,19,FFA,sus,38,0.7380290914548485
7526,19,FFA,sus,39,0.7396863653474584
7527,19,PPA,sus,1,0.5603683917445614
7528,19,PPA,sus,2,0.604422225181228
7529,19,PPA,sus,3,0.6203452429550951
7530,19,PPA,sus,4,0.6346631326437736
7531,19,PPA,sus,5,0.6418406281160055
7532,19,PPA,sus,6,0.6510937070341655
7533,19,PPA,sus,7,0.6592672019659853
7534,19,PPA,sus,8,0.6656367064247264
7535,19,PPA,sus,9,0.673241385569165
7536,19,PPA,sus,10,0.6789884746189445
7537,19,PPA,sus,11,0.6829115399684711
7538,19,PPA,sus,12,0.6879138279378725
7539,19,PPA,sus,13,0.692314358192012
7540,19,PPA,sus,14,0.6956420620538316
7541,19,PPA,sus,15,0.6994182992917516
7542,19,PPA,sus,16,0.7028360158637827
7543,19,PPA,sus,17,0.7063476530009559
7544,19,PPA,sus,18,0.7093277215195094
7545,19,PPA,sus,19,0.7124065366474287
7546,19,PPA,sus,20,0.7152186443416509
7547,19,PPA,sus,21,0.7179822861503055
7548,19,PPA,sus,22,0.7205092941023601
7549,19,PPA,sus,23,0.7224998990696966
7550,19,PPA,sus,24,0.724047533224932
7551,19,PPA,sus,25,0.7257880386621692
7552,19,PPA,sus,26,0.7280907748568483
7553,19,PPA,sus,27,0.7305296721619464
7554,19,PPA,sus,28,0.7320885994129506
7555,19,PPA,sus,29,0.7337339568448745
7556,19,PPA,sus,30,0.7356937206545622
7557,19,PPA,sus,31,0.7370954977072329
7558,19,PPA,sus,32,0.7384494121735908
7559,19,PPA,sus,33,0.7400189281258139
7560,19,PPA,sus,34,0.7410982362706817
7561,19,PPA,sus,35,0.74249204363948
7562,19,PPA,sus,36,0.7438893036615895
7563,19,PPA,sus,37,0.7449703590429134
7564,19,PPA,sus,38,0.7464267166949027
7565,19,PPA,sus,39,0.7471390377335346
7566,19,EBA,sus,1,0.22965291675722885
7567,19,EBA,sus,2,0.3036287797052885
7568,19,EBA,sus,3,0.33676649661617303
7569,19,EBA,sus,4,0.3608790771190484
7570,19,EBA,sus,5,0.38094373717871816
7571,19,EBA,sus,6,0.4018370789529402
7572,19,EBA,sus,7,0.4225883314104319
7573,19,EBA,sus,8,0.4399701094227688
7574,19,EBA,sus,9,0.4503109764693229
7575,19,EBA,sus,10,0.46424788986263926
7576,19,EBA,sus,11,0.47156362304138
7577,19,EBA,sus,12,0.47844738610996346
7578,19,EBA,sus,13,0.4858585772504072
7579,19,EBA,sus,14,0.4940929293376614
7580,19,EBA,sus,15,0.5001078512432918
7581,19,EBA,sus,16,0.5073692105709645
7582,19,EBA,sus,17,0.5141741546139215
7583,19,EBA,sus,18,0.5168623336573428
7584,19,EBA,sus,19,0.5232764961189517
7585,19,EBA,sus,20,0.5261701900349905
7586,19,EBA,sus,21,0.5301948611800347
7587,19,EBA,sus,22,0.5341704612611599
7588,19,EBA,sus,23,0.5371878632956028
7589,19,EBA,sus,24,0.5416331367102102
7590,19,EBA,sus,25,0.5447711019154177
7591,19,EBA,sus,26,0.5471920133301842
7592,19,EBA,sus,27,0.5495618892548638
7593,19,EBA,sus,28,0.5525067236732707
7594,19,EBA,sus,29,0.5543594764512284
7595,19,EBA,sus,30,0.5569319444111022
7596,19,EBA,sus,31,0.5588004182621614
7597,19,EBA,sus,32,0.5608577475836
7598,19,EBA,sus,33,0.5626477755393476
7599,19,EBA,sus,34,0.5653721720613828
7600,19,EBA,sus,35,0.5671665747813955
7601,19,EBA,sus,36,0.5691722339169513
7602,19,EBA,sus,37,0.5710060011388611
7603,19,EBA,sus,38,0.5724315168013755
7604,19,EBA,sus,39,0.5740866627505108
7605,19,EVC,sus,1,0.5410452240646072
7606,19,EVC,sus,2,0.6077955647190182
7607,19,EVC,sus,3,0.6359693715948064
7608,19,EVC,sus,4,0.6580591047180177
7609,19,EVC,sus,5,0.6746310615127662
7610,19,EVC,sus,6,0.6864717944171188
7611,19,EVC,sus,7,0.6990211660625141
7612,19,EVC,sus,8,0.7066523502933418
7613,19,EVC,sus,9,0.7101460506520972
7614,19,EVC,sus,10,0.7156745154919119
7615,19,EVC,sus,11,0.7195505577623971
7616,19,EVC,sus,12,0.7227676829101192
7617,19,EVC,sus,13,0.7297888264936327
7618,19,EVC,sus,14,0.7331559885523545
7619,19,EVC,sus,15,0.7368235813999012
7620,19,EVC,sus,16,0.7411018786317148
7621,19,EVC,sus,17,0.7435980425141816
7622,19,EVC,sus,18,0.7461592721109093
7623,19,EVC,sus,19,0.7478351936760049
7624,19,EVC,sus,20,0.7498734670115145
7625,19,EVC,sus,21,0.7513885270350893
7626,19,EVC,sus,22,0.7528157171934069
7627,19,EVC,sus,23,0.7548615342626025
7628,19,EVC,sus,24,0.7566683779107138
7629,19,EVC,sus,25,0.7582839125169566
7630,19,EVC,sus,26,0.759495470816668
7631,19,EVC,sus,27,0.7607716084481381
7632,19,EVC,sus,28,0.7619946686776785
7633,19,EVC,sus,29,0.7631278381569766
7634,19,EVC,sus,30,0.764191159629787
7635,19,EVC,sus,31,0.7653030067040438
7636,19,EVC,sus,32,0.7662384740676905
7637,19,EVC,sus,33,0.76731388105389
7638,19,EVC,sus,34,0.7683127120713138
7639,19,EVC,sus,35,0.7693392860788842
7640,19,EVC,sus,36,0.7701518770720807
7641,19,EVC,sus,37,0.7708718311742352
7642,19,EVC,sus,38,0.7716765129021016
7643,19,EVC,sus,39,0.7725992373957805
7644,19,FFA,miniblock,1,0.6182853817612017
7645,19,FFA,miniblock,2,0.6920183192862329
7646,19,FFA,miniblock,3,0.7108952945740182
7647,19,FFA,miniblock,4,0.7284795496827742
7648,19,FFA,miniblock,5,0.73561906335294
7649,19,FFA,miniblock,6,0.7415698434494272
7650,19,FFA,miniblock,7,0.7521618452302059
7651,19,FFA,miniblock,8,0.7619526899501032
7652,19,FFA,miniblock,9,0.7657533477837886
7653,19,FFA,miniblock,10,0.7701604595571331
7654,19,FFA,miniblock,11,0.7745360993079707
7655,19,FFA,miniblock,12,0.7790125974289145
7656,19,FFA,miniblock,13,0.7821238863349954
7657,19,FFA,miniblock,14,0.7855819477251581
7658,19,FFA,miniblock,15,0.7887073270819531
7659,19,FFA,miniblock,16,0.7912337058531004
7660,19,FFA,miniblock,17,0.7947575238859604
7661,19,FFA,miniblock,18,0.7973891355896328
7662,19,FFA,miniblock,19,0.8001604632393362
7663,19,FFA,miniblock,20,0.8025512797278255
7664,19,FFA,miniblock,21,0.8052676386031133
7665,19,FFA,miniblock,22,0.8071478298366767
7666,19,FFA,miniblock,23,0.8087920990028419
7667,19,FFA,miniblock,24,0.8105246313966363
7668,19,FFA,miniblock,25,0.8124296730045032
7669,19,FFA,miniblock,26,0.8148056503904314
7670,19,FFA,miniblock,27,0.8162501147966165
7671,19,FFA,miniblock,28,0.8175876507102696
7672,19,FFA,miniblock,29,0.8187627962482962
7673,19,FFA,miniblock,30,0.8196967566797003
7674,19,FFA,miniblock,31,0.8209682302604016
7675,19,FFA,miniblock,32,0.8222056610092555
7676,19,FFA,miniblock,33,0.8231795046439258
7677,19,FFA,miniblock,34,0.8244806329959857
7678,19,FFA,miniblock,35,0.8256429284392807
7679,19,FFA,miniblock,36,0.826535268369135
7680,19,FFA,miniblock,37,0.8273943943048185
7681,19,FFA,miniblock,38,0.8283850017824266
7682,19,FFA,miniblock,39,0.8296527078777381
7683,19,PPA,miniblock,1,0.6208964384631839
7684,19,PPA,miniblock,2,0.6511086258447887
7685,19,PPA,miniblock,3,0.6704491733146941
7686,19,PPA,miniblock,4,0.6794257197103191
7687,19,PPA,miniblock,5,0.7013701678692769
7688,19,PPA,miniblock,6,0.7079099966914889
7689,19,PPA,miniblock,7,0.7178551204803837
7690,19,PPA,miniblock,8,0.7221361656330781
7691,19,PPA,miniblock,9,0.7274746424315129
7692,19,PPA,miniblock,10,0.7322717392633901
7693,19,PPA,miniblock,11,0.7369118564105008
7694,19,PPA,miniblock,12,0.7412836788701483
7695,19,PPA,miniblock,13,0.744713341750383
7696,19,PPA,miniblock,14,0.7475358047164695
7697,19,PPA,miniblock,15,0.7494867673427327
7698,19,PPA,miniblock,16,0.7519185683456033
7699,19,PPA,miniblock,17,0.7550620019623066
7700,19,PPA,miniblock,18,0.7571186951852148
7701,19,PPA,miniblock,19,0.7597852142660203
7702,19,PPA,miniblock,20,0.7614578313261336
7703,19,PPA,miniblock,21,0.7642254256288622
7704,19,PPA,miniblock,22,0.7657449775987971
7705,19,PPA,miniblock,23,0.76731891321678
7706,19,PPA,miniblock,24,0.7689447448309282
7707,19,PPA,miniblock,25,0.770618931657301
7708,19,PPA,miniblock,26,0.7719914269918385
7709,19,PPA,miniblock,27,0.7735039582814177
7710,19,PPA,miniblock,28,0.7752835459921102
7711,19,PPA,miniblock,29,0.7762903424079353
7712,19,PPA,miniblock,30,0.7775324774002539
7713,19,PPA,miniblock,31,0.7787707731609306
7714,19,PPA,miniblock,32,0.780010020880669
7715,19,PPA,miniblock,33,0.7815462353692549
7716,19,PPA,miniblock,34,0.7827374693599612
7717,19,PPA,miniblock,35,0.7836358389792387
7718,19,PPA,miniblock,36,0.7845787066561322
7719,19,PPA,miniblock,37,0.7854646850388637
7720,19,PPA,miniblock,38,0.786198810359734
7721,19,PPA,miniblock,39,0.7869712628731503
7722,19,EBA,miniblock,1,0.40876439332726494
7723,19,EBA,miniblock,2,0.4397706833488781
7724,19,EBA,miniblock,3,0.4787684605012825
7725,19,EBA,miniblock,4,0.49701521309445046
7726,19,EBA,miniblock,5,0.5182893404430112
7727,19,EBA,miniblock,6,0.5275938545857554
7728,19,EBA,miniblock,7,0.5412073267593347
7729,19,EBA,miniblock,8,0.5572764071051476
7730,19,EBA,miniblock,9,0.5633978474023795
7731,19,EBA,miniblock,10,0.5720367061544546
7732,19,EBA,miniblock,11,0.5795299813085532
7733,19,EBA,miniblock,12,0.5853376896914951
7734,19,EBA,miniblock,13,0.5899357925222196
7735,19,EBA,miniblock,14,0.5951788889311224
7736,19,EBA,miniblock,15,0.6030372449104199
7737,19,EBA,miniblock,16,0.6085492095753656
7738,19,EBA,miniblock,17,0.6122238775078584
7739,19,EBA,miniblock,18,0.6161090242599365
7740,19,EBA,miniblock,19,0.6178128294178483
7741,19,EBA,miniblock,20,0.6209658697487273
7742,19,EBA,miniblock,21,0.6234601851320952
7743,19,EBA,miniblock,22,0.6272443075082738
7744,19,EBA,miniblock,23,0.6290597476999226
7745,19,EBA,miniblock,24,0.630822510081386
7746,19,EBA,miniblock,25,0.6328884205445197
7747,19,EBA,miniblock,26,0.6346318212500656
7748,19,EBA,miniblock,27,0.6369973203687315
7749,19,EBA,miniblock,28,0.6383744094700551
7750,19,EBA,miniblock,29,0.6400930907004164
7751,19,EBA,miniblock,30,0.6423828965438684
7752,19,EBA,miniblock,31,0.6443221137152705
7753,19,EBA,miniblock,32,0.6454267161185766
7754,19,EBA,miniblock,33,0.6470421852671522
7755,19,EBA,miniblock,34,0.6486066412789785
7756,19,EBA,miniblock,35,0.6495880739751617
7757,19,EBA,miniblock,36,0.6508161680012456
7758,19,EBA,miniblock,37,0.6524824250028024
7759,19,EBA,miniblock,38,0.6536959381843304
7760,19,EBA,miniblock,39,0.655351647916352
7761,19,EVC,miniblock,1,0.5831699917598702
7762,19,EVC,miniblock,2,0.6608475247861096
7763,19,EVC,miniblock,3,0.6807568910907879
7764,19,EVC,miniblock,4,0.6916383220862254
7765,19,EVC,miniblock,5,0.6991005099912302
7766,19,EVC,miniblock,6,0.7056361309205289
7767,19,EVC,miniblock,7,0.7099109598463745
7768,19,EVC,miniblock,8,0.7159895268909375
7769,19,EVC,miniblock,9,0.7203679001848552
7770,19,EVC,miniblock,10,0.7249416178374158
7771,19,EVC,miniblock,11,0.7285189192414278
7772,19,EVC,miniblock,12,0.7330996076049346
7773,19,EVC,miniblock,13,0.7368141808948728
7774,19,EVC,miniblock,14,0.7406314292894366
7775,19,EVC,miniblock,15,0.7450731336552537
7776,19,EVC,miniblock,16,0.7480151242479187
7777,19,EVC,miniblock,17,0.7496043231648463
7778,19,EVC,miniblock,18,0.7516599694640549
7779,19,EVC,miniblock,19,0.7536843179380401
7780,19,EVC,miniblock,20,0.7551712496550586
7781,19,EVC,miniblock,21,0.7566725198506958
7782,19,EVC,miniblock,22,0.7578856898400744
7783,19,EVC,miniblock,23,0.7590223541950413
7784,19,EVC,miniblock,24,0.7601501377972166
7785,19,EVC,miniblock,25,0.7612053084505258
7786,19,EVC,miniblock,26,0.762136135298105
7787,19,EVC,miniblock,27,0.7633999877947902
7788,19,EVC,miniblock,28,0.7644974267429306
7789,19,EVC,miniblock,29,0.7654565514296489
7790,19,EVC,miniblock,30,0.7661791211900777
7791,19,EVC,miniblock,31,0.7674268422658613
7792,19,EVC,miniblock,32,0.7682504099871329
7793,19,EVC,miniblock,33,0.7688657780551912
7794,19,EVC,miniblock,34,0.7698205658052223
7795,19,EVC,miniblock,35,0.7704815495600784
7796,19,EVC,miniblock,36,0.7711186504025583
7797,19,EVC,miniblock,37,0.7717178161237578
7798,19,EVC,miniblock,38,0.7721822841424858
7799,19,EVC,miniblock,39,0.7727468472180995
7800,19,FFA,er,1,0.3034536451873441
7801,19,FFA,er,2,0.3473183897653705
7802,19,FFA,er,3,0.40307236172384603
7803,19,FFA,er,4,0.44456460974033396
7804,19,FFA,er,5,0.4647519740543342
7805,19,FFA,er,6,0.4796276900137822
7806,19,FFA,er,7,0.49514030131595943
7807,19,FFA,er,8,0.5131315472176945
7808,19,FFA,er,9,0.5312509864677301
7809,19,FFA,er,10,0.5446223331341701
7810,19,FFA,er,11,0.5570101160442587
7811,19,FFA,er,12,0.5682343859379702
7812,19,FFA,er,13,0.5841791988406195
7813,19,FFA,er,14,0.5943165378950613
7814,19,FFA,er,15,0.6020967430009964
7815,19,FFA,er,16,0.6117376266107862
7816,19,FFA,er,17,0.6201841291781801
7817,19,FFA,er,18,0.6255960743655057
7818,19,FFA,er,19,0.6347259456837044
7819,19,FFA,er,20,0.6388990463058378
7820,19,FFA,er,21,0.6430682235467832
7821,19,FFA,er,22,0.648779540965386
7822,19,FFA,er,23,0.654677113166107
7823,19,FFA,er,24,0.6576807380354862
7824,19,FFA,er,25,0.6626986371528961
7825,19,FFA,er,26,0.6684221556336793
7826,19,FFA,er,27,0.6721030517055757
7827,19,FFA,er,28,0.6754515312091597
7828,19,FFA,er,29,0.679071764824949
7829,19,FFA,er,30,0.6823771722259581
7830,19,FFA,er,31,0.6847244172753518
7831,19,FFA,er,32,0.6881382351380442
7832,19,FFA,er,33,0.6913215798850582
7833,19,FFA,er,34,0.6938004060528348
7834,19,FFA,er,35,0.6958482369889613
7835,19,FFA,er,36,0.6982209589304137
7836,19,FFA,er,37,0.7004401195153923
7837,19,FFA,er,38,0.7029296386328877
7838,19,FFA,er,39,0.7051788883422946
7839,19,PPA,er,1,0.3583088896869891
7840,19,PPA,er,2,0.39133743774443625
7841,19,PPA,er,3,0.4183239487230739
7842,19,PPA,er,4,0.43526438162527264
7843,19,PPA,er,5,0.4541457832995938
7844,19,PPA,er,6,0.46592015113768276
7845,19,PPA,er,7,0.4752317934342534
7846,19,PPA,er,8,0.48521988422389173
7847,19,PPA,er,9,0.494341998720266
7848,19,PPA,er,10,0.5020006532445267
7849,19,PPA,er,11,0.509026627228604
7850,19,PPA,er,12,0.5149900033349005
7851,19,PPA,er,13,0.5198694492114543
7852,19,PPA,er,14,0.524272935109107
7853,19,PPA,er,15,0.5309842876422768
7854,19,PPA,er,16,0.5348057818134974
7855,19,PPA,er,17,0.5386819775491193
7856,19,PPA,er,18,0.542008706162568
7857,19,PPA,er,19,0.5452155347802033
7858,19,PPA,er,20,0.5486370109443669
7859,19,PPA,er,21,0.5520254501162577
7860,19,PPA,er,22,0.5555146291852735
7861,19,PPA,er,23,0.5578566748332855
7862,19,PPA,er,24,0.5607691631653104
7863,19,PPA,er,25,0.5633210058238947
7864,19,PPA,er,26,0.5655338983660098
7865,19,PPA,er,27,0.567562315534194
7866,19,PPA,er,28,0.5699911536658454
7867,19,PPA,er,29,0.5718328717610682
7868,19,PPA,er,30,0.5744183331104779
7869,19,PPA,er,31,0.5764546795659501
7870,19,PPA,er,32,0.5791902907672247
7871,19,PPA,er,33,0.5808962265765718
7872,19,PPA,er,34,0.5831739288260299
7873,19,PPA,er,35,0.5851621759529901
7874,19,PPA,er,36,0.5868450645293591
7875,19,PPA,er,37,0.5882156434628407
7876,19,PPA,er,38,0.590038844437539
7877,19,PPA,er,39,0.5916304235467075
7878,19,EBA,er,1,0.1577674287318305
7879,19,EBA,er,2,0.22572700938304405
7880,19,EBA,er,3,0.2658365481172323
7881,19,EBA,er,4,0.29720081267603954
7882,19,EBA,er,5,0.3328648140936537
7883,19,EBA,er,6,0.36157819202085767
7884,19,EBA,er,7,0.38620197302566095
7885,19,EBA,er,8,0.40089701010952555
7886,19,EBA,er,9,0.41341291131959884
7887,19,EBA,er,10,0.42115690594519206
7888,19,EBA,er,11,0.4312076169154469
7889,19,EBA,er,12,0.4388935556491063
7890,19,EBA,er,13,0.44488972762427886
7891,19,EBA,er,14,0.45248240873254614
7892,19,EBA,er,15,0.45746406872882533
7893,19,EBA,er,16,0.46394783682210966
7894,19,EBA,er,17,0.46936097474566124
7895,19,EBA,er,18,0.47428198045249675
7896,19,EBA,er,19,0.47889800822023637
7897,19,EBA,er,20,0.4828203485742925
7898,19,EBA,er,21,0.48657497082345413
7899,19,EBA,er,22,0.49017717199354555
7900,19,EBA,er,23,0.4939292295293511
7901,19,EBA,er,24,0.4970947093891666
7902,19,EBA,er,25,0.49998407575510156
7903,19,EBA,er,26,0.5042491473346993
7904,19,EBA,er,27,0.5065099731012153
7905,19,EBA,er,28,0.5091564913192964
7906,19,EBA,er,29,0.5124722982035439
7907,19,EBA,er,30,0.5148290254015072
7908,19,EBA,er,31,0.5164343725564203
7909,19,EBA,er,32,0.5187507002250809
7910,19,EBA,er,33,0.5217858708323839
7911,19,EBA,er,34,0.5245733725914566
7912,19,EBA,er,35,0.5264644294243824
7913,19,EBA,er,36,0.5284860211200916
7914,19,EBA,er,37,0.5302333007013018
7915,19,EBA,er,38,0.5320292483481757
7916,19,EBA,er,39,0.5345333982011449
7917,19,EVC,er,1,0.3047873898985052
7918,19,EVC,er,2,0.4675763294939194
7919,19,EVC,er,3,0.4929118414239492
7920,19,EVC,er,4,0.5154821664839769
7921,19,EVC,er,5,0.5303393069795922
7922,19,EVC,er,6,0.5409154168245932
7923,19,EVC,er,7,0.5486188252560302
7924,19,EVC,er,8,0.5571362207506955
7925,19,EVC,er,9,0.5638081877320897
7926,19,EVC,er,10,0.5701737344048937
7927,19,EVC,er,11,0.5774645143060899
7928,19,EVC,er,12,0.5846299954810225
7929,19,EVC,er,13,0.5906735583218646
7930,19,EVC,er,14,0.5943753275300002
7931,19,EVC,er,15,0.5987243400268829
7932,19,EVC,er,16,0.6028199051260299
7933,19,EVC,er,17,0.6069661549705359
7934,19,EVC,er,18,0.6125176565142566
7935,19,EVC,er,19,0.6171271080011939
7936,19,EVC,er,20,0.6209184552543735
7937,19,EVC,er,21,0.6239005086990451
7938,19,EVC,er,22,0.6263126139636336
7939,19,EVC,er,23,0.6280314539650921
7940,19,EVC,er,24,0.630600106195379
7941,19,EVC,er,25,0.6329645398298972
7942,19,EVC,er,26,0.6348878271071695
7943,19,EVC,er,27,0.6368307187343865
7944,19,EVC,er,28,0.6391780140527553
7945,19,EVC,er,29,0.6410265982034097
7946,19,EVC,er,30,0.6424468297225273
7947,19,EVC,er,31,0.6446280426856391
7948,19,EVC,er,32,0.6467391185085197
7949,19,EVC,er,33,0.6479358926826072
7950,19,EVC,er,34,0.6496806527604855
7951,19,EVC,er,35,0.6509111747412719
7952,19,EVC,er,36,0.6522075587722289
7953,19,EVC,er,37,0.6531043383265313
7954,19,EVC,er,38,0.6541551970655138
7955,19,EVC,er,39,0.6550488184378406
7956,20,FFA,sus,1,0.47257418401294277
7957,20,FFA,sus,2,0.5330978491265216
7958,20,FFA,sus,3,0.5805533005885003
7959,20,FFA,sus,4,0.6023096931429656
7960,20,FFA,sus,5,0.6172336906601291
7961,20,FFA,sus,6,0.6304743604750728
7962,20,FFA,sus,7,0.6441091259546984
7963,20,FFA,sus,8,0.6553293270833906
7964,20,FFA,sus,9,0.6704632327476249
7965,20,FFA,sus,10,0.6780892706564533
7966,20,FFA,sus,11,0.6828325322639343
7967,20,FFA,sus,12,0.6897533548680531
7968,20,FFA,sus,13,0.6953389990752509
7969,20,FFA,sus,14,0.7017796191792343
7970,20,FFA,sus,15,0.7066227534953643
7971,20,FFA,sus,16,0.7126375724169126
7972,20,FFA,sus,17,0.7178049549540416
7973,20,FFA,sus,18,0.7243987067139956
7974,20,FFA,sus,19,0.7296988716906214
7975,20,FFA,sus,20,0.7345721272270672
7976,20,FFA,sus,21,0.738559259974534
7977,20,FFA,sus,22,0.7413582219118288
7978,20,FFA,sus,23,0.745354503254655
7979,20,FFA,sus,24,0.749669292332728
7980,20,FFA,sus,25,0.7538274051267138
7981,20,FFA,sus,26,0.7567387276509289
7982,20,FFA,sus,27,0.7591452697935873
7983,20,FFA,sus,28,0.7627631372587907
7984,20,FFA,sus,29,0.7653691343054594
7985,20,FFA,sus,30,0.7685568509786883
7986,20,FFA,sus,31,0.7711785355010524
7987,20,FFA,sus,32,0.7742135581181294
7988,20,FFA,sus,33,0.7762135174857264
7989,20,FFA,sus,34,0.7778169095028055
7990,20,FFA,sus,35,0.7797285264969593
7991,20,FFA,sus,36,0.7813192774329588
7992,20,FFA,sus,37,0.7828184708272307
7993,20,FFA,sus,38,0.7841751779844022
7994,20,FFA,sus,39,0.7859578784130402
7995,20,PPA,sus,1,0.12522060184659367
7996,20,PPA,sus,2,0.1865349071477094
7997,20,PPA,sus,3,0.24602354891971234
7998,20,PPA,sus,4,0.2922480670268643
7999,20,PPA,sus,5,0.34088911045427367
8000,20,PPA,sus,6,0.384858494659926
8001,20,PPA,sus,7,0.41043530053830274
8002,20,PPA,sus,8,0.42971128715453855
8003,20,PPA,sus,9,0.46362538856268315
8004,20,PPA,sus,10,0.48336237022647466
8005,20,PPA,sus,11,0.49798008469678895
8006,20,PPA,sus,12,0.5099905648525781
8007,20,PPA,sus,13,0.5239481586652789
8008,20,PPA,sus,14,0.5360117706491523
8009,20,PPA,sus,15,0.5478389219382427
8010,20,PPA,sus,16,0.5560201577256354
8011,20,PPA,sus,17,0.5664619083143422
8012,20,PPA,sus,18,0.5753283451519362
8013,20,PPA,sus,19,0.584762738302426
8014,20,PPA,sus,20,0.5913160880062528
8015,20,PPA,sus,21,0.5995906754490489
8016,20,PPA,sus,22,0.6054346242267005
8017,20,PPA,sus,23,0.6132982715005684
8018,20,PPA,sus,24,0.6183198787432898
8019,20,PPA,sus,25,0.6244544019345067
8020,20,PPA,sus,26,0.6304448473392655
8021,20,PPA,sus,27,0.6360047852532998
8022,20,PPA,sus,28,0.6411786060347736
8023,20,PPA,sus,29,0.645775261392725
8024,20,PPA,sus,30,0.6505123784016189
8025,20,PPA,sus,31,0.6554489053810321
8026,20,PPA,sus,32,0.6598374343345558
8027,20,PPA,sus,33,0.6636680410582328
8028,20,PPA,sus,34,0.668158100788211
8029,20,PPA,sus,35,0.6705255444106472
8030,20,PPA,sus,36,0.6739177960338608
8031,20,PPA,sus,37,0.6772742279605309
8032,20,PPA,sus,38,0.6800751771126604
8033,20,PPA,sus,39,0.6841924924767383
8034,20,EBA,sus,1,0.16968172957387237
8035,20,EBA,sus,2,0.26576769773531306
8036,20,EBA,sus,3,0.31152306465152996
8037,20,EBA,sus,4,0.34187285766118486
8038,20,EBA,sus,5,0.3612055828792444
8039,20,EBA,sus,6,0.3740499537914375
8040,20,EBA,sus,7,0.38871073911357196
8041,20,EBA,sus,8,0.3974068530119614
8042,20,EBA,sus,9,0.40409452470040247
8043,20,EBA,sus,10,0.41141354887404963
8044,20,EBA,sus,11,0.4180941017078319
8045,20,EBA,sus,12,0.4242503289887442
8046,20,EBA,sus,13,0.42904990394752146
8047,20,EBA,sus,14,0.4347181757007954
8048,20,EBA,sus,15,0.43924712028882884
8049,20,EBA,sus,16,0.44477100111213774
8050,20,EBA,sus,17,0.44943777071446656
8051,20,EBA,sus,18,0.4538509630452621
8052,20,EBA,sus,19,0.4567943845460645
8053,20,EBA,sus,20,0.46016664748607067
8054,20,EBA,sus,21,0.4628274688502443
8055,20,EBA,sus,22,0.46750026964355734
8056,20,EBA,sus,23,0.4708315959695346
8057,20,EBA,sus,24,0.4739508389376999
8058,20,EBA,sus,25,0.47690344034815785
8059,20,EBA,sus,26,0.4797693070466777
8060,20,EBA,sus,27,0.4819387660032093
8061,20,EBA,sus,28,0.48445952574012585
8062,20,EBA,sus,29,0.4861979028491765
8063,20,EBA,sus,30,0.48844155193430167
8064,20,EBA,sus,31,0.4920011400687589
8065,20,EBA,sus,32,0.49346414987836146
8066,20,EBA,sus,33,0.4951397600556768
8067,20,EBA,sus,34,0.4969741591661177
8068,20,EBA,sus,35,0.4984611339487386
8069,20,EBA,sus,36,0.5006207833085757
8070,20,EBA,sus,37,0.502106902891855
8071,20,EBA,sus,38,0.5038447221870322
8072,20,EBA,sus,39,0.5058855991290144
8073,20,EVC,sus,1,0.5134672969773275
8074,20,EVC,sus,2,0.6101430400929485
8075,20,EVC,sus,3,0.6247624263856887
8076,20,EVC,sus,4,0.641996461896415
8077,20,EVC,sus,5,0.6572381981914631
8078,20,EVC,sus,6,0.6678408264130322
8079,20,EVC,sus,7,0.682441915571894
8080,20,EVC,sus,8,0.6956084631549503
8081,20,EVC,sus,9,0.7029865133031761
8082,20,EVC,sus,10,0.7066936454735199
8083,20,EVC,sus,11,0.7099474028530975
8084,20,EVC,sus,12,0.715382521543504
8085,20,EVC,sus,13,0.7190177530776442
8086,20,EVC,sus,14,0.7236873265278602
8087,20,EVC,sus,15,0.7263443283536074
8088,20,EVC,sus,16,0.7294646001799806
8089,20,EVC,sus,17,0.733538335770585
8090,20,EVC,sus,18,0.7355736064194707
8091,20,EVC,sus,19,0.7381033889555219
8092,20,EVC,sus,20,0.7413125938885324
8093,20,EVC,sus,21,0.7429121095616494
8094,20,EVC,sus,22,0.7446138616925125
8095,20,EVC,sus,23,0.7466730695212899
8096,20,EVC,sus,24,0.7482639131919621
8097,20,EVC,sus,25,0.7501904895879177
8098,20,EVC,sus,26,0.7523450561186543
8099,20,EVC,sus,27,0.753253166058316
8100,20,EVC,sus,28,0.7546865507892407
8101,20,EVC,sus,29,0.755963662526859
8102,20,EVC,sus,30,0.7568136806064137
8103,20,EVC,sus,31,0.7577856257205582
8104,20,EVC,sus,32,0.7589707081350928
8105,20,EVC,sus,33,0.7600741360943327
8106,20,EVC,sus,34,0.761092179253532
8107,20,EVC,sus,35,0.7620484845197467
8108,20,EVC,sus,36,0.7630094179839979
8109,20,EVC,sus,37,0.7636780322522365
8110,20,EVC,sus,38,0.7645899023145599
8111,20,EVC,sus,39,0.7653384665610762
8112,20,FFA,miniblock,1,0.28105143885310185
8113,20,FFA,miniblock,2,0.309856681757296
8114,20,FFA,miniblock,3,0.37169303978839247
8115,20,FFA,miniblock,4,0.40572130693580083
8116,20,FFA,miniblock,5,0.4378101205048817
8117,20,FFA,miniblock,6,0.4781292905481072
8118,20,FFA,miniblock,7,0.5117621085821918
8119,20,FFA,miniblock,8,0.5298908738877802
8120,20,FFA,miniblock,9,0.5480621906755209
8121,20,FFA,miniblock,10,0.5610375406885335
8122,20,FFA,miniblock,11,0.5726888708363163
8123,20,FFA,miniblock,12,0.5966908058203574
8124,20,FFA,miniblock,13,0.6045677356408279
8125,20,FFA,miniblock,14,0.6143186761746011
8126,20,FFA,miniblock,15,0.6300449806907471
8127,20,FFA,miniblock,16,0.6361054077165048
8128,20,FFA,miniblock,17,0.6452688694959432
8129,20,FFA,miniblock,18,0.6530397727001411
8130,20,FFA,miniblock,19,0.6619255764838594
8131,20,FFA,miniblock,20,0.6677565213424872
8132,20,FFA,miniblock,21,0.6789726597592874
8133,20,FFA,miniblock,22,0.6830434835161295
8134,20,FFA,miniblock,23,0.6855997835340917
8135,20,FFA,miniblock,24,0.6907356118845556
8136,20,FFA,miniblock,25,0.6962634021403821
8137,20,FFA,miniblock,26,0.6987306553418987
8138,20,FFA,miniblock,27,0.7014960292340597
8139,20,FFA,miniblock,28,0.705675520498729
8140,20,FFA,miniblock,29,0.7084943669435709
8141,20,FFA,miniblock,30,0.7117225252609037
8142,20,FFA,miniblock,31,0.7163340715673998
8143,20,FFA,miniblock,32,0.7201500072877453
8144,20,FFA,miniblock,33,0.7221364284866065
8145,20,FFA,miniblock,34,0.7239997936152434
8146,20,FFA,miniblock,35,0.7264898046439986
8147,20,FFA,miniblock,36,0.7289604299632696
8148,20,FFA,miniblock,37,0.7300814163316378
8149,20,FFA,miniblock,38,0.7316075331527925
8150,20,FFA,miniblock,39,0.7332323521320143
8151,20,PPA,miniblock,1,0.19577941845172478
8152,20,PPA,miniblock,2,0.2502287323421411
8153,20,PPA,miniblock,3,0.2947636846454865
8154,20,PPA,miniblock,4,0.330744830492548
8155,20,PPA,miniblock,5,0.3494229344183994
8156,20,PPA,miniblock,6,0.3743261578475508
8157,20,PPA,miniblock,7,0.39693715912541955
8158,20,PPA,miniblock,8,0.4155774601753033
8159,20,PPA,miniblock,9,0.42963344552070604
8160,20,PPA,miniblock,10,0.44663064598545227
8161,20,PPA,miniblock,11,0.45751339964707816
8162,20,PPA,miniblock,12,0.4681180962996823
8163,20,PPA,miniblock,13,0.47922718612424037
8164,20,PPA,miniblock,14,0.4920188017762143
8165,20,PPA,miniblock,15,0.4994062461595876
8166,20,PPA,miniblock,16,0.5092839186355107
8167,20,PPA,miniblock,17,0.516110349769397
8168,20,PPA,miniblock,18,0.5249026610900304
8169,20,PPA,miniblock,19,0.5309878477570669
8170,20,PPA,miniblock,20,0.5373950068785588
8171,20,PPA,miniblock,21,0.5429950725489903
8172,20,PPA,miniblock,22,0.5481743526078536
8173,20,PPA,miniblock,23,0.5529873266557223
8174,20,PPA,miniblock,24,0.5569354005243683
8175,20,PPA,miniblock,25,0.5606097848371385
8176,20,PPA,miniblock,26,0.56544696527186
8177,20,PPA,miniblock,27,0.5712569741105699
8178,20,PPA,miniblock,28,0.5758333529164819
8179,20,PPA,miniblock,29,0.5794697328639558
8180,20,PPA,miniblock,30,0.5823057008075544
8181,20,PPA,miniblock,31,0.585857539169414
8182,20,PPA,miniblock,32,0.5887272392494458
8183,20,PPA,miniblock,33,0.5910923408778304
8184,20,PPA,miniblock,34,0.5934528592548275
8185,20,PPA,miniblock,35,0.5959562966060709
8186,20,PPA,miniblock,36,0.5980121343243557
8187,20,PPA,miniblock,37,0.5996163891041086
8188,20,PPA,miniblock,38,0.6013515844250419
8189,20,PPA,miniblock,39,0.6036346118440717
8190,20,EBA,miniblock,1,0.2062297034970975
8191,20,EBA,miniblock,2,0.2532488374252438
8192,20,EBA,miniblock,3,0.29229058228396376
8193,20,EBA,miniblock,4,0.3293640557412929
8194,20,EBA,miniblock,5,0.3674377807069112
8195,20,EBA,miniblock,6,0.38271583491621336
8196,20,EBA,miniblock,7,0.3947375510761626
8197,20,EBA,miniblock,8,0.4090221881384479
8198,20,EBA,miniblock,9,0.4266253964908515
8199,20,EBA,miniblock,10,0.4352250659155777
8200,20,EBA,miniblock,11,0.44187278389354584
8201,20,EBA,miniblock,12,0.45122298979582337
8202,20,EBA,miniblock,13,0.4571563529561234
8203,20,EBA,miniblock,14,0.4628216796349088
8204,20,EBA,miniblock,15,0.46607988309249454
8205,20,EBA,miniblock,16,0.47082945171321916
8206,20,EBA,miniblock,17,0.4766253456754137
8207,20,EBA,miniblock,18,0.48096214749347393
8208,20,EBA,miniblock,19,0.48361529609072534
8209,20,EBA,miniblock,20,0.4870566510898117
8210,20,EBA,miniblock,21,0.48921273254539654
8211,20,EBA,miniblock,22,0.49285492772963363
8212,20,EBA,miniblock,23,0.49564728901974897
8213,20,EBA,miniblock,24,0.4987765786292988
8214,20,EBA,miniblock,25,0.5006029386465732
8215,20,EBA,miniblock,26,0.5027707684626251
8216,20,EBA,miniblock,27,0.5059204869261489
8217,20,EBA,miniblock,28,0.5083789294792314
8218,20,EBA,miniblock,29,0.5110828743081243
8219,20,EBA,miniblock,30,0.5133408661688691
8220,20,EBA,miniblock,31,0.5156239641378423
8221,20,EBA,miniblock,32,0.5179979365891977
8222,20,EBA,miniblock,33,0.5199540263461051
8223,20,EBA,miniblock,34,0.5216596000721712
8224,20,EBA,miniblock,35,0.523724857640582
8225,20,EBA,miniblock,36,0.5249495322124754
8226,20,EBA,miniblock,37,0.5267930881560587
8227,20,EBA,miniblock,38,0.5287293874104422
8228,20,EBA,miniblock,39,0.530279510007588
8229,20,EVC,miniblock,1,0.5168867764414476
8230,20,EVC,miniblock,2,0.5981829195617149
8231,20,EVC,miniblock,3,0.6401854640232142
8232,20,EVC,miniblock,4,0.6491074033201824
8233,20,EVC,miniblock,5,0.6625968915270751
8234,20,EVC,miniblock,6,0.6777365751841798
8235,20,EVC,miniblock,7,0.6860491687271363
8236,20,EVC,miniblock,8,0.6948828379138557
8237,20,EVC,miniblock,9,0.7039032300884717
8238,20,EVC,miniblock,10,0.7098198403193937
8239,20,EVC,miniblock,11,0.7174696801643229
8240,20,EVC,miniblock,12,0.722643881075887
8241,20,EVC,miniblock,13,0.7267107638708094
8242,20,EVC,miniblock,14,0.7304046177521718
8243,20,EVC,miniblock,15,0.7332054195852821
8244,20,EVC,miniblock,16,0.7361149403379268
8245,20,EVC,miniblock,17,0.7392865363059714
8246,20,EVC,miniblock,18,0.7421407913011048
8247,20,EVC,miniblock,19,0.7444205047086517
8248,20,EVC,miniblock,20,0.7474700994364976
8249,20,EVC,miniblock,21,0.7493060791166367
8250,20,EVC,miniblock,22,0.7514172885998326
8251,20,EVC,miniblock,23,0.7534790658983669
8252,20,EVC,miniblock,24,0.755561141757036
8253,20,EVC,miniblock,25,0.7578297805702482
8254,20,EVC,miniblock,26,0.7593606520162076
8255,20,EVC,miniblock,27,0.7604772475178972
8256,20,EVC,miniblock,28,0.7619829025713551
8257,20,EVC,miniblock,29,0.7631600981486151
8258,20,EVC,miniblock,30,0.7642301038829643
8259,20,EVC,miniblock,31,0.7653825932998696
8260,20,EVC,miniblock,32,0.7665512239099227
8261,20,EVC,miniblock,33,0.7677567009367673
8262,20,EVC,miniblock,34,0.7688824032227571
8263,20,EVC,miniblock,35,0.7702081530458699
8264,20,EVC,miniblock,36,0.7715383305921438
8265,20,EVC,miniblock,37,0.7726720541045285
8266,20,EVC,miniblock,38,0.7732987032225734
8267,20,EVC,miniblock,39,0.7746257731776979
8268,20,FFA,er,1,0.22072201385160153
8269,20,FFA,er,2,0.2722675461526202
8270,20,FFA,er,3,0.3546718954121266
8271,20,FFA,er,4,0.4070722646411133
8272,20,FFA,er,5,0.4395177555977779
8273,20,FFA,er,6,0.4677949758425095
8274,20,FFA,er,7,0.5016829129907429
8275,20,FFA,er,8,0.522945773503518
8276,20,FFA,er,9,0.5452379803447339
8277,20,FFA,er,10,0.560526931355492
8278,20,FFA,er,11,0.5773908440856549
8279,20,FFA,er,12,0.5909285195426874
8280,20,FFA,er,13,0.6045474464056394
8281,20,FFA,er,14,0.615642978077334
8282,20,FFA,er,15,0.6245406044343609
8283,20,FFA,er,16,0.6338085048598344
8284,20,FFA,er,17,0.6427903993877372
8285,20,FFA,er,18,0.6499734508853342
8286,20,FFA,er,19,0.656364921175847
8287,20,FFA,er,20,0.6633459568910679
8288,20,FFA,er,21,0.6698952724557614
8289,20,FFA,er,22,0.6766203599271657
8290,20,FFA,er,23,0.6812892524322008
8291,20,FFA,er,24,0.6869866400770833
8292,20,FFA,er,25,0.6922762148339915
8293,20,FFA,er,26,0.6962084485342773
8294,20,FFA,er,27,0.7023210839137368
8295,20,FFA,er,28,0.7064391670271819
8296,20,FFA,er,29,0.7108644145060797
8297,20,FFA,er,30,0.7152296378071407
8298,20,FFA,er,31,0.718769918589607
8299,20,FFA,er,32,0.7211379973354286
8300,20,FFA,er,33,0.7244129530252255
8301,20,FFA,er,34,0.7280572942552618
8302,20,FFA,er,35,0.7313219934718397
8303,20,FFA,er,36,0.735204762896155
8304,20,FFA,er,37,0.738057065619726
8305,20,FFA,er,38,0.7405231829632933
8306,20,FFA,er,39,0.7438370681026173
8307,20,PPA,er,1,0.16454902426194315
8308,20,PPA,er,2,0.22335331684642276
8309,20,PPA,er,3,0.29178180702210815
8310,20,PPA,er,4,0.3538707261666709
8311,20,PPA,er,5,0.39116267075524
8312,20,PPA,er,6,0.41470152185185055
8313,20,PPA,er,7,0.4355592871686123
8314,20,PPA,er,8,0.4639815795815873
8315,20,PPA,er,9,0.4813905051454211
8316,20,PPA,er,10,0.5034781007891183
8317,20,PPA,er,11,0.5187389238265613
8318,20,PPA,er,12,0.530506148373572
8319,20,PPA,er,13,0.5392339310756177
8320,20,PPA,er,14,0.5524612998493391
8321,20,PPA,er,15,0.561759873149274
8322,20,PPA,er,16,0.5729753077564549
8323,20,PPA,er,17,0.5805628751221641
8324,20,PPA,er,18,0.5906592815906262
8325,20,PPA,er,19,0.5996377739601565
8326,20,PPA,er,20,0.6100577769674308
8327,20,PPA,er,21,0.6172786927398562
8328,20,PPA,er,22,0.6248023314909038
8329,20,PPA,er,23,0.6319035312152573
8330,20,PPA,er,24,0.6382180016762552
8331,20,PPA,er,25,0.6440622356517831
8332,20,PPA,er,26,0.651424874119661
8333,20,PPA,er,27,0.6560829235282221
8334,20,PPA,er,28,0.6596596885960307
8335,20,PPA,er,29,0.663034099703098
8336,20,PPA,er,30,0.6675682385235963
8337,20,PPA,er,31,0.6722335641076871
8338,20,PPA,er,32,0.678125376450411
8339,20,PPA,er,33,0.6813931748945551
8340,20,PPA,er,34,0.6844796200343831
8341,20,PPA,er,35,0.6886492558422462
8342,20,PPA,er,36,0.6918365163309251
8343,20,PPA,er,37,0.696584904724368
8344,20,PPA,er,38,0.6994299557112794
8345,20,PPA,er,39,0.7020087448148294
8346,20,EBA,er,1,0.2161084483776378
8347,20,EBA,er,2,0.26990383377212096
8348,20,EBA,er,3,0.2981576260075847
8349,20,EBA,er,4,0.3192626447867813
8350,20,EBA,er,5,0.3504657421900481
8351,20,EBA,er,6,0.36355553980426736
8352,20,EBA,er,7,0.373619293346759
8353,20,EBA,er,8,0.3794938288181147
8354,20,EBA,er,9,0.3859693665930313
8355,20,EBA,er,10,0.39072246612877165
8356,20,EBA,er,11,0.39730737956393974
8357,20,EBA,er,12,0.4006387233756899
8358,20,EBA,er,13,0.4068261462825012
8359,20,EBA,er,14,0.4111332930970035
8360,20,EBA,er,15,0.4167539789719852
8361,20,EBA,er,16,0.4222383324786351
8362,20,EBA,er,17,0.42719211521600853
8363,20,EBA,er,18,0.4304540819646594
8364,20,EBA,er,19,0.4344813841298676
8365,20,EBA,er,20,0.43811011661355986
8366,20,EBA,er,21,0.4409574475451703
8367,20,EBA,er,22,0.4439391891973237
8368,20,EBA,er,23,0.4481088346385076
8369,20,EBA,er,24,0.4511499883544589
8370,20,EBA,er,25,0.4538095811793557
8371,20,EBA,er,26,0.45587366718073
8372,20,EBA,er,27,0.4580434675994487
8373,20,EBA,er,28,0.4623174076153282
8374,20,EBA,er,29,0.4656144842421995
8375,20,EBA,er,30,0.4686901846688669
8376,20,EBA,er,31,0.4716708590586423
8377,20,EBA,er,32,0.47385887232814833
8378,20,EBA,er,33,0.47586431938471696
8379,20,EBA,er,34,0.47902498284357414
8380,20,EBA,er,35,0.48142919224531083
8381,20,EBA,er,36,0.4839562377970072
8382,20,EBA,er,37,0.48646445952704204
8383,20,EBA,er,38,0.48804186900819685
8384,20,EBA,er,39,0.48978213593443987
8385,20,EVC,er,1,0.2287977111795504
8386,20,EVC,er,2,0.4147092115059657
8387,20,EVC,er,3,0.45171378763716913
8388,20,EVC,er,4,0.4653301003258896
8389,20,EVC,er,5,0.48308706280815983
8390,20,EVC,er,6,0.4977100404901675
8391,20,EVC,er,7,0.5089807533385308
8392,20,EVC,er,8,0.5214611642464916
8393,20,EVC,er,9,0.5318966467127071
8394,20,EVC,er,10,0.539787855624171
8395,20,EVC,er,11,0.5501478991610539
8396,20,EVC,er,12,0.5568706016864552
8397,20,EVC,er,13,0.562703997891198
8398,20,EVC,er,14,0.567173841289423
8399,20,EVC,er,15,0.5711880312877223
8400,20,EVC,er,16,0.5753958068172942
8401,20,EVC,er,17,0.5799521325683039
8402,20,EVC,er,18,0.5830358750146116
8403,20,EVC,er,19,0.5854426325189638
8404,20,EVC,er,20,0.588993908317527
8405,20,EVC,er,21,0.5947204868430752
8406,20,EVC,er,22,0.5976597615146403
8407,20,EVC,er,23,0.5998933060929293
8408,20,EVC,er,24,0.6026296818388167
8409,20,EVC,er,25,0.6059271588959824
8410,20,EVC,er,26,0.607718395599235
8411,20,EVC,er,27,0.6095582207605613
8412,20,EVC,er,28,0.6115436517887632
8413,20,EVC,er,29,0.6138982643331775
8414,20,EVC,er,30,0.6167893078112515
8415,20,EVC,er,31,0.6183494656153218
8416,20,EVC,er,32,0.6207643719787906
8417,20,EVC,er,33,0.6231586297615802
8418,20,EVC,er,34,0.625332135627339
8419,20,EVC,er,35,0.626779433971292
8420,20,EVC,er,36,0.6284582437363307
8421,20,EVC,er,37,0.6309831087124014
8422,20,EVC,er,38,0.632583698071835
8423,20,EVC,er,39,0.6338882848413067
8424,21,FFA,sus,1,0.3349660630572713
8425,21,FFA,sus,2,0.3794500348667447
8426,21,FFA,sus,3,0.42099455923664647
8427,21,FFA,sus,4,0.451994999915794
8428,21,FFA,sus,5,0.47515264100980686
8429,21,FFA,sus,6,0.4896621216767156
8430,21,FFA,sus,7,0.504540310777233
8431,21,FFA,sus,8,0.5167376567068839
8432,21,FFA,sus,9,0.5264622703574774
8433,21,FFA,sus,10,0.535768934300037
8434,21,FFA,sus,11,0.5447663387804982
8435,21,FFA,sus,12,0.5532697956971426
8436,21,FFA,sus,13,0.5608790338049408
8437,21,FFA,sus,14,0.5684651685996537
8438,21,FFA,sus,15,0.5747231178821223
8439,21,FFA,sus,16,0.5813737289426847
8440,21,FFA,sus,17,0.5868383223607486
8441,21,FFA,sus,18,0.5921011575130314
8442,21,FFA,sus,19,0.5956056422042206
8443,21,FFA,sus,20,0.6012666902536385
8444,21,FFA,sus,21,0.6048740046003976
8445,21,FFA,sus,22,0.6086461414464439
8446,21,FFA,sus,23,0.612622497990721
8447,21,FFA,sus,24,0.6170709825695703
8448,21,FFA,sus,25,0.620362734123851
8449,21,FFA,sus,26,0.6251498098043812
8450,21,FFA,sus,27,0.628927651985813
8451,21,FFA,sus,28,0.6318111774988721
8452,21,FFA,sus,29,0.6349574787285127
8453,21,FFA,sus,30,0.6377097252233711
8454,21,FFA,sus,31,0.6401729104448549
8455,21,FFA,sus,32,0.6429173539160441
8456,21,FFA,sus,33,0.645123301668531
8457,21,FFA,sus,34,0.6474584573527549
8458,21,FFA,sus,35,0.6498191795856938
8459,21,FFA,sus,36,0.6518403746102993
8460,21,FFA,sus,37,0.6546033610533156
8461,21,FFA,sus,38,0.6565357556110544
8462,21,FFA,sus,39,0.6592000216274757
8463,21,PPA,sus,1,0.08316569835701597
8464,21,PPA,sus,2,0.16286264977026702
8465,21,PPA,sus,3,0.23233671235745182
8466,21,PPA,sus,4,0.2719469047411766
8467,21,PPA,sus,5,0.30165486126124536
8468,21,PPA,sus,6,0.33754150503109087
8469,21,PPA,sus,7,0.35546868074870713
8470,21,PPA,sus,8,0.375010084575743
8471,21,PPA,sus,9,0.3880937494431085
8472,21,PPA,sus,10,0.4010639122757107
8473,21,PPA,sus,11,0.4072054812666079
8474,21,PPA,sus,12,0.421294527809344
8475,21,PPA,sus,13,0.4404994536359958
8476,21,PPA,sus,14,0.45067037950143707
8477,21,PPA,sus,15,0.46434164228237823
8478,21,PPA,sus,16,0.47250051111452734
8479,21,PPA,sus,17,0.48180740890823454
8480,21,PPA,sus,18,0.48988352842390287
8481,21,PPA,sus,19,0.49632014932212326
8482,21,PPA,sus,20,0.5029222674238508
8483,21,PPA,sus,21,0.5090829504305338
8484,21,PPA,sus,22,0.5168664131266895
8485,21,PPA,sus,23,0.5212176432367522
8486,21,PPA,sus,24,0.5263329415444505
8487,21,PPA,sus,25,0.5322501183484102
8488,21,PPA,sus,26,0.5385999786526326
8489,21,PPA,sus,27,0.5433357578859389
8490,21,PPA,sus,28,0.5473553698551964
8491,21,PPA,sus,29,0.5511715784811485
8492,21,PPA,sus,30,0.5546821735118002
8493,21,PPA,sus,31,0.5592424276603364
8494,21,PPA,sus,32,0.5630976472695941
8495,21,PPA,sus,33,0.5669391259534261
8496,21,PPA,sus,34,0.5698073234710953
8497,21,PPA,sus,35,0.5731153687762299
8498,21,PPA,sus,36,0.5759475724405685
8499,21,PPA,sus,37,0.5799124003782811
8500,21,PPA,sus,38,0.5824548832851284
8501,21,PPA,sus,39,0.5843321069331906
8502,21,EBA,sus,1,0.5216381660459009
8503,21,EBA,sus,2,0.5531193636779228
8504,21,EBA,sus,3,0.5772589860437825
8505,21,EBA,sus,4,0.5990376793138831
8506,21,EBA,sus,5,0.6172838009548104
8507,21,EBA,sus,6,0.6319808116495613
8508,21,EBA,sus,7,0.6478137332201066
8509,21,EBA,sus,8,0.6575719165060679
8510,21,EBA,sus,9,0.6639688595464445
8511,21,EBA,sus,10,0.6709816377726044
8512,21,EBA,sus,11,0.6757034017988975
8513,21,EBA,sus,12,0.6799954600791912
8514,21,EBA,sus,13,0.6839014826619509
8515,21,EBA,sus,14,0.6870201060644132
8516,21,EBA,sus,15,0.6910341479399467
8517,21,EBA,sus,16,0.693909059927399
8518,21,EBA,sus,17,0.696260772671179
8519,21,EBA,sus,18,0.6992124004532038
8520,21,EBA,sus,19,0.701568808556971
8521,21,EBA,sus,20,0.70382077408731
8522,21,EBA,sus,21,0.7058882996179371
8523,21,EBA,sus,22,0.7078612503362945
8524,21,EBA,sus,23,0.7102761878673052
8525,21,EBA,sus,24,0.7118630783710699
8526,21,EBA,sus,25,0.7135490773543213
8527,21,EBA,sus,26,0.7154765548289427
8528,21,EBA,sus,27,0.7169026207487325
8529,21,EBA,sus,28,0.7179151123391656
8530,21,EBA,sus,29,0.7195017529417121
8531,21,EBA,sus,30,0.7204918170885155
8532,21,EBA,sus,31,0.7217354783117659
8533,21,EBA,sus,32,0.7227241188426267
8534,21,EBA,sus,33,0.724051375057987
8535,21,EBA,sus,34,0.7251015742859983
8536,21,EBA,sus,35,0.7259442125643415
8537,21,EBA,sus,36,0.7271871518891438
8538,21,EBA,sus,37,0.7279573914940501
8539,21,EBA,sus,38,0.7289535377131523
8540,21,EBA,sus,39,0.7298564506810861
8541,21,EVC,sus,1,0.5643991591054255
8542,21,EVC,sus,2,0.63524826172011
8543,21,EVC,sus,3,0.656400362921819
8544,21,EVC,sus,4,0.6761501293386288
8545,21,EVC,sus,5,0.6897539190592153
8546,21,EVC,sus,6,0.6981565327564511
8547,21,EVC,sus,7,0.7091571981370496
8548,21,EVC,sus,8,0.71758478477263
8549,21,EVC,sus,9,0.7241329677579899
8550,21,EVC,sus,10,0.7283441446843079
8551,21,EVC,sus,11,0.7336121760613695
8552,21,EVC,sus,12,0.7367377631754403
8553,21,EVC,sus,13,0.7397953522905757
8554,21,EVC,sus,14,0.7429356068574146
8555,21,EVC,sus,15,0.745500799766866
8556,21,EVC,sus,16,0.7477022125909013
8557,21,EVC,sus,17,0.7494451674947555
8558,21,EVC,sus,18,0.7519914922525067
8559,21,EVC,sus,19,0.7541344593522487
8560,21,EVC,sus,20,0.7554929800041451
8561,21,EVC,sus,21,0.756988064699296
8562,21,EVC,sus,22,0.7592658567135547
8563,21,EVC,sus,23,0.7603999631526311
8564,21,EVC,sus,24,0.7615037831721584
8565,21,EVC,sus,25,0.7631011569482259
8566,21,EVC,sus,26,0.7640954118363862
8567,21,EVC,sus,27,0.76531409605081
8568,21,EVC,sus,28,0.7663485630908541
8569,21,EVC,sus,29,0.7672030635008035
8570,21,EVC,sus,30,0.7682390392296937
8571,21,EVC,sus,31,0.7693552905253656
8572,21,EVC,sus,32,0.7703258066323531
8573,21,EVC,sus,33,0.7710789712161491
8574,21,EVC,sus,34,0.7716807763771042
8575,21,EVC,sus,35,0.7724201948564916
8576,21,EVC,sus,36,0.7728714391175612
8577,21,EVC,sus,37,0.7735673709762838
8578,21,EVC,sus,38,0.7743703417590725
8579,21,EVC,sus,39,0.7750333691117732
8580,21,FFA,miniblock,1,0.31124720720349147
8581,21,FFA,miniblock,2,0.3723924732899377
8582,21,FFA,miniblock,3,0.4063093007541157
8583,21,FFA,miniblock,4,0.4304836822428824
8584,21,FFA,miniblock,5,0.4524922429151737
8585,21,FFA,miniblock,6,0.4703380746297477
8586,21,FFA,miniblock,7,0.4859641070669687
8587,21,FFA,miniblock,8,0.4960770955323057
8588,21,FFA,miniblock,9,0.5068930700782269
8589,21,FFA,miniblock,10,0.5146574247183365
8590,21,FFA,miniblock,11,0.523241770695485
8591,21,FFA,miniblock,12,0.5297534791489782
8592,21,FFA,miniblock,13,0.5359173647549359
8593,21,FFA,miniblock,14,0.5410762522017564
8594,21,FFA,miniblock,15,0.5469251258632438
8595,21,FFA,miniblock,16,0.5520457138473472
8596,21,FFA,miniblock,17,0.5561686502475934
8597,21,FFA,miniblock,18,0.5610335253598181
8598,21,FFA,miniblock,19,0.565805424153752
8599,21,FFA,miniblock,20,0.5713169721721678
8600,21,FFA,miniblock,21,0.5754310011979507
8601,21,FFA,miniblock,22,0.5793303802478872
8602,21,FFA,miniblock,23,0.583006172256752
8603,21,FFA,miniblock,24,0.587188812262347
8604,21,FFA,miniblock,25,0.5897488914330752
8605,21,FFA,miniblock,26,0.5931740074296319
8606,21,FFA,miniblock,27,0.598624961231098
8607,21,FFA,miniblock,28,0.6015585070881149
8608,21,FFA,miniblock,29,0.6047070976674568
8609,21,FFA,miniblock,30,0.6082388569910347
8610,21,FFA,miniblock,31,0.6102830357110739
8611,21,FFA,miniblock,32,0.6132721529017466
8612,21,FFA,miniblock,33,0.615356695964297
8613,21,FFA,miniblock,34,0.6168869040898579
8614,21,FFA,miniblock,35,0.6190881140513274
8615,21,FFA,miniblock,36,0.6213794165651213
8616,21,FFA,miniblock,37,0.6227903967581859
8617,21,FFA,miniblock,38,0.6246619912037391
8618,21,FFA,miniblock,39,0.6279164241431923
8619,21,PPA,miniblock,1,0.10368526025771108
8620,21,PPA,miniblock,2,0.17802398777538106
8621,21,PPA,miniblock,3,0.2611441206598058
8622,21,PPA,miniblock,4,0.306231052685302
8623,21,PPA,miniblock,5,0.34197732874477343
8624,21,PPA,miniblock,6,0.3633296210859202
8625,21,PPA,miniblock,7,0.3855581525927681
8626,21,PPA,miniblock,8,0.40229581137670695
8627,21,PPA,miniblock,9,0.42460550296442484
8628,21,PPA,miniblock,10,0.4380427100137863
8629,21,PPA,miniblock,11,0.45206061031631545
8630,21,PPA,miniblock,12,0.4637983399651395
8631,21,PPA,miniblock,13,0.4744115455121412
8632,21,PPA,miniblock,14,0.4885787020350369
8633,21,PPA,miniblock,15,0.500268337333518
8634,21,PPA,miniblock,16,0.510068911640496
8635,21,PPA,miniblock,17,0.5201344397195081
8636,21,PPA,miniblock,18,0.531776389370943
8637,21,PPA,miniblock,19,0.5405496783656785
8638,21,PPA,miniblock,20,0.5480617057947448
8639,21,PPA,miniblock,21,0.558916135903313
8640,21,PPA,miniblock,22,0.5666301148079887
8641,21,PPA,miniblock,23,0.574195001753541
8642,21,PPA,miniblock,24,0.5816994327533958
8643,21,PPA,miniblock,25,0.5907949754371644
8644,21,PPA,miniblock,26,0.595780687373993
8645,21,PPA,miniblock,27,0.6025219921942621
8646,21,PPA,miniblock,28,0.6081288296940183
8647,21,PPA,miniblock,29,0.6154535655765803
8648,21,PPA,miniblock,30,0.6211637375562686
8649,21,PPA,miniblock,31,0.6263560250460894
8650,21,PPA,miniblock,32,0.6309477526714722
8651,21,PPA,miniblock,33,0.635864564386183
8652,21,PPA,miniblock,34,0.6405236022660162
8653,21,PPA,miniblock,35,0.645495670508037
8654,21,PPA,miniblock,36,0.649184550241385
8655,21,PPA,miniblock,37,0.6541962394217838
8656,21,PPA,miniblock,38,0.6586863146073016
8657,21,PPA,miniblock,39,0.6621699619854466
8658,21,EBA,miniblock,1,0.5379134482422293
8659,21,EBA,miniblock,2,0.5757608052508191
8660,21,EBA,miniblock,3,0.5943886032584472
8661,21,EBA,miniblock,4,0.6094121199379042
8662,21,EBA,miniblock,5,0.6223760835922495
8663,21,EBA,miniblock,6,0.6338681084847544
8664,21,EBA,miniblock,7,0.6445855894997402
8665,21,EBA,miniblock,8,0.6562652650422119
8666,21,EBA,miniblock,9,0.6655510651313474
8667,21,EBA,miniblock,10,0.6771706381243495
8668,21,EBA,miniblock,11,0.6854583931994362
8669,21,EBA,miniblock,12,0.690943498606206
8670,21,EBA,miniblock,13,0.6949209064851957
8671,21,EBA,miniblock,14,0.6982877188775477
8672,21,EBA,miniblock,15,0.70211398345799
8673,21,EBA,miniblock,16,0.705568066532455
8674,21,EBA,miniblock,17,0.7090766408382633
8675,21,EBA,miniblock,18,0.7116543487320245
8676,21,EBA,miniblock,19,0.7145210796809124
8677,21,EBA,miniblock,20,0.7169688167854747
8678,21,EBA,miniblock,21,0.7190368319390483
8679,21,EBA,miniblock,22,0.720533155734922
8680,21,EBA,miniblock,23,0.7226620608902722
8681,21,EBA,miniblock,24,0.724869995310006
8682,21,EBA,miniblock,25,0.7262716589719774
8683,21,EBA,miniblock,26,0.728064579132111
8684,21,EBA,miniblock,27,0.729772956339381
8685,21,EBA,miniblock,28,0.7315450414541621
8686,21,EBA,miniblock,29,0.7329698111587665
8687,21,EBA,miniblock,30,0.7343032318634299
8688,21,EBA,miniblock,31,0.7352305006776328
8689,21,EBA,miniblock,32,0.7361945833884382
8690,21,EBA,miniblock,33,0.7372331829723976
8691,21,EBA,miniblock,34,0.738124853512068
8692,21,EBA,miniblock,35,0.7393085924997509
8693,21,EBA,miniblock,36,0.7402342076722196
8694,21,EBA,miniblock,37,0.7409725097998915
8695,21,EBA,miniblock,38,0.7419142714317686
8696,21,EBA,miniblock,39,0.7425993585901113
8697,21,EVC,miniblock,1,0.6167240696683619
8698,21,EVC,miniblock,2,0.6543046253906163
8699,21,EVC,miniblock,3,0.676688480173436
8700,21,EVC,miniblock,4,0.6913388327158989
8701,21,EVC,miniblock,5,0.7057765690623748
8702,21,EVC,miniblock,6,0.7154728968123546
8703,21,EVC,miniblock,7,0.7258324865608565
8704,21,EVC,miniblock,8,0.7333936538128746
8705,21,EVC,miniblock,9,0.7386526506992475
8706,21,EVC,miniblock,10,0.7450753130392824
8707,21,EVC,miniblock,11,0.748207334085583
8708,21,EVC,miniblock,12,0.7513941978116317
8709,21,EVC,miniblock,13,0.7543884342301109
8710,21,EVC,miniblock,14,0.7579677766662721
8711,21,EVC,miniblock,15,0.7595687924009674
8712,21,EVC,miniblock,16,0.7630623332949478
8713,21,EVC,miniblock,17,0.7649146326020576
8714,21,EVC,miniblock,18,0.7667385410277885
8715,21,EVC,miniblock,19,0.7690764858638008
8716,21,EVC,miniblock,20,0.7711630218071907
8717,21,EVC,miniblock,21,0.7728928846534108
8718,21,EVC,miniblock,22,0.7747646765017592
8719,21,EVC,miniblock,23,0.7764057938234821
8720,21,EVC,miniblock,24,0.7776418799186319
8721,21,EVC,miniblock,25,0.7785913045182152
8722,21,EVC,miniblock,26,0.7797957670810636
8723,21,EVC,miniblock,27,0.7807135119065022
8724,21,EVC,miniblock,28,0.7817333798271123
8725,21,EVC,miniblock,29,0.7831127894027046
8726,21,EVC,miniblock,30,0.7840636437930794
8727,21,EVC,miniblock,31,0.7849199577355109
8728,21,EVC,miniblock,32,0.7858173424353466
8729,21,EVC,miniblock,33,0.7864694651667435
8730,21,EVC,miniblock,34,0.7872606540838261
8731,21,EVC,miniblock,35,0.7877582515392332
8732,21,EVC,miniblock,36,0.7884209818412476
8733,21,EVC,miniblock,37,0.7888668149131176
8734,21,EVC,miniblock,38,0.7896686699807315
8735,21,EVC,miniblock,39,0.7902849279518634
8736,21,FFA,er,1,0.23035834898746047
8737,21,FFA,er,2,0.28266336068868614
8738,21,FFA,er,3,0.3091154989763167
8739,21,FFA,er,4,0.3333492174160942
8740,21,FFA,er,5,0.35394208717344106
8741,21,FFA,er,6,0.3701752483653736
8742,21,FFA,er,7,0.3858202187798418
8743,21,FFA,er,8,0.3991848805994264
8744,21,FFA,er,9,0.41264288671774635
8745,21,FFA,er,10,0.421559228462484
8746,21,FFA,er,11,0.43079114611297076
8747,21,FFA,er,12,0.43811515532386663
8748,21,FFA,er,13,0.4483046094175573
8749,21,FFA,er,14,0.45591544824357916
8750,21,FFA,er,15,0.46296876559039135
8751,21,FFA,er,16,0.4715133872574377
8752,21,FFA,er,17,0.4784924209751349
8753,21,FFA,er,18,0.4871508724331821
8754,21,FFA,er,19,0.49192210566375927
8755,21,FFA,er,20,0.4986209808205227
8756,21,FFA,er,21,0.5045849435007675
8757,21,FFA,er,22,0.5094369139924361
8758,21,FFA,er,23,0.5142059938968574
8759,21,FFA,er,24,0.51899082531009
8760,21,FFA,er,25,0.52375257082407
8761,21,FFA,er,26,0.5290585779500846
8762,21,FFA,er,27,0.5326680907028142
8763,21,FFA,er,28,0.5361975235877318
8764,21,FFA,er,29,0.5401601704090094
8765,21,FFA,er,30,0.5440386394666783
8766,21,FFA,er,31,0.5478065700617941
8767,21,FFA,er,32,0.5511456471360195
8768,21,FFA,er,33,0.5549245849291299
8769,21,FFA,er,34,0.5587218609382455
8770,21,FFA,er,35,0.5613835085767551
8771,21,FFA,er,36,0.564414267587771
8772,21,FFA,er,37,0.5668571590228807
8773,21,FFA,er,38,0.5691322246534177
8774,21,FFA,er,39,0.5713579034464618
8775,21,PPA,er,1,0.06877005955418476
8776,21,PPA,er,2,0.11990462173359333
8777,21,PPA,er,3,0.1712132779525725
8778,21,PPA,er,4,0.20144396734340272
8779,21,PPA,er,5,0.2299302298852883
8780,21,PPA,er,6,0.25373189580006555
8781,21,PPA,er,7,0.2814443219045843
8782,21,PPA,er,8,0.31464966559735597
8783,21,PPA,er,9,0.33787287248243886
8784,21,PPA,er,10,0.35692062223639054
8785,21,PPA,er,11,0.37534587845061623
8786,21,PPA,er,12,0.39382996424060296
8787,21,PPA,er,13,0.413845716302972
8788,21,PPA,er,14,0.4313037657539653
8789,21,PPA,er,15,0.447326016395376
8790,21,PPA,er,16,0.45810456176918096
8791,21,PPA,er,17,0.4726076662139646
8792,21,PPA,er,18,0.4835867041659621
8793,21,PPA,er,19,0.49383011797031245
8794,21,PPA,er,20,0.5063905747075261
8795,21,PPA,er,21,0.5181734302536966
8796,21,PPA,er,22,0.5292129522114378
8797,21,PPA,er,23,0.5378295634722723
8798,21,PPA,er,24,0.5458389708793598
8799,21,PPA,er,25,0.5554451045057587
8800,21,PPA,er,26,0.5627649969156766
8801,21,PPA,er,27,0.5719111234183717
8802,21,PPA,er,28,0.5820982986837476
8803,21,PPA,er,29,0.5907573172676953
8804,21,PPA,er,30,0.5976649273116532
8805,21,PPA,er,31,0.6045383048736831
8806,21,PPA,er,32,0.610829759261937
8807,21,PPA,er,33,0.6162500705111017
8808,21,PPA,er,34,0.6237264725093502
8809,21,PPA,er,35,0.6274245356398392
8810,21,PPA,er,36,0.6344532291092037
8811,21,PPA,er,37,0.639403820846118
8812,21,PPA,er,38,0.6444140181340157
8813,21,PPA,er,39,0.6479897621555964
8814,21,EBA,er,1,0.2761230073803075
8815,21,EBA,er,2,0.33328956988523356
8816,21,EBA,er,3,0.36419695298637267
8817,21,EBA,er,4,0.39920164327167357
8818,21,EBA,er,5,0.42201096401339605
8819,21,EBA,er,6,0.44410905085429375
8820,21,EBA,er,7,0.45642607029378385
8821,21,EBA,er,8,0.46511181329688905
8822,21,EBA,er,9,0.4723210264749242
8823,21,EBA,er,10,0.4764162967364731
8824,21,EBA,er,11,0.4817338134549482
8825,21,EBA,er,12,0.4865830559851407
8826,21,EBA,er,13,0.4919164237957862
8827,21,EBA,er,14,0.49580483417231463
8828,21,EBA,er,15,0.49943769839032787
8829,21,EBA,er,16,0.5020904595689331
8830,21,EBA,er,17,0.5052739601326445
8831,21,EBA,er,18,0.509141531986422
8832,21,EBA,er,19,0.5120672043517708
8833,21,EBA,er,20,0.5154565429349516
8834,21,EBA,er,21,0.5181142279579101
8835,21,EBA,er,22,0.5206047196045742
8836,21,EBA,er,23,0.5236965879853109
8837,21,EBA,er,24,0.5261151857158025
8838,21,EBA,er,25,0.5288276768105236
8839,21,EBA,er,26,0.5308491527477203
8840,21,EBA,er,27,0.5332223871724259
8841,21,EBA,er,28,0.5349618263371629
8842,21,EBA,er,29,0.5364883657368291
8843,21,EBA,er,30,0.538452743054843
8844,21,EBA,er,31,0.5402743866383244
8845,21,EBA,er,32,0.5419057953054502
8846,21,EBA,er,33,0.5443085034967665
8847,21,EBA,er,34,0.5458131280368855
8848,21,EBA,er,35,0.5474861251902122
8849,21,EBA,er,36,0.5492713641102346
8850,21,EBA,er,37,0.5505244492920177
8851,21,EBA,er,38,0.5516691210049708
8852,21,EBA,er,39,0.5530116901647854
8853,21,EVC,er,1,0.33092153817043773
8854,21,EVC,er,2,0.37935035773925346
8855,21,EVC,er,3,0.4064042933256808
8856,21,EVC,er,4,0.4307934141513791
8857,21,EVC,er,5,0.44395755201908504
8858,21,EVC,er,6,0.4554122814300586
8859,21,EVC,er,7,0.4660264048276166
8860,21,EVC,er,8,0.47429629564217385
8861,21,EVC,er,9,0.47952535206274377
8862,21,EVC,er,10,0.48443195320407373
8863,21,EVC,er,11,0.48808276658839483
8864,21,EVC,er,12,0.49257085015675894
8865,21,EVC,er,13,0.4965165733537047
8866,21,EVC,er,14,0.5006445794335352
8867,21,EVC,er,15,0.5035646661057634
8868,21,EVC,er,16,0.5056764321584243
8869,21,EVC,er,17,0.508239291906571
8870,21,EVC,er,18,0.5108082112627282
8871,21,EVC,er,19,0.5128130759137953
8872,21,EVC,er,20,0.5151483846207554
8873,21,EVC,er,21,0.5165690288215398
8874,21,EVC,er,22,0.5182056875464852
8875,21,EVC,er,23,0.5197565771768993
8876,21,EVC,er,24,0.5212120908621899
8877,21,EVC,er,25,0.5235555512343414
8878,21,EVC,er,26,0.5258820266020001
8879,21,EVC,er,27,0.5273558555254597
8880,21,EVC,er,28,0.5285789433750421
8881,21,EVC,er,29,0.5305504220913734
8882,21,EVC,er,30,0.5316943397153728
8883,21,EVC,er,31,0.5331162983691953
8884,21,EVC,er,32,0.5343918096096029
8885,21,EVC,er,33,0.5356995549355509
8886,21,EVC,er,34,0.5368948943009805
8887,21,EVC,er,35,0.5381789119104132
8888,21,EVC,er,36,0.5393393314022987
8889,21,EVC,er,37,0.5403606519426747
8890,21,EVC,er,38,0.5414014437254769
8891,21,EVC,er,39,0.5425857551286828
8892,22,FFA,sus,1,0.4678556135901182
8893,22,FFA,sus,2,0.5016169131699858
8894,22,FFA,sus,3,0.5356363806377374
8895,22,FFA,sus,4,0.548886036791263
8896,22,FFA,sus,5,0.5622672656524509
8897,22,FFA,sus,6,0.5750102752723352
8898,22,FFA,sus,7,0.5867740529379392
8899,22,FFA,sus,8,0.5966297448791252
8900,22,FFA,sus,9,0.6069720188776161
8901,22,FFA,sus,10,0.6145567684996144
8902,22,FFA,sus,11,0.6205628212657583
8903,22,FFA,sus,12,0.6287331424782837
8904,22,FFA,sus,13,0.6357055298789698
8905,22,FFA,sus,14,0.6410326157539664
8906,22,FFA,sus,15,0.6473782356456599
8907,22,FFA,sus,16,0.652373358486252
8908,22,FFA,sus,17,0.6580063983268875
8909,22,FFA,sus,18,0.6626666496622247
8910,22,FFA,sus,19,0.6685199677817119
8911,22,FFA,sus,20,0.6713243938021467
8912,22,FFA,sus,21,0.6770292383572766
8913,22,FFA,sus,22,0.6798994656247593
8914,22,FFA,sus,23,0.684252799604726
8915,22,FFA,sus,24,0.6877444732100847
8916,22,FFA,sus,25,0.6900221501430197
8917,22,FFA,sus,26,0.6937014412296119
8918,22,FFA,sus,27,0.6956065501792833
8919,22,FFA,sus,28,0.6989398853015484
8920,22,FFA,sus,29,0.7010436112497175
8921,22,FFA,sus,30,0.7034203605092543
8922,22,FFA,sus,31,0.705681507476608
8923,22,FFA,sus,32,0.7081926373303365
8924,22,FFA,sus,33,0.7099433788178207
8925,22,FFA,sus,34,0.7122842965571632
8926,22,FFA,sus,35,0.71373617356242
8927,22,FFA,sus,36,0.7153044443829857
8928,22,FFA,sus,37,0.7166560951401314
8929,22,FFA,sus,38,0.7182907243329145
8930,22,FFA,sus,39,0.7196775261395056
8931,22,PPA,sus,1,0.30108387499179573
8932,22,PPA,sus,2,0.33995783558312365
8933,22,PPA,sus,3,0.35971877939942054
8934,22,PPA,sus,4,0.3720060486403
8935,22,PPA,sus,5,0.3851667717779727
8936,22,PPA,sus,6,0.3975759079039678
8937,22,PPA,sus,7,0.4058085663995821
8938,22,PPA,sus,8,0.41349389280798415
8939,22,PPA,sus,9,0.42179741408900845
8940,22,PPA,sus,10,0.4292798685504808
8941,22,PPA,sus,11,0.4394859717072082
8942,22,PPA,sus,12,0.4468258076195069
8943,22,PPA,sus,13,0.4516381584085562
8944,22,PPA,sus,14,0.4571717600559808
8945,22,PPA,sus,15,0.4625007182028488
8946,22,PPA,sus,16,0.4676038918395575
8947,22,PPA,sus,17,0.47121496017625936
8948,22,PPA,sus,18,0.4770847057418788
8949,22,PPA,sus,19,0.48117320368995536
8950,22,PPA,sus,20,0.4848486286505649
8951,22,PPA,sus,21,0.4897991783133046
8952,22,PPA,sus,22,0.4921851403140969
8953,22,PPA,sus,23,0.49633831345113516
8954,22,PPA,sus,24,0.49935002117677846
8955,22,PPA,sus,25,0.5021651345732797
8956,22,PPA,sus,26,0.5049630969416451
8957,22,PPA,sus,27,0.5076253280429809
8958,22,PPA,sus,28,0.5103503049894353
8959,22,PPA,sus,29,0.5125935891739258
8960,22,PPA,sus,30,0.5149933341148342
8961,22,PPA,sus,31,0.5177485022807402
8962,22,PPA,sus,32,0.5202561923000765
8963,22,PPA,sus,33,0.5233340375247219
8964,22,PPA,sus,34,0.5269485846876546
8965,22,PPA,sus,35,0.5285123240169057
8966,22,PPA,sus,36,0.5309819437277935
8967,22,PPA,sus,37,0.533194348532227
8968,22,PPA,sus,38,0.5355196425490998
8969,22,PPA,sus,39,0.5371211452849564
8970,22,EBA,sus,1,0.2131398603161968
8971,22,EBA,sus,2,0.2654095394964379
8972,22,EBA,sus,3,0.3374940833664897
8973,22,EBA,sus,4,0.370268835337872
8974,22,EBA,sus,5,0.39503778036030807
8975,22,EBA,sus,6,0.4175214214848639
8976,22,EBA,sus,7,0.43368251660400103
8977,22,EBA,sus,8,0.4462512501780707
8978,22,EBA,sus,9,0.4587202645450808
8979,22,EBA,sus,10,0.46784151599536355
8980,22,EBA,sus,11,0.47832314434168427
8981,22,EBA,sus,12,0.4865166921759039
8982,22,EBA,sus,13,0.494608987239105
8983,22,EBA,sus,14,0.5034938430198572
8984,22,EBA,sus,15,0.5084168464028944
8985,22,EBA,sus,16,0.5135960262407586
8986,22,EBA,sus,17,0.5194096020101989
8987,22,EBA,sus,18,0.5232577691845796
8988,22,EBA,sus,19,0.5289757876392341
8989,22,EBA,sus,20,0.5331391637156486
8990,22,EBA,sus,21,0.5362548554110825
8991,22,EBA,sus,22,0.5404798671068466
8992,22,EBA,sus,23,0.5424309740018466
8993,22,EBA,sus,24,0.5450365892819168
8994,22,EBA,sus,25,0.5470498515501584
8995,22,EBA,sus,26,0.5507696949424278
8996,22,EBA,sus,27,0.5526967453960864
8997,22,EBA,sus,28,0.5552801841876892
8998,22,EBA,sus,29,0.5575408693347814
8999,22,EBA,sus,30,0.5590026166511973
9000,22,EBA,sus,31,0.5614204825708614
9001,22,EBA,sus,32,0.5637530139032231
9002,22,EBA,sus,33,0.5655112368519475
9003,22,EBA,sus,34,0.5665475452653733
9004,22,EBA,sus,35,0.5677988437794367
9005,22,EBA,sus,36,0.5691802527874477
9006,22,EBA,sus,37,0.5707483571737545
9007,22,EBA,sus,38,0.5720032942935989
9008,22,EBA,sus,39,0.5729668144536316
9009,22,EVC,sus,1,0.6092963717781471
9010,22,EVC,sus,2,0.6317795393744695
9011,22,EVC,sus,3,0.6546767087156548
9012,22,EVC,sus,4,0.6751346907219565
9013,22,EVC,sus,5,0.6864988954469786
9014,22,EVC,sus,6,0.6953961774891476
9015,22,EVC,sus,7,0.7059309347090094
9016,22,EVC,sus,8,0.7158891982908057
9017,22,EVC,sus,9,0.7232990198257307
9018,22,EVC,sus,10,0.7269087518669787
9019,22,EVC,sus,11,0.7306100724537866
9020,22,EVC,sus,12,0.7343633128709617
9021,22,EVC,sus,13,0.7374165597486652
9022,22,EVC,sus,14,0.7422860670274405
9023,22,EVC,sus,15,0.7451301684387296
9024,22,EVC,sus,16,0.7473265157808111
9025,22,EVC,sus,17,0.7497948132879912
9026,22,EVC,sus,18,0.751892562271023
9027,22,EVC,sus,19,0.7533427119569591
9028,22,EVC,sus,20,0.7555457436787377
9029,22,EVC,sus,21,0.7579626291981557
9030,22,EVC,sus,22,0.7594049052835867
9031,22,EVC,sus,23,0.7608209735806891
9032,22,EVC,sus,24,0.7618296043948719
9033,22,EVC,sus,25,0.7633095539302621
9034,22,EVC,sus,26,0.7646961866518275
9035,22,EVC,sus,27,0.7658750059930334
9036,22,EVC,sus,28,0.7670435626308093
9037,22,EVC,sus,29,0.7675786637700117
9038,22,EVC,sus,30,0.7687901031592014
9039,22,EVC,sus,31,0.7696229632191173
9040,22,EVC,sus,32,0.7703862392420476
9041,22,EVC,sus,33,0.7714293209185827
9042,22,EVC,sus,34,0.7720524308808906
9043,22,EVC,sus,35,0.7729514996378586
9044,22,EVC,sus,36,0.7738087441705138
9045,22,EVC,sus,37,0.7744980266528868
9046,22,EVC,sus,38,0.7750106046332359
9047,22,EVC,sus,39,0.7755545199278139
9048,22,FFA,miniblock,1,0.516455301954064
9049,22,FFA,miniblock,2,0.5744877727261207
9050,22,FFA,miniblock,3,0.6133173362321092
9051,22,FFA,miniblock,4,0.6276970043145756
9052,22,FFA,miniblock,5,0.6436986863761003
9053,22,FFA,miniblock,6,0.6581987269942735
9054,22,FFA,miniblock,7,0.6717331125699149
9055,22,FFA,miniblock,8,0.6826349539349899
9056,22,FFA,miniblock,9,0.6903837175043727
9057,22,FFA,miniblock,10,0.6990312035460974
9058,22,FFA,miniblock,11,0.7059872592712383
9059,22,FFA,miniblock,12,0.7107914574913403
9060,22,FFA,miniblock,13,0.7192251743624768
9061,22,FFA,miniblock,14,0.7263319232031799
9062,22,FFA,miniblock,15,0.7302969283767752
9063,22,FFA,miniblock,16,0.7344360380179694
9064,22,FFA,miniblock,17,0.7373497994963593
9065,22,FFA,miniblock,18,0.7408223371678061
9066,22,FFA,miniblock,19,0.744131056142268
9067,22,FFA,miniblock,20,0.7471617136788079
9068,22,FFA,miniblock,21,0.7506730779380328
9069,22,FFA,miniblock,22,0.7547464098564696
9070,22,FFA,miniblock,23,0.7571061547950992
9071,22,FFA,miniblock,24,0.759167760931256
9072,22,FFA,miniblock,25,0.7617135061549595
9073,22,FFA,miniblock,26,0.76517244656934
9074,22,FFA,miniblock,27,0.7676424448168383
9075,22,FFA,miniblock,28,0.770366463848891
9076,22,FFA,miniblock,29,0.7730302359564897
9077,22,FFA,miniblock,30,0.7754495894970673
9078,22,FFA,miniblock,31,0.7775455494520435
9079,22,FFA,miniblock,32,0.7789328926088608
9080,22,FFA,miniblock,33,0.7805042304108952
9081,22,FFA,miniblock,34,0.7827737322923606
9082,22,FFA,miniblock,35,0.7840997569162812
9083,22,FFA,miniblock,36,0.7853950460997204
9084,22,FFA,miniblock,37,0.7867173571876935
9085,22,FFA,miniblock,38,0.7881864528017269
9086,22,FFA,miniblock,39,0.7892317649796237
9087,22,PPA,miniblock,1,0.39434908064460195
9088,22,PPA,miniblock,2,0.45367248835767926
9089,22,PPA,miniblock,3,0.47151643568309404
9090,22,PPA,miniblock,4,0.483390273881993
9091,22,PPA,miniblock,5,0.494469057647807
9092,22,PPA,miniblock,6,0.5043605030025221
9093,22,PPA,miniblock,7,0.5101179743043504
9094,22,PPA,miniblock,8,0.5176138043273474
9095,22,PPA,miniblock,9,0.5241182053079875
9096,22,PPA,miniblock,10,0.5306046032426608
9097,22,PPA,miniblock,11,0.5383252730886303
9098,22,PPA,miniblock,12,0.5444119326996112
9099,22,PPA,miniblock,13,0.5494042853385207
9100,22,PPA,miniblock,14,0.5546873116725283
9101,22,PPA,miniblock,15,0.5606073885449803
9102,22,PPA,miniblock,16,0.5645210879274751
9103,22,PPA,miniblock,17,0.5683507399763781
9104,22,PPA,miniblock,18,0.5714053147096799
9105,22,PPA,miniblock,19,0.5752220296740203
9106,22,PPA,miniblock,20,0.5781309351093572
9107,22,PPA,miniblock,21,0.5826313325732327
9108,22,PPA,miniblock,22,0.5862930169838102
9109,22,PPA,miniblock,23,0.5893091396538594
9110,22,PPA,miniblock,24,0.5931027316986064
9111,22,PPA,miniblock,25,0.5966451436907801
9112,22,PPA,miniblock,26,0.5991838022253005
9113,22,PPA,miniblock,27,0.602379736052419
9114,22,PPA,miniblock,28,0.6044717640670997
9115,22,PPA,miniblock,29,0.6078291286900371
9116,22,PPA,miniblock,30,0.6104777378219001
9117,22,PPA,miniblock,31,0.6140639249702131
9118,22,PPA,miniblock,32,0.6174542040187793
9119,22,PPA,miniblock,33,0.6204312257167762
9120,22,PPA,miniblock,34,0.6227118380863027
9121,22,PPA,miniblock,35,0.6248798168142923
9122,22,PPA,miniblock,36,0.6271270495618269
9123,22,PPA,miniblock,37,0.628871281401621
9124,22,PPA,miniblock,38,0.6315710888894054
9125,22,PPA,miniblock,39,0.6338145816364728
9126,22,EBA,miniblock,1,0.2867196287094949
9127,22,EBA,miniblock,2,0.34989599794898113
9128,22,EBA,miniblock,3,0.3982440704363858
9129,22,EBA,miniblock,4,0.45863256291417903
9130,22,EBA,miniblock,5,0.489895907536338
9131,22,EBA,miniblock,6,0.5147493843948414
9132,22,EBA,miniblock,7,0.5264354197906514
9133,22,EBA,miniblock,8,0.5393096918025201
9134,22,EBA,miniblock,9,0.5537518261302462
9135,22,EBA,miniblock,10,0.5604501069038718
9136,22,EBA,miniblock,11,0.5725563326078915
9137,22,EBA,miniblock,12,0.5795280927494454
9138,22,EBA,miniblock,13,0.584865016500122
9139,22,EBA,miniblock,14,0.5916297820686571
9140,22,EBA,miniblock,15,0.5976467798364747
9141,22,EBA,miniblock,16,0.6024999967475522
9142,22,EBA,miniblock,17,0.6065624507296556
9143,22,EBA,miniblock,18,0.6125009354651727
9144,22,EBA,miniblock,19,0.6162182746051975
9145,22,EBA,miniblock,20,0.6195773572064439
9146,22,EBA,miniblock,21,0.6232028357744525
9147,22,EBA,miniblock,22,0.6262424025271894
9148,22,EBA,miniblock,23,0.628934763054746
9149,22,EBA,miniblock,24,0.6321595782414775
9150,22,EBA,miniblock,25,0.6354742739959612
9151,22,EBA,miniblock,26,0.6377752110673951
9152,22,EBA,miniblock,27,0.6401990394924622
9153,22,EBA,miniblock,28,0.6418667106036205
9154,22,EBA,miniblock,29,0.6438303804635578
9155,22,EBA,miniblock,30,0.6473443078222947
9156,22,EBA,miniblock,31,0.649452656997948
9157,22,EBA,miniblock,32,0.6512836840970556
9158,22,EBA,miniblock,33,0.6531034546142517
9159,22,EBA,miniblock,34,0.6544258737246519
9160,22,EBA,miniblock,35,0.6559402319022819
9161,22,EBA,miniblock,36,0.6570369245939393
9162,22,EBA,miniblock,37,0.6585162082242959
9163,22,EBA,miniblock,38,0.6603885886472827
9164,22,EBA,miniblock,39,0.6615328391040044
9165,22,EVC,miniblock,1,0.6708747581332194
9166,22,EVC,miniblock,2,0.704593821148077
9167,22,EVC,miniblock,3,0.7190811512357643
9168,22,EVC,miniblock,4,0.7321800617467451
9169,22,EVC,miniblock,5,0.747525602213429
9170,22,EVC,miniblock,6,0.7559853498272989
9171,22,EVC,miniblock,7,0.7633343800538651
9172,22,EVC,miniblock,8,0.7709080996435271
9173,22,EVC,miniblock,9,0.7771457369847002
9174,22,EVC,miniblock,10,0.7821433875909897
9175,22,EVC,miniblock,11,0.7868980863342453
9176,22,EVC,miniblock,12,0.7914188182886234
9177,22,EVC,miniblock,13,0.7955080051539802
9178,22,EVC,miniblock,14,0.79774323699012
9179,22,EVC,miniblock,15,0.8019406233812383
9180,22,EVC,miniblock,16,0.8047499758048712
9181,22,EVC,miniblock,17,0.807149448281573
9182,22,EVC,miniblock,18,0.8090243309110887
9183,22,EVC,miniblock,19,0.810676718540673
9184,22,EVC,miniblock,20,0.8119825993049031
9185,22,EVC,miniblock,21,0.8136029228964592
9186,22,EVC,miniblock,22,0.8148906522024942
9187,22,EVC,miniblock,23,0.8162858727678457
9188,22,EVC,miniblock,24,0.817449332961039
9189,22,EVC,miniblock,25,0.8184534479256237
9190,22,EVC,miniblock,26,0.8195863605639163
9191,22,EVC,miniblock,27,0.8208286424262728
9192,22,EVC,miniblock,28,0.8220963387317314
9193,22,EVC,miniblock,29,0.8232501964679714
9194,22,EVC,miniblock,30,0.824184788846929
9195,22,EVC,miniblock,31,0.8249236125776122
9196,22,EVC,miniblock,32,0.8256842973524474
9197,22,EVC,miniblock,33,0.8263851695419389
9198,22,EVC,miniblock,34,0.8271932424114566
9199,22,EVC,miniblock,35,0.8279800418994202
9200,22,EVC,miniblock,36,0.828932803198542
9201,22,EVC,miniblock,37,0.8296272533989383
9202,22,EVC,miniblock,38,0.8301391543673744
9203,22,EVC,miniblock,39,0.8307227840471811
9204,22,FFA,er,1,0.2531379207779214
9205,22,FFA,er,2,0.31212946343180886
9206,22,FFA,er,3,0.3406232085208399
9207,22,FFA,er,4,0.3706919362344369
9208,22,FFA,er,5,0.4013512315509842
9209,22,FFA,er,6,0.4299304678116964
9210,22,FFA,er,7,0.4476334663388764
9211,22,FFA,er,8,0.4643977749141615
9212,22,FFA,er,9,0.47750807829121733
9213,22,FFA,er,10,0.49143074735464437
9214,22,FFA,er,11,0.5087156291336502
9215,22,FFA,er,12,0.5243062871548013
9216,22,FFA,er,13,0.5385623667472116
9217,22,FFA,er,14,0.552198586400244
9218,22,FFA,er,15,0.5652081702035499
9219,22,FFA,er,16,0.5740379563309358
9220,22,FFA,er,17,0.5820148758570294
9221,22,FFA,er,18,0.5914326991166653
9222,22,FFA,er,19,0.5997435187914787
9223,22,FFA,er,20,0.6063916829345879
9224,22,FFA,er,21,0.6126229074977236
9225,22,FFA,er,22,0.6201962956862055
9226,22,FFA,er,23,0.6241781568992698
9227,22,FFA,er,24,0.6297182143637987
9228,22,FFA,er,25,0.6343168637550682
9229,22,FFA,er,26,0.638973793588842
9230,22,FFA,er,27,0.6442518260255005
9231,22,FFA,er,28,0.6482428156565573
9232,22,FFA,er,29,0.6519276578791288
9233,22,FFA,er,30,0.6554827099661295
9234,22,FFA,er,31,0.6597508009801837
9235,22,FFA,er,32,0.6639125046285747
9236,22,FFA,er,33,0.6682489085554465
9237,22,FFA,er,34,0.6719647927207028
9238,22,FFA,er,35,0.6748826955674257
9239,22,FFA,er,36,0.6785266056758915
9240,22,FFA,er,37,0.6812565572539349
9241,22,FFA,er,38,0.684420991495887
9242,22,FFA,er,39,0.6864826469811293
9243,22,PPA,er,1,0.16581974372646202
9244,22,PPA,er,2,0.20062822217746146
9245,22,PPA,er,3,0.22777707874280903
9246,22,PPA,er,4,0.24979746523087898
9247,22,PPA,er,5,0.26833753787662
9248,22,PPA,er,6,0.281317205001684
9249,22,PPA,er,7,0.2926175241653614
9250,22,PPA,er,8,0.30553209597234016
9251,22,PPA,er,9,0.3153642906009902
9252,22,PPA,er,10,0.3230241010840635
9253,22,PPA,er,11,0.3305762832592581
9254,22,PPA,er,12,0.33912993828821164
9255,22,PPA,er,13,0.34840498233507106
9256,22,PPA,er,14,0.3559704239296848
9257,22,PPA,er,15,0.36411980254913195
9258,22,PPA,er,16,0.37041219219725585
9259,22,PPA,er,17,0.37709177887841977
9260,22,PPA,er,18,0.3821019999744025
9261,22,PPA,er,19,0.3879510603918204
9262,22,PPA,er,20,0.3936212672139027
9263,22,PPA,er,21,0.3984237322382857
9264,22,PPA,er,22,0.403551981919605
9265,22,PPA,er,23,0.40768238293228926
9266,22,PPA,er,24,0.4112734765951882
9267,22,PPA,er,25,0.4153829795732981
9268,22,PPA,er,26,0.42010210895632766
9269,22,PPA,er,27,0.42367900589601054
9270,22,PPA,er,28,0.4276781854593675
9271,22,PPA,er,29,0.4322727046963255
9272,22,PPA,er,30,0.43575488051323363
9273,22,PPA,er,31,0.44031976829363845
9274,22,PPA,er,32,0.4439323177259629
9275,22,PPA,er,33,0.44736893439191966
9276,22,PPA,er,34,0.45029578049350366
9277,22,PPA,er,35,0.4535224606213773
9278,22,PPA,er,36,0.4563331848568735
9279,22,PPA,er,37,0.4593243426496283
9280,22,PPA,er,38,0.4622857114736066
9281,22,PPA,er,39,0.46509014178046887
9282,22,EBA,er,1,0.13661427524808636
9283,22,EBA,er,2,0.19504038074842753
9284,22,EBA,er,3,0.22656500092850354
9285,22,EBA,er,4,0.27465563589339764
9286,22,EBA,er,5,0.31121718075416455
9287,22,EBA,er,6,0.348010717578153
9288,22,EBA,er,7,0.37473839851632834
9289,22,EBA,er,8,0.399372659832117
9290,22,EBA,er,9,0.4105432140740452
9291,22,EBA,er,10,0.420439530652144
9292,22,EBA,er,11,0.433896886775022
9293,22,EBA,er,12,0.4421560855026252
9294,22,EBA,er,13,0.4512781722243062
9295,22,EBA,er,14,0.45727856673898265
9296,22,EBA,er,15,0.46188358195677576
9297,22,EBA,er,16,0.46843877660042704
9298,22,EBA,er,17,0.4720250451652241
9299,22,EBA,er,18,0.4766074892414703
9300,22,EBA,er,19,0.48006586451027555
9301,22,EBA,er,20,0.48370510020913304
9302,22,EBA,er,21,0.48740846973505875
9303,22,EBA,er,22,0.4889090501018178
9304,22,EBA,er,23,0.49169718883643654
9305,22,EBA,er,24,0.4947759496270447
9306,22,EBA,er,25,0.4973581357511238
9307,22,EBA,er,26,0.4994853605946421
9308,22,EBA,er,27,0.5011506462495795
9309,22,EBA,er,28,0.5032655487918346
9310,22,EBA,er,29,0.5053140787693108
9311,22,EBA,er,30,0.5075330676410669
9312,22,EBA,er,31,0.509400595046504
9313,22,EBA,er,32,0.5106954802670317
9314,22,EBA,er,33,0.5122824723901799
9315,22,EBA,er,34,0.5143688567640956
9316,22,EBA,er,35,0.5159555853423997
9317,22,EBA,er,36,0.5173708109913032
9318,22,EBA,er,37,0.5196056235593738
9319,22,EBA,er,38,0.5214895595989935
9320,22,EBA,er,39,0.5231254467990141
9321,22,EVC,er,1,0.41027308371585364
9322,22,EVC,er,2,0.49403010624651983
9323,22,EVC,er,3,0.5069863417116465
9324,22,EVC,er,4,0.5146408284902405
9325,22,EVC,er,5,0.5228506809595547
9326,22,EVC,er,6,0.5344428011694925
9327,22,EVC,er,7,0.5433605976551742
9328,22,EVC,er,8,0.5511570657488326
9329,22,EVC,er,9,0.5588967591669454
9330,22,EVC,er,10,0.5636267286461357
9331,22,EVC,er,11,0.5703456414260191
9332,22,EVC,er,12,0.577124119180272
9333,22,EVC,er,13,0.581366851483537
9334,22,EVC,er,14,0.5848885025593585
9335,22,EVC,er,15,0.5880664281480428
9336,22,EVC,er,16,0.5925750956163057
9337,22,EVC,er,17,0.5958882026429652
9338,22,EVC,er,18,0.5992596002503777
9339,22,EVC,er,19,0.6027426942294772
9340,22,EVC,er,20,0.6060631206788486
9341,22,EVC,er,21,0.6082063084100107
9342,22,EVC,er,22,0.6111528616793166
9343,22,EVC,er,23,0.6131967830490295
9344,22,EVC,er,24,0.6151493550880652
9345,22,EVC,er,25,0.6171530061167059
9346,22,EVC,er,26,0.6191364868668577
9347,22,EVC,er,27,0.6208066058053899
9348,22,EVC,er,28,0.6223874697862624
9349,22,EVC,er,29,0.6239698729643751
9350,22,EVC,er,30,0.6252460982524612
9351,22,EVC,er,31,0.6265777612095075
9352,22,EVC,er,32,0.62803088848117
9353,22,EVC,er,33,0.629640740284442
9354,22,EVC,er,34,0.631117860400319
9355,22,EVC,er,35,0.6325434433963403
9356,22,EVC,er,36,0.6335919754050591
9357,22,EVC,er,37,0.6345480899760269
9358,22,EVC,er,38,0.6359594712495226
9359,22,EVC,er,39,0.6371686017382082
