subject,runtype,smoothing,median_rel,mean_rel,ROI,comparison
01,miniblock,unsmoothed,0.04372951591631495,0.049668605092145005,visually_responsive_voxels,1
01,miniblock,unsmoothed,0.06980198879782032,0.08528664692328392,visually_responsive_voxels,2
01,miniblock,unsmoothed,0.06613824935647383,0.07654074853221811,visually_responsive_voxels,3
01,miniblock,sm_2_vox,0.10491973272405594,0.14183030533858884,visually_responsive_voxels,1
01,miniblock,sm_2_vox,0.09604773152402254,0.13882543514327725,visually_responsive_voxels,2
01,miniblock,sm_2_vox,0.12952914622117034,0.16078868834565432,visually_responsive_voxels,3
01,sus,unsmoothed,0.031783598278390036,0.043365898136271744,visually_responsive_voxels,1
01,sus,unsmoothed,0.047301164800104836,0.056176837483504584,visually_responsive_voxels,2
01,sus,unsmoothed,0.03788665524701536,0.048029425595993686,visually_responsive_voxels,3
01,sus,sm_2_vox,0.06954747065501687,0.10056679184935252,visually_responsive_voxels,1
01,sus,sm_2_vox,0.0741715809045499,0.09708610453805328,visually_responsive_voxels,2
01,sus,sm_2_vox,0.07481010493389997,0.09766059133614034,visually_responsive_voxels,3
01,er,unsmoothed,0.01283672951900337,0.013375264352137105,visually_responsive_voxels,1
01,er,unsmoothed,0.00036397033419111394,0.0010478942067838597,visually_responsive_voxels,2
01,er,unsmoothed,0.0044734786500529,0.004312662033243855,visually_responsive_voxels,3
01,er,sm_2_vox,0.06474786570609524,0.06836156939552074,visually_responsive_voxels,1
01,er,sm_2_vox,0.023618768932765967,0.030100200012429464,visually_responsive_voxels,2
01,er,sm_2_vox,0.0418454848599226,0.043341763406523896,visually_responsive_voxels,3
01,miniblock,unsmoothed,0.20212026995756008,0.2005832320956547,FFA,1
01,miniblock,unsmoothed,0.2048013016498195,0.19690195859774462,FFA,2
01,miniblock,unsmoothed,0.22025463049745242,0.23324142209638757,FFA,3
01,miniblock,sm_2_vox,0.5104661215240203,0.4518439233135064,FFA,1
01,miniblock,sm_2_vox,0.5072379781628406,0.44362710051141224,FFA,2
01,miniblock,sm_2_vox,0.49519938326768165,0.4618379533314405,FFA,3
01,sus,unsmoothed,0.16988463907901874,0.1810555289850129,FFA,1
01,sus,unsmoothed,0.24197941341221965,0.2442787860007943,FFA,2
01,sus,unsmoothed,0.15222398320261651,0.18124150334001782,FFA,3
01,sus,sm_2_vox,0.4607203584659831,0.4195842901675179,FFA,1
01,sus,sm_2_vox,0.4764836015930429,0.43886138370201266,FFA,2
01,sus,sm_2_vox,0.41135036125980246,0.35541997848451,FFA,3
01,er,unsmoothed,0.05652205852131255,0.05202121889884593,FFA,1
01,er,unsmoothed,0.059622512769382296,0.044559131814147654,FFA,2
01,er,unsmoothed,0.09684809165057234,0.08842566951278331,FFA,3
01,er,sm_2_vox,0.18848759333028267,0.21634596874000966,FFA,1
01,er,sm_2_vox,0.16543357219745777,0.16675841720006251,FFA,2
01,er,sm_2_vox,0.21191718221843794,0.20780829770202144,FFA,3
01,miniblock,unsmoothed,0.011018187234114688,0.026856814093240637,PPA,1
01,miniblock,unsmoothed,0.034586065288447,0.026273471256669456,PPA,2
01,miniblock,unsmoothed,0.04584084816169643,0.04323338937118568,PPA,3
01,miniblock,sm_2_vox,0.10165896135827993,0.06634390817846768,PPA,1
01,miniblock,sm_2_vox,0.10190235805605213,0.09485466473211955,PPA,2
01,miniblock,sm_2_vox,0.18714638282384072,0.1793657726326467,PPA,3
01,sus,unsmoothed,0.00492366335606971,-0.005307477035377815,PPA,1
01,sus,unsmoothed,0.03376263773991906,0.03157959898508987,PPA,2
01,sus,unsmoothed,0.030915233570386377,0.05297758553209065,PPA,3
01,sus,sm_2_vox,-0.002863807610701723,0.00870234436508229,PPA,1
01,sus,sm_2_vox,0.09368144615130763,0.09811220817646808,PPA,2
01,sus,sm_2_vox,0.18520851430230378,0.184480815369333,PPA,3
01,er,unsmoothed,-0.02716240854862947,-0.0297570654637982,PPA,1
01,er,unsmoothed,0.03474816794371745,0.025816038134053827,PPA,2
01,er,unsmoothed,-0.038355538528010644,-0.006625055665092959,PPA,3
01,er,sm_2_vox,0.006149561096940349,0.030882076601325043,PPA,1
01,er,sm_2_vox,0.038337514088400346,0.035980313131788545,PPA,2
01,er,sm_2_vox,0.07651532328918156,0.06890559737450141,PPA,3
01,miniblock,unsmoothed,0.09388725427831206,0.10119571156389286,EBA,1
01,miniblock,unsmoothed,0.11390059787427857,0.12688649955931508,EBA,2
01,miniblock,unsmoothed,0.10493552501495662,0.11763248928601598,EBA,3
01,miniblock,sm_2_vox,0.2232321964239548,0.23963936720713824,EBA,1
01,miniblock,sm_2_vox,0.20464383091358485,0.22150237772412612,EBA,2
01,miniblock,sm_2_vox,0.2979778739851324,0.31254689034652,EBA,3
01,sus,unsmoothed,0.056666426164710675,0.0705732077007208,EBA,1
01,sus,unsmoothed,0.09586100229944293,0.09852973706221005,EBA,2
01,sus,unsmoothed,0.07023009577043153,0.07694763655387625,EBA,3
01,sus,sm_2_vox,0.18792210826522968,0.19664786394522005,EBA,1
01,sus,sm_2_vox,0.19801634444718663,0.2004293139868359,EBA,2
01,sus,sm_2_vox,0.15751806850197425,0.1712168061821387,EBA,3
01,er,unsmoothed,0.025005305558198,0.023576061903323196,EBA,1
01,er,unsmoothed,0.0015975016524037919,0.002640485344935389,EBA,2
01,er,unsmoothed,0.015329667063503263,0.01637137647604816,EBA,3
01,er,sm_2_vox,0.08760367419508786,0.09024076828960363,EBA,1
01,er,sm_2_vox,0.037385533671545415,0.03915706336635144,EBA,2
01,er,sm_2_vox,0.0915764460250201,0.08396400565709114,EBA,3
01,miniblock,unsmoothed,0.06783419753725713,0.08271114636712344,EVC,1
01,miniblock,unsmoothed,0.12555044537101662,0.14414437811234182,EVC,2
01,miniblock,unsmoothed,0.11154551856969193,0.130566537008855,EVC,3
01,miniblock,sm_2_vox,0.20682010086222005,0.2532656087755273,EVC,1
01,miniblock,sm_2_vox,0.22917973457767699,0.2563338934048273,EVC,2
01,miniblock,sm_2_vox,0.2232430086820305,0.27320329641186886,EVC,3
01,sus,unsmoothed,0.09579462398926489,0.11526053650543203,EVC,1
01,sus,unsmoothed,0.10079377171545484,0.11362322025497135,EVC,2
01,sus,unsmoothed,0.09877865523769525,0.11948121339372066,EVC,3
01,sus,sm_2_vox,0.2223138240511968,0.24482982553012972,EVC,1
01,sus,sm_2_vox,0.19835464899630859,0.2183953569400406,EVC,2
01,sus,sm_2_vox,0.20415902733952263,0.23741646739599775,EVC,3
01,er,unsmoothed,0.013349602647390517,0.014773332037805066,EVC,1
01,er,unsmoothed,0.02570280018697406,0.028242199818888754,EVC,2
01,er,unsmoothed,-7.778133796348258e-05,0.005598967896996798,EVC,3
01,er,sm_2_vox,0.11786645767770174,0.11119560617297022,EVC,1
01,er,sm_2_vox,0.07938833054250505,0.08749745296101992,EVC,2
01,er,sm_2_vox,0.05006329596913839,0.060105305874935275,EVC,3
02,miniblock,unsmoothed,0.06351519775140249,0.0764779992929034,visually_responsive_voxels,1
02,miniblock,unsmoothed,0.038199824738930944,0.046129390645568334,visually_responsive_voxels,2
02,miniblock,unsmoothed,0.07520785888821366,0.08417239679784216,visually_responsive_voxels,3
02,miniblock,sm_2_vox,0.11618421660465666,0.14836165106447557,visually_responsive_voxels,1
02,miniblock,sm_2_vox,0.10571536197377308,0.139631155699868,visually_responsive_voxels,2
02,miniblock,sm_2_vox,0.08792510159221188,0.12203659807642402,visually_responsive_voxels,3
02,sus,unsmoothed,0.06453427845413796,0.08066119422502134,visually_responsive_voxels,1
02,sus,unsmoothed,-0.002510635504805892,0.011440176043551721,visually_responsive_voxels,2
02,sus,unsmoothed,0.04375271828681962,0.05461996589744724,visually_responsive_voxels,3
02,sus,sm_2_vox,0.07898100084568557,0.12402418379436199,visually_responsive_voxels,1
02,sus,sm_2_vox,0.06328058404620852,0.09477028703291641,visually_responsive_voxels,2
02,sus,sm_2_vox,0.08371250344810063,0.11070081978086141,visually_responsive_voxels,3
02,er,unsmoothed,0.014656224132037515,0.01587895916160376,visually_responsive_voxels,1
02,er,unsmoothed,0.05683268257920987,0.05570187269058371,visually_responsive_voxels,2
02,er,unsmoothed,0.005251224593542186,0.005748922811229134,visually_responsive_voxels,3
02,er,sm_2_vox,0.052150163148177796,0.05302143700923965,visually_responsive_voxels,1
02,er,sm_2_vox,0.0617361904441903,0.07333092569518507,visually_responsive_voxels,2
02,er,sm_2_vox,0.0027565701356048744,0.01318107344353823,visually_responsive_voxels,3
02,miniblock,unsmoothed,0.17179236160558367,0.19018559584653796,FFA,1
02,miniblock,unsmoothed,0.04075565621792703,0.05660303283982405,FFA,2
02,miniblock,unsmoothed,0.1206174974074708,0.13670807081611996,FFA,3
02,miniblock,sm_2_vox,0.5793325428820848,0.5020370401114144,FFA,1
02,miniblock,sm_2_vox,0.49850990215008206,0.422879209682292,FFA,2
02,miniblock,sm_2_vox,0.5157913779695449,0.44036790652043334,FFA,3
02,sus,unsmoothed,0.16786916007933342,0.18897191521714538,FFA,1
02,sus,unsmoothed,0.05443572428389095,0.07987916372635098,FFA,2
02,sus,unsmoothed,0.178498515240959,0.17869967197879666,FFA,3
02,sus,sm_2_vox,0.5622808267575432,0.4994827796458767,FFA,1
02,sus,sm_2_vox,0.49321885806285226,0.4452928974601872,FFA,2
02,sus,sm_2_vox,0.42842039209589555,0.41067733536907197,FFA,3
02,er,unsmoothed,0.06907260477553007,0.08080924123745617,FFA,1
02,er,unsmoothed,0.08638585106280078,0.08499895158629603,FFA,2
02,er,unsmoothed,0.07903473543213019,0.07755034978290859,FFA,3
02,er,sm_2_vox,0.2851501461879727,0.2853531996444467,FFA,1
02,er,sm_2_vox,0.3413671700649985,0.31845709343506284,FFA,2
02,er,sm_2_vox,0.2647867375294558,0.25263192520868505,FFA,3
02,miniblock,unsmoothed,0.14261822321619966,0.16736708595527344,PPA,1
02,miniblock,unsmoothed,0.17595386409425434,0.17432988465179264,PPA,2
02,miniblock,unsmoothed,0.16863456768628238,0.1803741009271137,PPA,3
02,miniblock,sm_2_vox,0.5938905425577367,0.5097221711802383,PPA,1
02,miniblock,sm_2_vox,0.4982467841791526,0.4485857597354335,PPA,2
02,miniblock,sm_2_vox,0.5136647793187924,0.43489319919876446,PPA,3
02,sus,unsmoothed,0.127690425896197,0.14450926896714525,PPA,1
02,sus,unsmoothed,0.11305287965246988,0.11026868605615396,PPA,2
02,sus,unsmoothed,0.14075914658271926,0.14825502315708655,PPA,3
02,sus,sm_2_vox,0.42596831548253944,0.3784283322121446,PPA,1
02,sus,sm_2_vox,0.3375212062783397,0.31375870306298337,PPA,2
02,sus,sm_2_vox,0.41916683102892227,0.3747893124518791,PPA,3
02,er,unsmoothed,0.013376067843860686,0.006031493252350648,PPA,1
02,er,unsmoothed,0.05479584825637916,0.045594044753513537,PPA,2
02,er,unsmoothed,0.021899045625541756,0.029060932618528632,PPA,3
02,er,sm_2_vox,0.08824444132970644,0.07142700214185085,PPA,1
02,er,sm_2_vox,0.1499140021476304,0.14803373532488717,PPA,2
02,er,sm_2_vox,0.11664658899857946,0.09080358874123398,PPA,3
02,miniblock,unsmoothed,0.13488090496138658,0.1537384615851869,EBA,1
02,miniblock,unsmoothed,0.08595031698836356,0.08761763777656371,EBA,2
02,miniblock,unsmoothed,0.12295253370848441,0.12381823055032035,EBA,3
02,miniblock,sm_2_vox,0.30218811756037856,0.29498536153487664,EBA,1
02,miniblock,sm_2_vox,0.21335262490866316,0.23840490358241662,EBA,2
02,miniblock,sm_2_vox,0.27546973576074724,0.277175864506721,EBA,3
02,sus,unsmoothed,0.10454409820077294,0.1250834897608603,EBA,1
02,sus,unsmoothed,0.03897308977265356,0.05440797536297488,EBA,2
02,sus,unsmoothed,0.11499241346743128,0.1320840452055122,EBA,3
02,sus,sm_2_vox,0.26758440591160926,0.2813966423865069,EBA,1
02,sus,sm_2_vox,0.18954431434909164,0.20779346151142938,EBA,2
02,sus,sm_2_vox,0.21596049362468528,0.24936206777787953,EBA,3
02,er,unsmoothed,0.023478957035966946,0.02625574840237844,EBA,1
02,er,unsmoothed,0.09746964525107087,0.0997902131018474,EBA,2
02,er,unsmoothed,0.05633130263244332,0.05850937930608414,EBA,3
02,er,sm_2_vox,0.12086804575488104,0.12123543747469402,EBA,1
02,er,sm_2_vox,0.20973872188968462,0.20574343676500945,EBA,2
02,er,sm_2_vox,0.07877823493285506,0.08332264379379037,EBA,3
02,miniblock,unsmoothed,0.11973025400067498,0.144469078984351,EVC,1
02,miniblock,unsmoothed,0.07587950418339036,0.08886226149367746,EVC,2
02,miniblock,unsmoothed,0.13142491765056896,0.1474682449639945,EVC,3
02,miniblock,sm_2_vox,0.21814025791429192,0.27177882414330784,EVC,1
02,miniblock,sm_2_vox,0.21196805336536265,0.2553572038374015,EVC,2
02,miniblock,sm_2_vox,0.15875932449709318,0.23334932461064342,EVC,3
02,sus,unsmoothed,0.1392247521464237,0.16297785756021085,EVC,1
02,sus,unsmoothed,0.05982009130245358,0.08287390425603007,EVC,2
02,sus,unsmoothed,0.10147937349205696,0.12524163890638992,EVC,3
02,sus,sm_2_vox,0.2451601949333932,0.2785233152137017,EVC,1
02,sus,sm_2_vox,0.17125330956833973,0.20955804482959603,EVC,2
02,sus,sm_2_vox,0.1974412259269716,0.24038255249100934,EVC,3
02,er,unsmoothed,0.02442496642932535,0.02940149208212878,EVC,1
02,er,unsmoothed,0.06899487141863347,0.06836434456441835,EVC,2
02,er,unsmoothed,0.023618426021224558,0.02884153965325329,EVC,3
02,er,sm_2_vox,0.08065449988837817,0.0882804555821749,EVC,1
02,er,sm_2_vox,0.08083259177182447,0.09857687480752284,EVC,2
02,er,sm_2_vox,0.057583715610820624,0.07169131302275038,EVC,3
03,miniblock,unsmoothed,0.007510417822015047,0.011175967853714679,visually_responsive_voxels,1
03,miniblock,unsmoothed,0.022118905245983506,0.02618367971620926,visually_responsive_voxels,2
03,miniblock,unsmoothed,0.018435369530287286,0.022361182744629112,visually_responsive_voxels,3
03,miniblock,sm_2_vox,0.03839246356427088,0.053889804229966254,visually_responsive_voxels,1
03,miniblock,sm_2_vox,0.05195564363246995,0.06852936176866077,visually_responsive_voxels,2
03,miniblock,sm_2_vox,0.05672600088514733,0.07185962018475797,visually_responsive_voxels,3
03,sus,unsmoothed,-0.0014586291496780958,0.001088626238974824,visually_responsive_voxels,1
03,sus,unsmoothed,0.013967251254074478,0.018347905001880428,visually_responsive_voxels,2
03,sus,unsmoothed,0.014628351993940608,0.018589858327892127,visually_responsive_voxels,3
03,sus,sm_2_vox,0.0022369923597950134,0.014169551090352143,visually_responsive_voxels,1
03,sus,sm_2_vox,0.06021832438913681,0.0805787954917545,visually_responsive_voxels,2
03,sus,sm_2_vox,0.07137610985535449,0.07733258392768105,visually_responsive_voxels,3
03,er,unsmoothed,0.004334307032458042,0.005022973627590263,visually_responsive_voxels,1
03,er,unsmoothed,-0.0022513471115333215,-0.0028538581911358293,visually_responsive_voxels,2
03,er,unsmoothed,-0.014409475831136269,-0.013256467279131474,visually_responsive_voxels,3
03,er,sm_2_vox,0.015088507244485724,0.01579229158307182,visually_responsive_voxels,1
03,er,sm_2_vox,0.045056737798120736,0.04331485614715714,visually_responsive_voxels,2
03,er,sm_2_vox,0.0005358111209598573,0.0056124661593105404,visually_responsive_voxels,3
03,miniblock,unsmoothed,0.04187291032687418,0.05091982371167002,FFA,1
03,miniblock,unsmoothed,0.06819534924416229,0.07181089769836337,FFA,2
03,miniblock,unsmoothed,0.06075909137633548,0.060591548499017225,FFA,3
03,miniblock,sm_2_vox,0.17721227701604342,0.17869198828594302,FFA,1
03,miniblock,sm_2_vox,0.16649671816357403,0.16686811009524713,FFA,2
03,miniblock,sm_2_vox,0.19611162362370288,0.20447562387099188,FFA,3
03,sus,unsmoothed,0.02657398239976748,0.04272701651469565,FFA,1
03,sus,unsmoothed,0.03611248828809748,0.042339813594760176,FFA,2
03,sus,unsmoothed,0.07443053614507529,0.08010656397826274,FFA,3
03,sus,sm_2_vox,0.15150297606932717,0.1425297904916769,FFA,1
03,sus,sm_2_vox,0.1321606184088954,0.1544266757424288,FFA,2
03,sus,sm_2_vox,0.21777303414083954,0.21398150060869808,FFA,3
03,er,unsmoothed,0.03311260174603141,0.030504935935651064,FFA,1
03,er,unsmoothed,0.015890019607728283,0.021680853877845553,FFA,2
03,er,unsmoothed,0.021324568811285,0.023123208843469793,FFA,3
03,er,sm_2_vox,0.05258311101776807,0.06983936580793185,FFA,1
03,er,sm_2_vox,0.10913609958543108,0.10347799829295425,FFA,2
03,er,sm_2_vox,0.15528013005811536,0.14061677746175855,FFA,3
03,miniblock,unsmoothed,0.04409821939056223,0.04002868728760101,PPA,1
03,miniblock,unsmoothed,0.053381934189680603,0.05490283337611658,PPA,2
03,miniblock,unsmoothed,0.059391683237018426,0.06067524369424703,PPA,3
03,miniblock,sm_2_vox,0.15407534640896695,0.159798054905145,PPA,1
03,miniblock,sm_2_vox,0.16209399159388133,0.15740883785678683,PPA,2
03,miniblock,sm_2_vox,0.24145687452231104,0.22434590653508868,PPA,3
03,sus,unsmoothed,0.026673396316387432,0.032580490192074166,PPA,1
03,sus,unsmoothed,0.01240653433439437,0.008968428545444343,PPA,2
03,sus,unsmoothed,0.021581309681124372,0.021412064139050477,PPA,3
03,sus,sm_2_vox,0.12479053800003936,0.12230778497195709,PPA,1
03,sus,sm_2_vox,0.0958172289263328,0.1013347076866662,PPA,2
03,sus,sm_2_vox,0.09075989808421062,0.08779635226598108,PPA,3
03,er,unsmoothed,0.03088453867510836,0.02483606890786268,PPA,1
03,er,unsmoothed,-0.03126936844899956,-0.020070083924884567,PPA,2
03,er,unsmoothed,-0.022496257012720774,-0.014137660933130942,PPA,3
03,er,sm_2_vox,0.05996131249665842,0.04766644673966312,PPA,1
03,er,sm_2_vox,0.014138121432599945,0.016806161545342115,PPA,2
03,er,sm_2_vox,-0.0021197767381761143,0.006853969066467256,PPA,3
03,miniblock,unsmoothed,0.025752724686256202,0.03151378045349441,EBA,1
03,miniblock,unsmoothed,0.020881158678357208,0.027593923380223075,EBA,2
03,miniblock,unsmoothed,0.03425033672145981,0.03535104052539779,EBA,3
03,miniblock,sm_2_vox,0.13575094180692082,0.13607264054438045,EBA,1
03,miniblock,sm_2_vox,0.12432105008916561,0.12740312050368666,EBA,2
03,miniblock,sm_2_vox,0.17582110193629202,0.17476499128643486,EBA,3
03,sus,unsmoothed,0.014068424499665076,0.012700948409171504,EBA,1
03,sus,unsmoothed,0.0018460182217924503,0.005948452303227764,EBA,2
03,sus,unsmoothed,0.044166069453071555,0.04335793177199104,EBA,3
03,sus,sm_2_vox,0.06820807131115074,0.08473625283459721,EBA,1
03,sus,sm_2_vox,0.04578092005720466,0.0821241103445376,EBA,2
03,sus,sm_2_vox,0.16287729360203307,0.16808870279081686,EBA,3
03,er,unsmoothed,-0.0024509876542284093,0.0023566981435681777,EBA,1
03,er,unsmoothed,0.03269008167090669,0.028740170917779046,EBA,2
03,er,unsmoothed,-0.02093765642170118,-0.019643090528420025,EBA,3
03,er,sm_2_vox,0.02337061174399291,0.01857753495732085,EBA,1
03,er,sm_2_vox,0.06653942635829765,0.06161717016992379,EBA,2
03,er,sm_2_vox,0.052191230771076444,0.047875637265986155,EBA,3
03,miniblock,unsmoothed,0.039398956630393375,0.04663072243564599,EVC,1
03,miniblock,unsmoothed,0.06873206506075401,0.0762795648457433,EVC,2
03,miniblock,unsmoothed,0.05523801035692508,0.06339851717792917,EVC,3
03,miniblock,sm_2_vox,0.11823259914651318,0.13979755448791553,EVC,1
03,miniblock,sm_2_vox,0.16219350196931218,0.18678705055863506,EVC,2
03,miniblock,sm_2_vox,0.16521316263463684,0.19140440000616202,EVC,3
03,sus,unsmoothed,0.017386324479244257,0.023535746239712038,EVC,1
03,sus,unsmoothed,0.049482486113018954,0.06379683130665449,EVC,2
03,sus,unsmoothed,0.036170670378726774,0.04432519664751813,EVC,3
03,sus,sm_2_vox,0.05009301485823782,0.07198046162172268,EVC,1
03,sus,sm_2_vox,0.15522778757220207,0.1885739853697613,EVC,2
03,sus,sm_2_vox,0.12767794920479242,0.13609379717569467,EVC,3
03,er,unsmoothed,0.009552224994053594,0.010908066605389944,EVC,1
03,er,unsmoothed,0.0026085965884305173,0.0016401461136690922,EVC,2
03,er,unsmoothed,0.0033335337091143363,0.0038036463769972177,EVC,3
03,er,sm_2_vox,0.015006669787972663,0.01900827783644411,EVC,1
03,er,sm_2_vox,0.07081787790216212,0.06872190913519068,EVC,2
03,er,sm_2_vox,0.021940515228290713,0.025295955417571386,EVC,3
04,miniblock,unsmoothed,0.018789614023891614,0.024307438821484346,visually_responsive_voxels,1
04,miniblock,unsmoothed,0.028435064837011192,0.03512895685144988,visually_responsive_voxels,2
04,miniblock,unsmoothed,0.02270314722397776,0.02636417164677023,visually_responsive_voxels,3
04,miniblock,sm_2_vox,0.05146323257500163,0.06612056672021589,visually_responsive_voxels,1
04,miniblock,sm_2_vox,0.040433807767940616,0.05794662757083765,visually_responsive_voxels,2
04,miniblock,sm_2_vox,0.01947241669148273,0.029447212599721818,visually_responsive_voxels,3
04,sus,unsmoothed,0.06519356475518212,0.06853840790556386,visually_responsive_voxels,1
04,sus,unsmoothed,0.0411423696717159,0.047063145294193774,visually_responsive_voxels,2
04,sus,unsmoothed,0.036363694457542936,0.04187924198965005,visually_responsive_voxels,3
04,sus,sm_2_vox,0.11727565359583797,0.12156530044596135,visually_responsive_voxels,1
04,sus,sm_2_vox,0.0728108238531426,0.079053907303394,visually_responsive_voxels,2
04,sus,sm_2_vox,0.04658476130589415,0.05652583011528298,visually_responsive_voxels,3
04,er,unsmoothed,0.010566561336588183,0.009902946481582482,visually_responsive_voxels,1
04,er,unsmoothed,0.022851299404329645,0.022135863520076612,visually_responsive_voxels,2
04,er,unsmoothed,-0.018815475394287448,-0.01699434237968893,visually_responsive_voxels,3
04,er,sm_2_vox,0.006822431132040861,0.00800308750542319,visually_responsive_voxels,1
04,er,sm_2_vox,0.05562000515776111,0.05784006205294347,visually_responsive_voxels,2
04,er,sm_2_vox,0.03301154478635707,0.03540092486124504,visually_responsive_voxels,3
04,miniblock,unsmoothed,0.06808966687624801,0.08056738110604157,FFA,1
04,miniblock,unsmoothed,0.10690320625215174,0.11288669217633145,FFA,2
04,miniblock,unsmoothed,0.0940649164311253,0.10960905118405803,FFA,3
04,miniblock,sm_2_vox,0.2544216706347911,0.24174233862789724,FFA,1
04,miniblock,sm_2_vox,0.3052632964100743,0.2784730763465463,FFA,2
04,miniblock,sm_2_vox,0.31020169395824343,0.2724133334122846,FFA,3
04,sus,unsmoothed,0.12544938891544324,0.13306022904183562,FFA,1
04,sus,unsmoothed,0.14522872506785567,0.14271165403809222,FFA,2
04,sus,unsmoothed,0.13325390150237248,0.16047190451111365,FFA,3
04,sus,sm_2_vox,0.3516693839831284,0.32868137390245256,FFA,1
04,sus,sm_2_vox,0.3498169199260247,0.3247131596014693,FFA,2
04,sus,sm_2_vox,0.38198035833429755,0.36282481400816524,FFA,3
04,er,unsmoothed,0.03160924201851571,0.02566661187917266,FFA,1
04,er,unsmoothed,0.034709935663234825,0.03491507763937917,FFA,2
04,er,unsmoothed,0.018988966224373204,0.0193407535112035,FFA,3
04,er,sm_2_vox,0.09519955370981487,0.08415966879412602,FFA,1
04,er,sm_2_vox,0.11847876674566182,0.11278861119304183,FFA,2
04,er,sm_2_vox,0.16986033254781974,0.15442632476299403,FFA,3
04,miniblock,unsmoothed,0.019343077461200342,0.019494385555223606,PPA,1
04,miniblock,unsmoothed,0.03349325169865105,0.029594184661930426,PPA,2
04,miniblock,unsmoothed,0.037390891418974975,0.03731129001346616,PPA,3
04,miniblock,sm_2_vox,0.023576100114440862,0.030828080638325032,PPA,1
04,miniblock,sm_2_vox,0.06888250533515201,0.05679537258217207,PPA,2
04,miniblock,sm_2_vox,0.17713698551432455,0.18114598529616527,PPA,3
04,sus,unsmoothed,0.03062744307823246,0.0625412119548078,PPA,1
04,sus,unsmoothed,0.04600729044255532,0.0402275550709734,PPA,2
04,sus,unsmoothed,0.02338739561027628,0.04571564581186889,PPA,3
04,sus,sm_2_vox,0.19406294233268062,0.17946952935381194,PPA,1
04,sus,sm_2_vox,0.1345651775123076,0.12007098734263866,PPA,2
04,sus,sm_2_vox,0.189198623348504,0.20624978910849026,PPA,3
04,er,unsmoothed,0.05388825777989754,0.042088898060407116,PPA,1
04,er,unsmoothed,0.009310141191001126,0.009865907954723856,PPA,2
04,er,unsmoothed,0.010860943672692872,-0.015484211059702293,PPA,3
04,er,sm_2_vox,0.059527222990511844,0.07605089094715263,PPA,1
04,er,sm_2_vox,0.08449406381360061,0.08084104723191862,PPA,2
04,er,sm_2_vox,0.11413701905335255,0.1146254001965727,PPA,3
04,miniblock,unsmoothed,0.04073542354784672,0.0522695223430961,EBA,1
04,miniblock,unsmoothed,0.0637142658039592,0.0729435468118528,EBA,2
04,miniblock,unsmoothed,0.06599680905758687,0.07353128801256838,EBA,3
04,miniblock,sm_2_vox,0.14157211285164878,0.1454832524763075,EBA,1
04,miniblock,sm_2_vox,0.11446823259989808,0.11793186379563916,EBA,2
04,miniblock,sm_2_vox,0.10597985949212388,0.12585451293427408,EBA,3
04,sus,unsmoothed,0.0855854048439197,0.0858508535555319,EBA,1
04,sus,unsmoothed,0.09076326103160862,0.09268558446732303,EBA,2
04,sus,unsmoothed,0.09051459308375426,0.10335918843434001,EBA,3
04,sus,sm_2_vox,0.13669200740921122,0.15503743379001714,EBA,1
04,sus,sm_2_vox,0.23955283408058545,0.21789240330024023,EBA,2
04,sus,sm_2_vox,0.2217677552356705,0.2260810958010347,EBA,3
04,er,unsmoothed,-0.018196534633001943,-0.01385079045214109,EBA,1
04,er,unsmoothed,0.034996396830356866,0.034218651498171986,EBA,2
04,er,unsmoothed,0.0014626488630455903,0.0004318142151380897,EBA,3
04,er,sm_2_vox,-0.0006788785713703546,0.015973324108608303,EBA,1
04,er,sm_2_vox,0.06703275208905116,0.06791408774706617,EBA,2
04,er,sm_2_vox,0.14397052826740428,0.1448274640365459,EBA,3
04,miniblock,unsmoothed,0.03486254427959723,0.04748846317184555,EVC,1
04,miniblock,unsmoothed,0.06862881916804842,0.08131451388887871,EVC,2
04,miniblock,unsmoothed,0.04938385762187095,0.05881225095896298,EVC,3
04,miniblock,sm_2_vox,0.0834127712461129,0.11322890586382532,EVC,1
04,miniblock,sm_2_vox,0.15276794948394373,0.1807813308044369,EVC,2
04,miniblock,sm_2_vox,0.056883700281885746,0.07889824792457237,EVC,3
04,sus,unsmoothed,0.07546242660896865,0.0834377195818535,EVC,1
04,sus,unsmoothed,0.07264599071277933,0.08024327926621697,EVC,2
04,sus,unsmoothed,0.06244329097664461,0.06488998252384874,EVC,3
04,sus,sm_2_vox,0.176688875191162,0.18119375329769075,EVC,1
04,sus,sm_2_vox,0.153424772403457,0.1555511088476962,EVC,2
04,sus,sm_2_vox,0.07343005748435784,0.08876290027381446,EVC,3
04,er,unsmoothed,0.01218890725932174,0.010457408952655359,EVC,1
04,er,unsmoothed,0.03776340058441832,0.03739082958558086,EVC,2
04,er,unsmoothed,-0.01629603285208297,-0.014192815277166215,EVC,3
04,er,sm_2_vox,0.025723106414715098,0.03368802316244541,EVC,1
04,er,sm_2_vox,0.1288683421167436,0.12569463852930052,EVC,2
04,er,sm_2_vox,0.06973926226336523,0.07311747164812855,EVC,3
05,miniblock,unsmoothed,0.006679323345104651,0.016409675680770675,visually_responsive_voxels,1
05,miniblock,unsmoothed,-0.012503984141716114,-0.004718669649186785,visually_responsive_voxels,2
05,miniblock,unsmoothed,0.04747129090869397,0.05380398175208622,visually_responsive_voxels,3
05,miniblock,sm_2_vox,0.0923669202554887,0.11477169872956158,visually_responsive_voxels,1
05,miniblock,sm_2_vox,0.06771836677593066,0.08768468004102067,visually_responsive_voxels,2
05,miniblock,sm_2_vox,0.06383526611190911,0.08829034613737509,visually_responsive_voxels,3
05,sus,unsmoothed,0.024126594583270104,0.02762667515570879,visually_responsive_voxels,1
05,sus,unsmoothed,0.05647523175214607,0.06446533228227001,visually_responsive_voxels,2
05,sus,unsmoothed,0.030592917365201894,0.03700120159729827,visually_responsive_voxels,3
05,sus,sm_2_vox,0.06596657530690858,0.07493612541122373,visually_responsive_voxels,1
05,sus,sm_2_vox,0.10566716285072943,0.12117687346737403,visually_responsive_voxels,2
05,sus,sm_2_vox,0.07588182578794928,0.08902742187866049,visually_responsive_voxels,3
05,er,unsmoothed,0.00688939790615126,0.006944919317516029,visually_responsive_voxels,1
05,er,unsmoothed,0.002734334421242251,0.003711532295376345,visually_responsive_voxels,2
05,er,unsmoothed,0.004014229973115142,0.004405598737578551,visually_responsive_voxels,3
05,er,sm_2_vox,0.023032305920597764,0.020663361636399254,visually_responsive_voxels,1
05,er,sm_2_vox,0.02253653553909562,0.027717892959038693,visually_responsive_voxels,2
05,er,sm_2_vox,0.04833220180581198,0.04910448823269984,visually_responsive_voxels,3
05,miniblock,unsmoothed,0.131259386163381,0.14711337063150418,FFA,1
05,miniblock,unsmoothed,0.0929736302973619,0.0958250938481851,FFA,2
05,miniblock,unsmoothed,0.18950880959064892,0.20898160813183533,FFA,3
05,miniblock,sm_2_vox,0.40621664115276934,0.3812076153419474,FFA,1
05,miniblock,sm_2_vox,0.4346500249967279,0.38779925209058286,FFA,2
05,miniblock,sm_2_vox,0.46659405711718743,0.4499451368461125,FFA,3
05,sus,unsmoothed,0.112654309763275,0.12617853229077267,FFA,1
05,sus,unsmoothed,0.13565310022974159,0.14538895327521684,FFA,2
05,sus,unsmoothed,0.12583263745480808,0.13934166194032951,FFA,3
05,sus,sm_2_vox,0.29796246872320803,0.2842518250051882,FFA,1
05,sus,sm_2_vox,0.3426650345222618,0.32701969789978363,FFA,2
05,sus,sm_2_vox,0.33831899073935323,0.31530947983550134,FFA,3
05,er,unsmoothed,0.06510142220045143,0.0808895467570553,FFA,1
05,er,unsmoothed,0.06770157525170234,0.07550819926212066,FFA,2
05,er,unsmoothed,0.09522121901520084,0.09346353162812462,FFA,3
05,er,sm_2_vox,0.22746784129794367,0.23795481943656813,FFA,1
05,er,sm_2_vox,0.23759699972678033,0.2315693785588934,FFA,2
05,er,sm_2_vox,0.2783329422930635,0.25375069061687555,FFA,3
05,miniblock,unsmoothed,0.07331427062925065,0.08321576883875242,PPA,1
05,miniblock,unsmoothed,0.004353885488942173,0.009941164262936912,PPA,2
05,miniblock,unsmoothed,0.06964101143607677,0.08641213509880842,PPA,3
05,miniblock,sm_2_vox,0.3087573569759168,0.26777775552394156,PPA,1
05,miniblock,sm_2_vox,0.20131470718372677,0.1864350680927246,PPA,2
05,miniblock,sm_2_vox,0.10402206595354882,0.1522033494743135,PPA,3
05,sus,unsmoothed,0.02976218630763895,0.03913961892413009,PPA,1
05,sus,unsmoothed,0.0996966342071488,0.0813961216994297,PPA,2
05,sus,unsmoothed,0.12488221669255387,0.12861294781507296,PPA,3
05,sus,sm_2_vox,0.13538103526625062,0.12312537916155974,PPA,1
05,sus,sm_2_vox,0.23423115980175394,0.21566312089533482,PPA,2
05,sus,sm_2_vox,0.29204964996099486,0.27376780610691137,PPA,3
05,er,unsmoothed,0.03761162196828968,0.04895184335464019,PPA,1
05,er,unsmoothed,0.04864893018821943,0.058663506985144526,PPA,2
05,er,unsmoothed,0.010620028146690313,0.00017198337913488767,PPA,3
05,er,sm_2_vox,0.07970383483883617,0.08004676442993507,PPA,1
05,er,sm_2_vox,0.1037776779655573,0.09282227241223345,PPA,2
05,er,sm_2_vox,0.04184124004959838,0.02899858530943325,PPA,3
05,miniblock,unsmoothed,0.0363285670166304,0.04867861529590136,EBA,1
05,miniblock,unsmoothed,-0.018328995475119306,-0.007445401549871593,EBA,2
05,miniblock,unsmoothed,0.11689376910589591,0.11968016946271715,EBA,3
05,miniblock,sm_2_vox,0.2841983475159602,0.28093380365600434,EBA,1
05,miniblock,sm_2_vox,0.2510694143144262,0.2452424745990754,EBA,2
05,miniblock,sm_2_vox,0.2644289376239293,0.25887856751845373,EBA,3
05,sus,unsmoothed,0.05877570897440847,0.06784019726743512,EBA,1
05,sus,unsmoothed,0.11085987597836541,0.12087468682893614,EBA,2
05,sus,unsmoothed,0.06209700142830901,0.07543973322260099,EBA,3
05,sus,sm_2_vox,0.16472468845168897,0.17065033962297316,EBA,1
05,sus,sm_2_vox,0.24513412240783522,0.23878650341011678,EBA,2
05,sus,sm_2_vox,0.21406746928426718,0.20501918685986073,EBA,3
05,er,unsmoothed,0.019138590981561513,0.01918092372192934,EBA,1
05,er,unsmoothed,0.024193862703646977,0.020268933918938033,EBA,2
05,er,unsmoothed,0.008752516982397512,0.011886142652226256,EBA,3
05,er,sm_2_vox,0.08064977144985913,0.07952675628643316,EBA,1
05,er,sm_2_vox,0.08786078966359813,0.08779487848186975,EBA,2
05,er,sm_2_vox,0.0939441806236347,0.09581809899539767,EBA,3
05,miniblock,unsmoothed,0.052164071640426246,0.06793771580312631,EVC,1
05,miniblock,unsmoothed,0.0356214646347296,0.050725080844385526,EVC,2
05,miniblock,unsmoothed,0.08827529042530019,0.09921914549898737,EVC,3
05,miniblock,sm_2_vox,0.1795518471335388,0.20507505192394854,EVC,1
05,miniblock,sm_2_vox,0.15421209201471234,0.1838178005005395,EVC,2
05,miniblock,sm_2_vox,0.15404167700336774,0.19220046756177783,EVC,3
05,sus,unsmoothed,0.054589182380466034,0.06284682173087515,EVC,1
05,sus,unsmoothed,0.09874767352267771,0.1110729729271713,EVC,2
05,sus,unsmoothed,0.06859383995207025,0.07947715940868826,EVC,3
05,sus,sm_2_vox,0.13876660808553645,0.1467805727050086,EVC,1
05,sus,sm_2_vox,0.19788467731033793,0.21343164024046943,EVC,2
05,sus,sm_2_vox,0.11724406247583449,0.14582607140001805,EVC,3
05,er,unsmoothed,0.013704648968068403,0.012532934956964384,EVC,1
05,er,unsmoothed,0.028167030181172836,0.02808501251952386,EVC,2
05,er,unsmoothed,0.012319280436443841,0.013329587179285809,EVC,3
05,er,sm_2_vox,0.035470212969082954,0.03330553632839165,EVC,1
05,er,sm_2_vox,0.04811806852684286,0.055525379384555845,EVC,2
05,er,sm_2_vox,0.08704317964593171,0.08661903692577562,EVC,3
06,miniblock,unsmoothed,0.003300410568982311,0.006796756008874291,visually_responsive_voxels,1
06,miniblock,unsmoothed,0.03188898444478961,0.0329017450716109,visually_responsive_voxels,2
06,miniblock,unsmoothed,0.012164618366374782,0.014188017699756776,visually_responsive_voxels,3
06,miniblock,sm_2_vox,-0.009895469966709907,0.002175707438994425,visually_responsive_voxels,1
06,miniblock,sm_2_vox,0.07968754192351334,0.08413005408698103,visually_responsive_voxels,2
06,miniblock,sm_2_vox,0.03747984492727542,0.047791345795674046,visually_responsive_voxels,3
06,sus,unsmoothed,0.020470704349020444,0.026316909139370015,visually_responsive_voxels,1
06,sus,unsmoothed,0.032812189541056525,0.03521051590157028,visually_responsive_voxels,2
06,sus,unsmoothed,0.03535681921688272,0.041064892919069,visually_responsive_voxels,3
06,sus,sm_2_vox,0.0557638725513306,0.07345899753150412,visually_responsive_voxels,1
06,sus,sm_2_vox,0.051867388139329125,0.06433017749150237,visually_responsive_voxels,2
06,sus,sm_2_vox,0.05041403585907643,0.07073708105647243,visually_responsive_voxels,3
06,er,unsmoothed,0.017993731627997625,0.015825468960113026,visually_responsive_voxels,1
06,er,unsmoothed,0.020033900212998716,0.02216313187465199,visually_responsive_voxels,2
06,er,unsmoothed,0.021571792747097352,0.022312540994377978,visually_responsive_voxels,3
06,er,sm_2_vox,0.053976006997660156,0.053714008800842296,visually_responsive_voxels,1
06,er,sm_2_vox,0.021316114416871274,0.023488836399366157,visually_responsive_voxels,2
06,er,sm_2_vox,0.027116543119439767,0.03034538766235988,visually_responsive_voxels,3
06,miniblock,unsmoothed,0.06323243310970611,0.07975556619166087,FFA,1
06,miniblock,unsmoothed,0.07452380176467141,0.08206135988851325,FFA,2
06,miniblock,unsmoothed,0.07594119874965177,0.09602670955859371,FFA,3
06,miniblock,sm_2_vox,0.2873474060526231,0.2856166180078348,FFA,1
06,miniblock,sm_2_vox,0.24272403374907242,0.27048160825209755,FFA,2
06,miniblock,sm_2_vox,0.2887856023945503,0.2788028839454801,FFA,3
06,sus,unsmoothed,0.09883787232590693,0.11154293913046469,FFA,1
06,sus,unsmoothed,0.11650202241647883,0.11735271406708772,FFA,2
06,sus,unsmoothed,0.1341672144935267,0.14219745548743756,FFA,3
06,sus,sm_2_vox,0.3426848940404632,0.3411023417160008,FFA,1
06,sus,sm_2_vox,0.3212212449833756,0.34104270314675345,FFA,2
06,sus,sm_2_vox,0.4135839216377941,0.39175817696717213,FFA,3
06,er,unsmoothed,0.05874006949285419,0.07064327295978268,FFA,1
06,er,unsmoothed,0.07238561681409492,0.06060787747900689,FFA,2
06,er,unsmoothed,0.07554841578771666,0.07172713807630035,FFA,3
06,er,sm_2_vox,0.15523891557059782,0.1550616015820051,FFA,1
06,er,sm_2_vox,0.22791779708918358,0.21833945656364753,FFA,2
06,er,sm_2_vox,0.1239970674104808,0.12790396051299138,FFA,3
06,miniblock,unsmoothed,0.03127419947429271,0.021295578479309046,PPA,1
06,miniblock,unsmoothed,0.046177926337874015,0.04201389810902351,PPA,2
06,miniblock,unsmoothed,0.03342669488847949,0.035705877535784435,PPA,3
06,miniblock,sm_2_vox,0.014428463533404405,0.006552969537866874,PPA,1
06,miniblock,sm_2_vox,0.11350092743514603,0.11104103307061143,PPA,2
06,miniblock,sm_2_vox,0.12055220476251485,0.12651416479463964,PPA,3
06,sus,unsmoothed,0.060613817359849394,0.06506036518125154,PPA,1
06,sus,unsmoothed,0.04380358204713007,0.055076723980641666,PPA,2
06,sus,unsmoothed,0.0540473775465907,0.056864343863363906,PPA,3
06,sus,sm_2_vox,0.1541655969966521,0.15277748771361901,PPA,1
06,sus,sm_2_vox,0.16031428446331297,0.17227050395862387,PPA,2
06,sus,sm_2_vox,0.10620137460689186,0.10910632426176517,PPA,3
06,er,unsmoothed,0.006446261871951443,0.012693369788988555,PPA,1
06,er,unsmoothed,-0.0008853655862423645,-0.00031605385110578346,PPA,2
06,er,unsmoothed,0.019234188847476692,0.015439064668335965,PPA,3
06,er,sm_2_vox,0.03894208319439741,0.06284388418744741,PPA,1
06,er,sm_2_vox,-0.06658828311612966,-0.058249078641159434,PPA,2
06,er,sm_2_vox,0.050310429588226596,0.04907422779517148,PPA,3
06,miniblock,unsmoothed,0.018432329079648934,0.02940966333187861,EBA,1
06,miniblock,unsmoothed,0.05893056184434634,0.0624178204425857,EBA,2
06,miniblock,unsmoothed,0.04073505531524987,0.04506781291739294,EBA,3
06,miniblock,sm_2_vox,0.056885022579281644,0.04871773406886651,EBA,1
06,miniblock,sm_2_vox,0.16268655352860206,0.17874038970071485,EBA,2
06,miniblock,sm_2_vox,0.1331799912128501,0.14561490151906922,EBA,3
06,sus,unsmoothed,0.054382453814963524,0.056793360908016254,EBA,1
06,sus,unsmoothed,0.07147568699370987,0.07599205027956533,EBA,2
06,sus,unsmoothed,0.09832915219333387,0.10433002742371854,EBA,3
06,sus,sm_2_vox,0.1869438870675107,0.18083388309093676,EBA,1
06,sus,sm_2_vox,0.1949828311591912,0.20641228996234215,EBA,2
06,sus,sm_2_vox,0.22628698938175668,0.24530409560100913,EBA,3
06,er,unsmoothed,0.019100416131891965,0.01640491718709737,EBA,1
06,er,unsmoothed,0.05372875283499061,0.052061782148244744,EBA,2
06,er,unsmoothed,0.024478975609993757,0.01917512693679879,EBA,3
06,er,sm_2_vox,0.03860545658861633,0.04827121586169625,EBA,1
06,er,sm_2_vox,0.10637146274935744,0.10365152420407087,EBA,2
06,er,sm_2_vox,0.0021479011519945296,0.012141705670694105,EBA,3
06,miniblock,unsmoothed,0.05099333169520605,0.06027454662639727,EVC,1
06,miniblock,unsmoothed,0.058061028039657916,0.06172322213315521,EVC,2
06,miniblock,unsmoothed,0.04532641856619862,0.057742223223816815,EVC,3
06,miniblock,sm_2_vox,0.06326617149992261,0.08138546381018698,EVC,1
06,miniblock,sm_2_vox,0.13179939860230933,0.13804994774476556,EVC,2
06,miniblock,sm_2_vox,0.11498477558284355,0.14160417730226893,EVC,3
06,sus,unsmoothed,0.06579352359440727,0.07844225949720672,EVC,1
06,sus,unsmoothed,0.07286410388509629,0.07737696946724569,EVC,2
06,sus,unsmoothed,0.0810358709390899,0.08940654914429222,EVC,3
06,sus,sm_2_vox,0.14170243958535828,0.16823452003147285,EVC,1
06,sus,sm_2_vox,0.1508860215344756,0.16285239896033574,EVC,2
06,sus,sm_2_vox,0.15850983671785912,0.18275652944861315,EVC,3
06,er,unsmoothed,0.037668468086756265,0.036303910734175784,EVC,1
06,er,unsmoothed,0.052716175556797744,0.05437738876431687,EVC,2
06,er,unsmoothed,0.02385409093410977,0.02297169923983928,EVC,3
06,er,sm_2_vox,0.12359025737364479,0.11074748615897571,EVC,1
06,er,sm_2_vox,0.11129011240533399,0.11539797681587048,EVC,2
06,er,sm_2_vox,0.030231580857316337,0.03469950272018212,EVC,3
07,miniblock,unsmoothed,0.02176687097344834,0.03089961057355876,visually_responsive_voxels,1
07,miniblock,unsmoothed,0.015452739035230048,0.021133991178140733,visually_responsive_voxels,2
07,miniblock,unsmoothed,0.031170591677748112,0.03705637537603158,visually_responsive_voxels,3
07,miniblock,sm_2_vox,0.07277494538745169,0.09604312952948509,visually_responsive_voxels,1
07,miniblock,sm_2_vox,0.08353771789131104,0.10176638678404017,visually_responsive_voxels,2
07,miniblock,sm_2_vox,0.09064685745618485,0.1090188412646849,visually_responsive_voxels,3
07,sus,unsmoothed,0.025338197033943535,0.03227772279841971,visually_responsive_voxels,1
07,sus,unsmoothed,0.03629532112287599,0.040474461342496194,visually_responsive_voxels,2
07,sus,unsmoothed,0.014074706578608744,0.024610303764854062,visually_responsive_voxels,3
07,sus,sm_2_vox,0.030562541794034767,0.05235035170604701,visually_responsive_voxels,1
07,sus,sm_2_vox,0.05666754162608747,0.06692721573795117,visually_responsive_voxels,2
07,sus,sm_2_vox,0.05380383373136036,0.07143545683971374,visually_responsive_voxels,3
07,er,unsmoothed,-0.002793199473941364,0.0008730750520258523,visually_responsive_voxels,1
07,er,unsmoothed,0.012074419749167072,0.01180341460946259,visually_responsive_voxels,2
07,er,unsmoothed,0.016189836119773995,0.016642597537171358,visually_responsive_voxels,3
07,er,sm_2_vox,0.03026062081914456,0.03236804545445466,visually_responsive_voxels,1
07,er,sm_2_vox,0.027650358266454875,0.029509990420607188,visually_responsive_voxels,2
07,er,sm_2_vox,0.042128875825626105,0.04774239203623046,visually_responsive_voxels,3
07,miniblock,unsmoothed,0.08425688954228377,0.08464145197466053,FFA,1
07,miniblock,unsmoothed,0.05032351175353549,0.07315520288601403,FFA,2
07,miniblock,unsmoothed,0.07423814410063057,0.09113741948297052,FFA,3
07,miniblock,sm_2_vox,0.3462213701710676,0.3526623263484241,FFA,1
07,miniblock,sm_2_vox,0.31111042376237685,0.3007131524162158,FFA,2
07,miniblock,sm_2_vox,0.36051663779851273,0.3340662430317517,FFA,3
07,sus,unsmoothed,0.09585718548198899,0.10140728468466066,FFA,1
07,sus,unsmoothed,0.07970393810407939,0.08708232396218588,FFA,2
07,sus,unsmoothed,0.0854729667717676,0.09193344201686278,FFA,3
07,sus,sm_2_vox,0.27383004150370294,0.2824917999644907,FFA,1
07,sus,sm_2_vox,0.2665962205256517,0.2501155709910058,FFA,2
07,sus,sm_2_vox,0.2865585267683215,0.3035600622164289,FFA,3
07,er,unsmoothed,0.05227902103149845,0.06036095774160318,FFA,1
07,er,unsmoothed,0.04288772347340701,0.03619950197641368,FFA,2
07,er,unsmoothed,0.06809728357787104,0.06572621930573846,FFA,3
07,er,sm_2_vox,0.21679666829457978,0.23350101720216893,FFA,1
07,er,sm_2_vox,0.13693274624008367,0.16057249067058563,FFA,2
07,er,sm_2_vox,0.26190454460848567,0.25809566891345526,FFA,3
07,miniblock,unsmoothed,0.0450119001029586,0.05556035458130322,PPA,1
07,miniblock,unsmoothed,0.04970138752476436,0.0621870334063141,PPA,2
07,miniblock,unsmoothed,0.05486688963603854,0.06762376197594813,PPA,3
07,miniblock,sm_2_vox,0.18703806479932783,0.1809336774310541,PPA,1
07,miniblock,sm_2_vox,0.1855865591642355,0.18131810674063378,PPA,2
07,miniblock,sm_2_vox,0.1977358172942969,0.2110275978659927,PPA,3
07,sus,unsmoothed,0.044387539468716763,0.03866632611904861,PPA,1
07,sus,unsmoothed,0.04058401708977692,0.04453794678027228,PPA,2
07,sus,unsmoothed,0.06428480490871791,0.06280922537214116,PPA,3
07,sus,sm_2_vox,0.12991440712971097,0.13177842971618828,PPA,1
07,sus,sm_2_vox,0.16192010472979124,0.16475687572770495,PPA,2
07,sus,sm_2_vox,0.1837898265172549,0.1868558685327844,PPA,3
07,er,unsmoothed,0.01693332473783213,0.02493154454686816,PPA,1
07,er,unsmoothed,0.011160298997658712,0.012289790029635742,PPA,2
07,er,unsmoothed,0.04989692750436556,0.037683642376060665,PPA,3
07,er,sm_2_vox,0.11055506624814579,0.11107879760527686,PPA,1
07,er,sm_2_vox,0.03039142094048773,0.03728538973767137,PPA,2
07,er,sm_2_vox,0.12099194653913165,0.11406660032462203,PPA,3
07,miniblock,unsmoothed,0.05136984863287962,0.05659507783741839,EBA,1
07,miniblock,unsmoothed,0.0256812967341264,0.028278046156853705,EBA,2
07,miniblock,unsmoothed,0.052123339888591524,0.05852192607817271,EBA,3
07,miniblock,sm_2_vox,0.1524748027522108,0.18373878314109612,EBA,1
07,miniblock,sm_2_vox,0.14840207769485883,0.17082435852463385,EBA,2
07,miniblock,sm_2_vox,0.14838437705430527,0.17227070905304442,EBA,3
07,sus,unsmoothed,0.06429172926655508,0.07003692928388577,EBA,1
07,sus,unsmoothed,0.058377043508300724,0.06813422514627769,EBA,2
07,sus,unsmoothed,0.03626627001534651,0.05247724924922389,EBA,3
07,sus,sm_2_vox,0.15438109149797485,0.16874657576897162,EBA,1
07,sus,sm_2_vox,0.1585747090911937,0.1778433650891548,EBA,2
07,sus,sm_2_vox,0.15675496727756613,0.16692052813294636,EBA,3
07,er,unsmoothed,0.008398958577501682,0.015904858234424998,EBA,1
07,er,unsmoothed,0.01582202248072974,0.016580542594198958,EBA,2
07,er,unsmoothed,0.030317372299425736,0.02937296636496601,EBA,3
07,er,sm_2_vox,0.05525882266638978,0.0681301529081241,EBA,1
07,er,sm_2_vox,0.046289172862277406,0.0543191869377147,EBA,2
07,er,sm_2_vox,0.09026786648510646,0.09735382239600464,EBA,3
07,miniblock,unsmoothed,0.06479400502033736,0.08941410445822016,EVC,1
07,miniblock,unsmoothed,0.07847502563604122,0.09208152298904611,EVC,2
07,miniblock,unsmoothed,0.06990862176227321,0.08460283298665397,EVC,3
07,miniblock,sm_2_vox,0.18201821441801827,0.2209218717471662,EVC,1
07,miniblock,sm_2_vox,0.22301932462586288,0.2469642658897081,EVC,2
07,miniblock,sm_2_vox,0.18699264140588254,0.21133552542968354,EVC,3
07,sus,unsmoothed,0.07531689107758063,0.09563633126743779,EVC,1
07,sus,unsmoothed,0.08566041566374842,0.10014676684353171,EVC,2
07,sus,unsmoothed,0.0783608994669833,0.10201892766205971,EVC,3
07,sus,sm_2_vox,0.13945128226416578,0.17379998056298726,EVC,1
07,sus,sm_2_vox,0.14715175391386642,0.16630274560561661,EVC,2
07,sus,sm_2_vox,0.17844064429620363,0.2032472489911494,EVC,3
07,er,unsmoothed,0.009072168218808057,0.013736162661191422,EVC,1
07,er,unsmoothed,0.038940931209392536,0.03904765409905213,EVC,2
07,er,unsmoothed,0.025406650630896532,0.02928667051506238,EVC,3
07,er,sm_2_vox,0.0642587562234414,0.07417828352443519,EVC,1
07,er,sm_2_vox,0.07990091888157122,0.07876706826285013,EVC,2
07,er,sm_2_vox,0.05456363287621317,0.06939592791045218,EVC,3
08,miniblock,unsmoothed,0.0349028107451021,0.049351260875637085,visually_responsive_voxels,1
08,miniblock,unsmoothed,0.02138322573188947,0.02946459213887509,visually_responsive_voxels,2
08,miniblock,unsmoothed,0.017219748954876074,0.02626480449131574,visually_responsive_voxels,3
08,miniblock,sm_2_vox,0.10112774289224732,0.1281189835923399,visually_responsive_voxels,1
08,miniblock,sm_2_vox,0.0589504028430233,0.09579722761811596,visually_responsive_voxels,2
08,miniblock,sm_2_vox,0.04403517243548393,0.0726763612657116,visually_responsive_voxels,3
08,sus,unsmoothed,0.03864405345059935,0.04686078721875292,visually_responsive_voxels,1
08,sus,unsmoothed,0.024216972657962466,0.028312465659047582,visually_responsive_voxels,2
08,sus,unsmoothed,0.036929786775703986,0.04807907063786601,visually_responsive_voxels,3
08,sus,sm_2_vox,0.09264535093387,0.11008966995383189,visually_responsive_voxels,1
08,sus,sm_2_vox,0.03263143856487272,0.04533029010673873,visually_responsive_voxels,2
08,sus,sm_2_vox,0.09456095270796115,0.12132719984381986,visually_responsive_voxels,3
08,er,unsmoothed,0.0013511904118275221,0.002791592398876758,visually_responsive_voxels,1
08,er,unsmoothed,0.04140481196218262,0.03987825169038514,visually_responsive_voxels,2
08,er,unsmoothed,-0.012435036134027334,-0.012410478360901544,visually_responsive_voxels,3
08,er,sm_2_vox,0.024121390763454126,0.02977745950937258,visually_responsive_voxels,1
08,er,sm_2_vox,0.04808288403193245,0.046430899286224354,visually_responsive_voxels,2
08,er,sm_2_vox,0.005571570348879409,0.0043285179026841085,visually_responsive_voxels,3
08,miniblock,unsmoothed,0.16011308066017613,0.16933081475975023,FFA,1
08,miniblock,unsmoothed,0.18507735864264419,0.17932913417551474,FFA,2
08,miniblock,unsmoothed,0.1958355293635725,0.189658849655321,FFA,3
08,miniblock,sm_2_vox,0.5465283050088829,0.5031377329708476,FFA,1
08,miniblock,sm_2_vox,0.46896284994855875,0.45633240667704283,FFA,2
08,miniblock,sm_2_vox,0.48297734474282694,0.48219981565483755,FFA,3
08,sus,unsmoothed,0.17402693891943158,0.1639534331754509,FFA,1
08,sus,unsmoothed,0.09371113103026163,0.09532062670606639,FFA,2
08,sus,unsmoothed,0.11952875184764714,0.13391713740338296,FFA,3
08,sus,sm_2_vox,0.4137708036771438,0.39657486021705085,FFA,1
08,sus,sm_2_vox,0.20253985926695783,0.21037208769477675,FFA,2
08,sus,sm_2_vox,0.4515014918836199,0.43723255655243043,FFA,3
08,er,unsmoothed,0.061611236092577654,0.053557723806255814,FFA,1
08,er,unsmoothed,0.10652377146194769,0.09474644357073223,FFA,2
08,er,unsmoothed,0.02606888778646651,0.022648000302659687,FFA,3
08,er,sm_2_vox,0.2198974565438248,0.20525088995207783,FFA,1
08,er,sm_2_vox,0.273870831052904,0.26274479423394725,FFA,2
08,er,sm_2_vox,0.20648166343216284,0.19586746681151385,FFA,3
08,miniblock,unsmoothed,0.05661323356674153,0.06672246523991983,PPA,1
08,miniblock,unsmoothed,0.05196693560622606,0.058119049074940456,PPA,2
08,miniblock,unsmoothed,0.04562326115714804,0.054869903047581235,PPA,3
08,miniblock,sm_2_vox,0.19410256537731915,0.18845970580845006,PPA,1
08,miniblock,sm_2_vox,0.21350745489726275,0.21775653004064763,PPA,2
08,miniblock,sm_2_vox,0.17570099325426045,0.17771220248793848,PPA,3
08,sus,unsmoothed,0.06002884908749612,0.06378803555501962,PPA,1
08,sus,unsmoothed,0.0579610042825429,0.05444941325994381,PPA,2
08,sus,unsmoothed,0.06248347263610185,0.07189999441416703,PPA,3
08,sus,sm_2_vox,0.20664316955021966,0.21746000244398203,PPA,1
08,sus,sm_2_vox,0.15506529916366749,0.160210956706041,PPA,2
08,sus,sm_2_vox,0.21673554733210398,0.20985759799008666,PPA,3
08,er,unsmoothed,0.021890179337785753,0.020333294788655882,PPA,1
08,er,unsmoothed,0.03497256956058402,0.032868934457988316,PPA,2
08,er,unsmoothed,0.0023234802620586466,-0.001165958020241293,PPA,3
08,er,sm_2_vox,0.06647464120821106,0.07294246035286471,PPA,1
08,er,sm_2_vox,-0.0047077858180302945,-0.004264510675133091,PPA,2
08,er,sm_2_vox,0.014960548010382949,0.01740700421139929,PPA,3
08,miniblock,unsmoothed,0.09623531184780494,0.11558069488395135,EBA,1
08,miniblock,unsmoothed,0.0938477806061653,0.09988743101035133,EBA,2
08,miniblock,unsmoothed,0.08057603028787767,0.0910557700567726,EBA,3
08,miniblock,sm_2_vox,0.3328998826163706,0.32641326959692896,EBA,1
08,miniblock,sm_2_vox,0.2919692676025042,0.2871537527735186,EBA,2
08,miniblock,sm_2_vox,0.22955689968562246,0.25210465839249224,EBA,3
08,sus,unsmoothed,0.08563195434788723,0.08994583357336475,EBA,1
08,sus,unsmoothed,0.051897945480553,0.05497615120460659,EBA,2
08,sus,unsmoothed,0.07561878747928424,0.09355989714627232,EBA,3
08,sus,sm_2_vox,0.2363426385622605,0.23870949504316719,EBA,1
08,sus,sm_2_vox,0.13988342219008562,0.14879059487286111,EBA,2
08,sus,sm_2_vox,0.2824036775658928,0.28624326173747217,EBA,3
08,er,unsmoothed,0.010878180858864097,0.011610632996066276,EBA,1
08,er,unsmoothed,0.056191096212401634,0.053909256492965525,EBA,2
08,er,unsmoothed,-0.0060636154097839165,-0.005265983278799748,EBA,3
08,er,sm_2_vox,0.09819141655853905,0.10713815627412002,EBA,1
08,er,sm_2_vox,0.11250854056253484,0.11894391160711974,EBA,2
08,er,sm_2_vox,0.0882362378393117,0.09052398349900051,EBA,3
08,miniblock,unsmoothed,0.09085683451597493,0.11942241127661903,EVC,1
08,miniblock,unsmoothed,0.08894264014619271,0.10446248373478895,EVC,2
08,miniblock,unsmoothed,0.061417368926703284,0.08050037345669303,EVC,3
08,miniblock,sm_2_vox,0.20909062502513065,0.23133498112722428,EVC,1
08,miniblock,sm_2_vox,0.23441482720941467,0.25020247833922027,EVC,2
08,miniblock,sm_2_vox,0.16316931987895883,0.1926483530902503,EVC,3
08,sus,unsmoothed,0.07589043505624823,0.0955978344400672,EVC,1
08,sus,unsmoothed,0.0549585539746527,0.06853482640102697,EVC,2
08,sus,unsmoothed,0.08659159957753931,0.11227328240456412,EVC,3
08,sus,sm_2_vox,0.2069450123751049,0.23287206464043927,EVC,1
08,sus,sm_2_vox,0.11687792190365573,0.14274377050590173,EVC,2
08,sus,sm_2_vox,0.21296761854784707,0.24326213217992482,EVC,3
08,er,unsmoothed,0.026210517180736526,0.025198652199644064,EVC,1
08,er,unsmoothed,0.04907972827665619,0.04851185150223515,EVC,2
08,er,unsmoothed,-0.017723605737847065,-0.014346830400792694,EVC,3
08,er,sm_2_vox,0.08497671313693794,0.08568573540301969,EVC,1
08,er,sm_2_vox,0.06754813416041616,0.06007394019622482,EVC,2
08,er,sm_2_vox,-0.00990690352541284,-0.008723181133299084,EVC,3
10,miniblock,unsmoothed,0.0519365904662914,0.05481120000285442,visually_responsive_voxels,1
10,miniblock,unsmoothed,0.03758605276161284,0.043182500128168044,visually_responsive_voxels,2
10,miniblock,unsmoothed,0.028898444778895017,0.034720086259311896,visually_responsive_voxels,3
10,miniblock,sm_2_vox,0.044430173652204696,0.06143289450793972,visually_responsive_voxels,1
10,miniblock,sm_2_vox,0.07932707454329453,0.10288719457114369,visually_responsive_voxels,2
10,miniblock,sm_2_vox,0.09659093557027384,0.11239074062086414,visually_responsive_voxels,3
10,sus,unsmoothed,0.007675242281010637,0.01551452934226624,visually_responsive_voxels,1
10,sus,unsmoothed,0.025326342303306965,0.03208796833719244,visually_responsive_voxels,2
10,sus,unsmoothed,-0.0026751080885860333,0.006074538984321471,visually_responsive_voxels,3
10,sus,sm_2_vox,0.05071983365680859,0.07756048441828395,visually_responsive_voxels,1
10,sus,sm_2_vox,0.09426469983114323,0.11253122605445041,visually_responsive_voxels,2
10,sus,sm_2_vox,0.03453719182356656,0.060965503742798015,visually_responsive_voxels,3
10,er,unsmoothed,0.0015866930931811782,0.0006444529218164071,visually_responsive_voxels,1
10,er,unsmoothed,0.022093664823540783,0.019833140239209675,visually_responsive_voxels,2
10,er,unsmoothed,0.00688929522317893,0.009439243903549168,visually_responsive_voxels,3
10,er,sm_2_vox,0.04113816222696427,0.044848311191178124,visually_responsive_voxels,1
10,er,sm_2_vox,0.04332895317048059,0.03932314655656236,visually_responsive_voxels,2
10,er,sm_2_vox,0.029961704288458107,0.030665489256761803,visually_responsive_voxels,3
10,miniblock,unsmoothed,0.1311075231738391,0.13553056521940243,FFA,1
10,miniblock,unsmoothed,0.11517781100920979,0.11900796160287534,FFA,2
10,miniblock,unsmoothed,0.10387658726347417,0.09804911976778209,FFA,3
10,miniblock,sm_2_vox,0.23425928090002962,0.2667253141759864,FFA,1
10,miniblock,sm_2_vox,0.28095976239497195,0.25609852303112685,FFA,2
10,miniblock,sm_2_vox,0.25374749770906463,0.24975179533704092,FFA,3
10,sus,unsmoothed,0.014463760323853471,0.008575965817767671,FFA,1
10,sus,unsmoothed,0.06429002135315702,0.06390293027754547,FFA,2
10,sus,unsmoothed,0.024307829957573628,0.01888898620739679,FFA,3
10,sus,sm_2_vox,0.18372056034251433,0.16055640170246452,FFA,1
10,sus,sm_2_vox,0.1979163308576799,0.19745856362790398,FFA,2
10,sus,sm_2_vox,0.16478669090672005,0.17591740115281967,FFA,3
10,er,unsmoothed,0.047051204085606,0.04720595968145475,FFA,1
10,er,unsmoothed,0.08493762591896835,0.08072009452626407,FFA,2
10,er,unsmoothed,0.0424623785601457,0.04159188463218165,FFA,3
10,er,sm_2_vox,0.15499649166134505,0.15878227715357174,FFA,1
10,er,sm_2_vox,0.2160954208882842,0.20909713750375059,FFA,2
10,er,sm_2_vox,0.19722844449368276,0.18030609330078745,FFA,3
10,miniblock,unsmoothed,0.05387144039757488,0.05360297748474584,PPA,1
10,miniblock,unsmoothed,0.04241344678279885,0.046475563838590236,PPA,2
10,miniblock,unsmoothed,0.04990875427018321,0.055580092736736114,PPA,3
10,miniblock,sm_2_vox,0.1799168479198266,0.17860609158436974,PPA,1
10,miniblock,sm_2_vox,0.17050748889405642,0.17416885051615139,PPA,2
10,miniblock,sm_2_vox,0.15144635934199968,0.1603363704020458,PPA,3
10,sus,unsmoothed,0.040505410671354616,0.035259450021786244,PPA,1
10,sus,unsmoothed,0.03191914628682324,0.0265109361175134,PPA,2
10,sus,unsmoothed,0.03815739147228235,0.03927808588486823,PPA,3
10,sus,sm_2_vox,0.15796833279906633,0.1703373971382207,PPA,1
10,sus,sm_2_vox,0.09556538806099468,0.10961118656182624,PPA,2
10,sus,sm_2_vox,0.1264423948798289,0.1385465478577686,PPA,3
10,er,unsmoothed,-0.0026889446303022396,-0.0021939387316166035,PPA,1
10,er,unsmoothed,0.02806512014870533,0.02331037155210753,PPA,2
10,er,unsmoothed,0.017349482075625672,0.01734711330420226,PPA,3
10,er,sm_2_vox,0.03022875297816464,0.03276270892458514,PPA,1
10,er,sm_2_vox,0.032730382234749056,0.034400003173055325,PPA,2
10,er,sm_2_vox,0.07382889522591703,0.07648798839566757,PPA,3
10,miniblock,unsmoothed,0.0674202264722393,0.060958461598042316,EBA,1
10,miniblock,unsmoothed,0.06359533194466288,0.0640777285222647,EBA,2
10,miniblock,unsmoothed,0.06624830176637225,0.06127340904087008,EBA,3
10,miniblock,sm_2_vox,0.11141983312485872,0.10530321263052195,EBA,1
10,miniblock,sm_2_vox,0.15816447817191817,0.15704422644508992,EBA,2
10,miniblock,sm_2_vox,0.13416752083431546,0.1362743830913319,EBA,3
10,sus,unsmoothed,0.0243138229222825,0.02454127904315942,EBA,1
10,sus,unsmoothed,-0.018690358236685967,-0.016200240544391023,EBA,2
10,sus,unsmoothed,-0.009600154458719465,-0.00879635594833078,EBA,3
10,sus,sm_2_vox,0.05464120533370902,0.0519521455204639,EBA,1
10,sus,sm_2_vox,0.029834467388827807,0.03375441689126828,EBA,2
10,sus,sm_2_vox,0.05648171508703517,0.06260804595879135,EBA,3
10,er,unsmoothed,0.0290836201632272,0.025980452468156882,EBA,1
10,er,unsmoothed,0.04915583125289187,0.04573033481256696,EBA,2
10,er,unsmoothed,0.043356576696252105,0.042623508014622676,EBA,3
10,er,sm_2_vox,0.08756109278517354,0.08000263411170588,EBA,1
10,er,sm_2_vox,0.09567484227482301,0.09665203749485707,EBA,2
10,er,sm_2_vox,0.12959329588951088,0.14369147730492215,EBA,3
10,miniblock,unsmoothed,0.06252600404361655,0.07284758787808192,EVC,1
10,miniblock,unsmoothed,0.07872675004062976,0.09028763810568086,EVC,2
10,miniblock,unsmoothed,0.05750410487678369,0.07400820280018214,EVC,3
10,miniblock,sm_2_vox,0.11515924189701224,0.15511120882219528,EVC,1
10,miniblock,sm_2_vox,0.16121697608159608,0.19695810589605264,EVC,2
10,miniblock,sm_2_vox,0.18928789992272366,0.21215741699679638,EVC,3
10,sus,unsmoothed,0.03820699463949179,0.061229375106262654,EVC,1
10,sus,unsmoothed,0.059160262548863335,0.08211377977392471,EVC,2
10,sus,unsmoothed,0.05216739054036216,0.07022243464638267,EVC,3
10,sus,sm_2_vox,0.11494840209422909,0.1830426534619124,EVC,1
10,sus,sm_2_vox,0.19973593630926495,0.2241410560165524,EVC,2
10,sus,sm_2_vox,0.14524348547177046,0.18620689098993312,EVC,3
10,er,unsmoothed,-0.002837194421162457,-0.0038618047112969943,EVC,1
10,er,unsmoothed,0.03798757903784038,0.03584955240360334,EVC,2
10,er,unsmoothed,0.02549267934407681,0.02541719560818602,EVC,3
10,er,sm_2_vox,0.05576632844636047,0.0618574575416773,EVC,1
10,er,sm_2_vox,0.06819976419332194,0.0706455903462573,EVC,2
10,er,sm_2_vox,0.05410210819612184,0.049893073535872086,EVC,3
11,miniblock,unsmoothed,0.028859833410854907,0.044313206471555705,visually_responsive_voxels,1
11,miniblock,unsmoothed,0.03005487950434607,0.03759335565463442,visually_responsive_voxels,2
11,miniblock,unsmoothed,0.03024834140190387,0.037488414424541636,visually_responsive_voxels,3
11,miniblock,sm_2_vox,0.06916382938379106,0.10199382843001585,visually_responsive_voxels,1
11,miniblock,sm_2_vox,0.05949882736964286,0.07274955068916876,visually_responsive_voxels,2
11,miniblock,sm_2_vox,0.0570968868809969,0.07962227043636287,visually_responsive_voxels,3
11,sus,unsmoothed,0.08000251160504152,0.08922464999143387,visually_responsive_voxels,1
11,sus,unsmoothed,0.03572588151730666,0.04115514261872319,visually_responsive_voxels,2
11,sus,unsmoothed,0.04057627188162066,0.04450653798496182,visually_responsive_voxels,3
11,sus,sm_2_vox,0.10088963830206366,0.1325012185636448,visually_responsive_voxels,1
11,sus,sm_2_vox,0.06417553387090226,0.08121087182086598,visually_responsive_voxels,2
11,sus,sm_2_vox,0.07686848947442469,0.09284937348164268,visually_responsive_voxels,3
11,er,unsmoothed,0.026034216939915228,0.029130695452239886,visually_responsive_voxels,1
11,er,unsmoothed,0.01333812366465724,0.01052947614777023,visually_responsive_voxels,2
11,er,unsmoothed,0.030435596519782462,0.030695069892351688,visually_responsive_voxels,3
11,er,sm_2_vox,0.06924075065970596,0.0798283765355584,visually_responsive_voxels,1
11,er,sm_2_vox,0.04349632331862174,0.038041678065759026,visually_responsive_voxels,2
11,er,sm_2_vox,0.03968612113212147,0.04984797857371229,visually_responsive_voxels,3
11,miniblock,unsmoothed,0.1367475952769856,0.17949647847326455,FFA,1
11,miniblock,unsmoothed,0.08725127744829997,0.1358158300982607,FFA,2
11,miniblock,unsmoothed,0.12865485119322834,0.1696292813604395,FFA,3
11,miniblock,sm_2_vox,0.5534912155877979,0.48579453929087957,FFA,1
11,miniblock,sm_2_vox,0.3936878854865582,0.36714994482397756,FFA,2
11,miniblock,sm_2_vox,0.43392808996715837,0.400445010419106,FFA,3
11,sus,unsmoothed,0.15232599011681722,0.19603728283415947,FFA,1
11,sus,unsmoothed,0.09621678606460733,0.10267606451477967,FFA,2
11,sus,unsmoothed,0.12121154320693191,0.12787496574458088,FFA,3
11,sus,sm_2_vox,0.5104031830050483,0.48594244485732596,FFA,1
11,sus,sm_2_vox,0.424736357447014,0.393819194210398,FFA,2
11,sus,sm_2_vox,0.4777996562459536,0.4408917050641149,FFA,3
11,er,unsmoothed,0.055721381904049086,0.07325484052779638,FFA,1
11,er,unsmoothed,0.045908133263466974,0.04876940618850276,FFA,2
11,er,unsmoothed,0.06541774574239377,0.08847051641739956,FFA,3
11,er,sm_2_vox,0.2135094547277499,0.2168848303606098,FFA,1
11,er,sm_2_vox,0.17955254284066166,0.15678496890442406,FFA,2
11,er,sm_2_vox,0.2401119049958273,0.25339917802551654,FFA,3
11,miniblock,unsmoothed,0.044422047312082893,0.053782317933519834,PPA,1
11,miniblock,unsmoothed,0.04590822956951271,0.052253306496690896,PPA,2
11,miniblock,unsmoothed,0.07748072067335121,0.0756454709815684,PPA,3
11,miniblock,sm_2_vox,0.10110342138022119,0.11881372920588147,PPA,1
11,miniblock,sm_2_vox,0.16653133706080436,0.1682081251337343,PPA,2
11,miniblock,sm_2_vox,0.2683423929089623,0.25109426850218014,PPA,3
11,sus,unsmoothed,0.052779337116116896,0.05153171907690001,PPA,1
11,sus,unsmoothed,0.023475977884063387,0.015985205009869666,PPA,2
11,sus,unsmoothed,0.036543941266534014,0.04015118522846356,PPA,3
11,sus,sm_2_vox,0.14875859770075422,0.16242483817437767,PPA,1
11,sus,sm_2_vox,0.002088752216557282,0.017264319447889937,PPA,2
11,sus,sm_2_vox,0.10010457448913063,0.11270603152267515,PPA,3
11,er,unsmoothed,0.012591160696884278,0.02232840544670905,PPA,1
11,er,unsmoothed,0.019180240633324144,0.021358957140646954,PPA,2
11,er,unsmoothed,0.0362005705313505,0.032262368772245635,PPA,3
11,er,sm_2_vox,0.09767192277823772,0.08164434967714121,PPA,1
11,er,sm_2_vox,0.07009643811687226,0.07184177019293368,PPA,2
11,er,sm_2_vox,0.1488158266941047,0.1332600992297295,PPA,3
11,miniblock,unsmoothed,0.08282755228973838,0.09829534245879315,EBA,1
11,miniblock,unsmoothed,0.06423826970004937,0.07178982105867367,EBA,2
11,miniblock,unsmoothed,0.05062328945542785,0.06972303140743234,EBA,3
11,miniblock,sm_2_vox,0.19067760575256015,0.21144049086354538,EBA,1
11,miniblock,sm_2_vox,0.1456948665566929,0.1479608728712937,EBA,2
11,miniblock,sm_2_vox,0.13741184199709,0.151882393493251,EBA,3
11,sus,unsmoothed,0.12478103068749014,0.1441508149627135,EBA,1
11,sus,unsmoothed,0.08165520468380832,0.08330681751837879,EBA,2
11,sus,unsmoothed,0.08627016096679056,0.0954749779859233,EBA,3
11,sus,sm_2_vox,0.24756423621489343,0.27120239780908584,EBA,1
11,sus,sm_2_vox,0.14100610338216027,0.17808216561827384,EBA,2
11,sus,sm_2_vox,0.16714781016369262,0.18599247393433757,EBA,3
11,er,unsmoothed,0.052930599461802126,0.05409114303004368,EBA,1
11,er,unsmoothed,0.001888331908432829,0.006079023421294158,EBA,2
11,er,unsmoothed,0.0463339915822235,0.04516169522893956,EBA,3
11,er,sm_2_vox,0.13486486806429154,0.13459626893530263,EBA,1
11,er,sm_2_vox,0.037780383355390114,0.03680150097303565,EBA,2
11,er,sm_2_vox,0.07351683920990446,0.08270208844006816,EBA,3
11,miniblock,unsmoothed,0.09781582647698797,0.12733573270552334,EVC,1
11,miniblock,unsmoothed,0.06651913409510117,0.07803878243686628,EVC,2
11,miniblock,unsmoothed,0.06644646986999217,0.08234212198151837,EVC,3
11,miniblock,sm_2_vox,0.20185027500637343,0.2439766560911206,EVC,1
11,miniblock,sm_2_vox,0.11452336077981126,0.11867895713876152,EVC,2
11,miniblock,sm_2_vox,0.14697225711034695,0.16306156913949077,EVC,3
11,sus,unsmoothed,0.13722096110394855,0.15287331039422986,EVC,1
11,sus,unsmoothed,0.09598414317649481,0.10145552166901305,EVC,2
11,sus,unsmoothed,0.08846655041639176,0.09633614436713463,EVC,3
11,sus,sm_2_vox,0.19933149164928782,0.22245496615062457,EVC,1
11,sus,sm_2_vox,0.12461953612883887,0.15162082912691704,EVC,2
11,sus,sm_2_vox,0.14784656633633286,0.17334847961627697,EVC,3
11,er,unsmoothed,0.0593319794434021,0.06586854501285751,EVC,1
11,er,unsmoothed,0.03838590421587942,0.03611334390906515,EVC,2
11,er,unsmoothed,0.06598521250355882,0.07113628714170286,EVC,3
11,er,sm_2_vox,0.1593525936712729,0.17861273928135793,EVC,1
11,er,sm_2_vox,0.09795914812993363,0.09117036755392535,EVC,2
11,er,sm_2_vox,0.11100254311924548,0.12195059190281689,EVC,3
12,miniblock,unsmoothed,0.04839623662628763,0.06062662716020207,visually_responsive_voxels,1
12,miniblock,unsmoothed,0.031122069539592713,0.041390338793437224,visually_responsive_voxels,2
12,miniblock,unsmoothed,0.023424846277299717,0.035029272999335566,visually_responsive_voxels,3
12,miniblock,sm_2_vox,0.0916010443828854,0.11835498648370224,visually_responsive_voxels,1
12,miniblock,sm_2_vox,0.055808030561707314,0.08085651683517366,visually_responsive_voxels,2
12,miniblock,sm_2_vox,0.08854658680214743,0.1099749581564065,visually_responsive_voxels,3
12,sus,unsmoothed,0.03622140266954403,0.04864155965649687,visually_responsive_voxels,1
12,sus,unsmoothed,0.07189506641892571,0.0815395569234357,visually_responsive_voxels,2
12,sus,unsmoothed,0.03699221830662152,0.0460338739295447,visually_responsive_voxels,3
12,sus,sm_2_vox,0.05844087206312076,0.09018147084078902,visually_responsive_voxels,1
12,sus,sm_2_vox,0.1111534593480985,0.1351841895078835,visually_responsive_voxels,2
12,sus,sm_2_vox,0.06882885155524054,0.09096460373327132,visually_responsive_voxels,3
12,er,unsmoothed,0.012650242603948281,0.014631207988091782,visually_responsive_voxels,1
12,er,unsmoothed,0.008678618229765069,0.009237276696777886,visually_responsive_voxels,2
12,er,unsmoothed,0.01944665618894953,0.01953724478289329,visually_responsive_voxels,3
12,er,sm_2_vox,0.0004910698845934707,0.01317088552208103,visually_responsive_voxels,1
12,er,sm_2_vox,0.04246179914540234,0.0435155328022496,visually_responsive_voxels,2
12,er,sm_2_vox,0.036586288777468834,0.04311689279051913,visually_responsive_voxels,3
12,miniblock,unsmoothed,0.19337009565585506,0.21818189667480425,FFA,1
12,miniblock,unsmoothed,0.21920260764963911,0.23066366769419833,FFA,2
12,miniblock,unsmoothed,0.1890134272115895,0.20140790964830022,FFA,3
12,miniblock,sm_2_vox,0.4696005110216972,0.44318090255362746,FFA,1
12,miniblock,sm_2_vox,0.5056318421390886,0.46333821960475274,FFA,2
12,miniblock,sm_2_vox,0.4488295001526783,0.42369891760439554,FFA,3
12,sus,unsmoothed,0.15269682096801346,0.17994317367064125,FFA,1
12,sus,unsmoothed,0.21134341256232914,0.24413098233001215,FFA,2
12,sus,unsmoothed,0.17653806732338215,0.20273461748675745,FFA,3
12,sus,sm_2_vox,0.45353000623749135,0.41730173517110714,FFA,1
12,sus,sm_2_vox,0.5614299345801455,0.5035653683017494,FFA,2
12,sus,sm_2_vox,0.5117844952482437,0.46920042644349175,FFA,3
12,er,unsmoothed,0.10677703300295299,0.11085868869483476,FFA,1
12,er,unsmoothed,0.07364192234624703,0.06810681862877455,FFA,2
12,er,unsmoothed,0.08907985032297272,0.09346157821197455,FFA,3
12,er,sm_2_vox,0.27810229212664556,0.2747459777226354,FFA,1
12,er,sm_2_vox,0.1921958619106611,0.19163579048768867,FFA,2
12,er,sm_2_vox,0.2815111807665858,0.2577891061073332,FFA,3
12,miniblock,unsmoothed,0.0878482889465299,0.09468370056999152,PPA,1
12,miniblock,unsmoothed,0.07715206468613657,0.08111065569667147,PPA,2
12,miniblock,unsmoothed,0.09139303018082184,0.10815979514420813,PPA,3
12,miniblock,sm_2_vox,0.25885096316999434,0.25492398992709503,PPA,1
12,miniblock,sm_2_vox,0.18178381643930452,0.18094971863519968,PPA,2
12,miniblock,sm_2_vox,0.2196384039067107,0.22135107838656692,PPA,3
12,sus,unsmoothed,0.06915659551692521,0.0704646469570002,PPA,1
12,sus,unsmoothed,0.0995783888657015,0.09083738731220659,PPA,2
12,sus,unsmoothed,0.02284455578055828,0.03154629773142454,PPA,3
12,sus,sm_2_vox,0.1926397052405426,0.1970177239461944,PPA,1
12,sus,sm_2_vox,0.21549481473740534,0.2192007379084759,PPA,2
12,sus,sm_2_vox,0.1630700736576327,0.16723248396247195,PPA,3
12,er,unsmoothed,0.045257036596772146,0.042802644177561716,PPA,1
12,er,unsmoothed,0.046540733092903755,0.04286398723416633,PPA,2
12,er,unsmoothed,0.03460657117948095,0.03305356865725095,PPA,3
12,er,sm_2_vox,0.12330291424485709,0.11467910212567343,PPA,1
12,er,sm_2_vox,0.18471288109504813,0.17554494011610425,PPA,2
12,er,sm_2_vox,0.10203420986666048,0.09901458025414087,PPA,3
12,miniblock,unsmoothed,0.12107611733010107,0.13893085865362362,EBA,1
12,miniblock,unsmoothed,0.09368992037596682,0.10533166199325962,EBA,2
12,miniblock,unsmoothed,0.08008073303906901,0.09513744090984738,EBA,3
12,miniblock,sm_2_vox,0.25330110242770365,0.2777850562298617,EBA,1
12,miniblock,sm_2_vox,0.23601488715929825,0.24274597334401204,EBA,2
12,miniblock,sm_2_vox,0.24047331235948927,0.25880398505678504,EBA,3
12,sus,unsmoothed,0.09111635723168536,0.10859388860924452,EBA,1
12,sus,unsmoothed,0.13017080567689093,0.14594579956888892,EBA,2
12,sus,unsmoothed,0.07442868624102286,0.09748054479524984,EBA,3
12,sus,sm_2_vox,0.20371676990079524,0.2239959625448528,EBA,1
12,sus,sm_2_vox,0.262886985269959,0.28635270511701594,EBA,2
12,sus,sm_2_vox,0.18401198215630515,0.22668054551761072,EBA,3
12,er,unsmoothed,0.03804741638785812,0.03351845930472789,EBA,1
12,er,unsmoothed,0.02422412769143128,0.02542812980326424,EBA,2
12,er,unsmoothed,0.045754892894151376,0.04323389553165871,EBA,3
12,er,sm_2_vox,0.0843997402657916,0.09572181510702707,EBA,1
12,er,sm_2_vox,0.07096872445973322,0.08337030161668367,EBA,2
12,er,sm_2_vox,0.08400403920454394,0.09011963038383661,EBA,3
12,miniblock,unsmoothed,0.11082388172662079,0.1305575817179792,EVC,1
12,miniblock,unsmoothed,0.061289074973789694,0.08094785376611215,EVC,2
12,miniblock,unsmoothed,0.08605702854964531,0.09949901889290694,EVC,3
12,miniblock,sm_2_vox,0.252196979703284,0.2784275716109602,EVC,1
12,miniblock,sm_2_vox,0.1482747368876024,0.16466964525233796,EVC,2
12,miniblock,sm_2_vox,0.23322911628726586,0.2405930026320843,EVC,3
12,sus,unsmoothed,0.10692848197331836,0.13132206346921554,EVC,1
12,sus,unsmoothed,0.11275563505800447,0.12691301694950957,EVC,2
12,sus,unsmoothed,0.08386428919874725,0.09959851670309265,EVC,3
12,sus,sm_2_vox,0.20948472434730916,0.252075264001046,EVC,1
12,sus,sm_2_vox,0.1701661503217991,0.19121621152231524,EVC,2
12,sus,sm_2_vox,0.16285251825534247,0.18205783509985618,EVC,3
12,er,unsmoothed,0.04689398637464079,0.04752899781680972,EVC,1
12,er,unsmoothed,0.016540163772584684,0.01865175311808853,EVC,2
12,er,unsmoothed,0.01231073951499561,0.012638698919201982,EVC,3
12,er,sm_2_vox,0.06275883806822913,0.06884621493278766,EVC,1
12,er,sm_2_vox,0.072962440622861,0.07418565417352274,EVC,2
12,er,sm_2_vox,0.06171073580116151,0.06805049513685633,EVC,3
13,miniblock,unsmoothed,0.015385061635246555,0.018577775389596637,visually_responsive_voxels,1
13,miniblock,unsmoothed,-0.006354113104568524,-0.000824269353844251,visually_responsive_voxels,2
13,miniblock,unsmoothed,0.00936337888970851,0.010154313413514549,visually_responsive_voxels,3
13,miniblock,sm_2_vox,0.06915697177275348,0.07566505854816209,visually_responsive_voxels,1
13,miniblock,sm_2_vox,0.03336699497561493,0.044530166929882,visually_responsive_voxels,2
13,miniblock,sm_2_vox,0.06865165963799419,0.07176708472870498,visually_responsive_voxels,3
13,sus,unsmoothed,0.0017172376403388236,0.0021861201769984915,visually_responsive_voxels,1
13,sus,unsmoothed,-0.013601357379069014,-0.015605473241521584,visually_responsive_voxels,2
13,sus,unsmoothed,-0.026108729542687403,-0.02558063839050594,visually_responsive_voxels,3
13,sus,sm_2_vox,0.025997183824791083,0.027379520095744195,visually_responsive_voxels,1
13,sus,sm_2_vox,0.0014994735207909393,0.005826665170559518,visually_responsive_voxels,2
13,sus,sm_2_vox,0.003794148718540998,0.006628409848900678,visually_responsive_voxels,3
13,er,unsmoothed,0.01484257062026062,0.016265854782456006,visually_responsive_voxels,1
13,er,unsmoothed,-0.005301788587712622,-0.007078947435129461,visually_responsive_voxels,2
13,er,unsmoothed,0.0150001479185364,0.015120135670893814,visually_responsive_voxels,3
13,er,sm_2_vox,0.029395806038564967,0.031221761777330884,visually_responsive_voxels,1
13,er,sm_2_vox,0.000807166598465265,-0.00042019555548417103,visually_responsive_voxels,2
13,er,sm_2_vox,0.030146453997435416,0.031570005125706214,visually_responsive_voxels,3
13,miniblock,unsmoothed,0.07814294327592788,0.08771118898586301,FFA,1
13,miniblock,unsmoothed,0.031669997551176686,0.0364409154341664,FFA,2
13,miniblock,unsmoothed,0.06371097787377528,0.05189126676113176,FFA,3
13,miniblock,sm_2_vox,0.3126199195688746,0.30106461636735227,FFA,1
13,miniblock,sm_2_vox,0.2899001907938701,0.2810333704633924,FFA,2
13,miniblock,sm_2_vox,0.31208539170703686,0.30443414412375197,FFA,3
13,sus,unsmoothed,0.028404106015791578,0.037562499026337896,FFA,1
13,sus,unsmoothed,0.06286152402884637,0.056578855475701365,FFA,2
13,sus,unsmoothed,0.045135787487230045,0.04436900005945677,FFA,3
13,sus,sm_2_vox,0.2641458623749999,0.24379393096848398,FFA,1
13,sus,sm_2_vox,0.20565365987631087,0.19786003268960614,FFA,2
13,sus,sm_2_vox,0.19609146717370962,0.20682684575997065,FFA,3
13,er,unsmoothed,0.10439248443288483,0.11098638536492667,FFA,1
13,er,unsmoothed,0.07763056748135522,0.0714641134316175,FFA,2
13,er,unsmoothed,0.05377322272105965,0.05015628156164578,FFA,3
13,er,sm_2_vox,0.27034201678795117,0.26451198206223964,FFA,1
13,er,sm_2_vox,0.2021152903521135,0.19845686179667624,FFA,2
13,er,sm_2_vox,0.18817320660285303,0.18940052267382668,FFA,3
13,miniblock,unsmoothed,0.05110854166978046,0.05751595097381851,PPA,1
13,miniblock,unsmoothed,0.03769845568664787,0.030245437401187156,PPA,2
13,miniblock,unsmoothed,0.026827210825393973,0.029068648026317992,PPA,3
13,miniblock,sm_2_vox,0.21558619542817736,0.20013047827181354,PPA,1
13,miniblock,sm_2_vox,0.1375655807645837,0.12602035408347775,PPA,2
13,miniblock,sm_2_vox,0.2043177158441284,0.184021374277928,PPA,3
13,sus,unsmoothed,-0.0023686398841702705,0.0021731014466642965,PPA,1
13,sus,unsmoothed,0.0020768252356777282,-0.0039739123180128795,PPA,2
13,sus,unsmoothed,0.01093014491882726,0.012913169460233487,PPA,3
13,sus,sm_2_vox,0.13835587926869514,0.128938199083481,PPA,1
13,sus,sm_2_vox,0.0760499083745937,0.07612863460546909,PPA,2
13,sus,sm_2_vox,0.1389415026859253,0.1257105384922527,PPA,3
13,er,unsmoothed,0.02148642860628196,0.023629907634266586,PPA,1
13,er,unsmoothed,0.025581963899283668,0.022282705913965348,PPA,2
13,er,unsmoothed,0.04006360449465548,0.0304434327281427,PPA,3
13,er,sm_2_vox,0.0396211276021613,0.046518449431236245,PPA,1
13,er,sm_2_vox,0.031229862773257587,0.0396255695447727,PPA,2
13,er,sm_2_vox,0.11467722294988322,0.10928992073590584,PPA,3
13,miniblock,unsmoothed,0.06950974421444903,0.07503400652705093,EBA,1
13,miniblock,unsmoothed,0.04453615518615088,0.03898817465234478,EBA,2
13,miniblock,unsmoothed,-0.010966146616889706,0.004863336539635925,EBA,3
13,miniblock,sm_2_vox,0.22436768122368794,0.2151353744390807,EBA,1
13,miniblock,sm_2_vox,0.15440694801633403,0.15304094903299928,EBA,2
13,miniblock,sm_2_vox,0.18365837389878806,0.1580780795554341,EBA,3
13,sus,unsmoothed,0.023114874566528595,0.026355923213681867,EBA,1
13,sus,unsmoothed,0.019526966769272035,0.022716916084698797,EBA,2
13,sus,unsmoothed,0.0024282454607428604,0.006389665507904218,EBA,3
13,sus,sm_2_vox,0.07949639316913157,0.08431472144001509,EBA,1
13,sus,sm_2_vox,0.11302463487198286,0.10890745966908033,EBA,2
13,sus,sm_2_vox,0.14380859181103192,0.1386649194549382,EBA,3
13,er,unsmoothed,0.0602981800873774,0.059719344834282345,EBA,1
13,er,unsmoothed,0.006836998912530957,-0.0016571284305216172,EBA,2
13,er,unsmoothed,0.041439071196217606,0.041248429531161396,EBA,3
13,er,sm_2_vox,0.13768484573414957,0.13911409746396725,EBA,1
13,er,sm_2_vox,0.0010866967666441109,0.00031763823963593726,EBA,2
13,er,sm_2_vox,0.11245355557990544,0.09835715387727811,EBA,3
13,miniblock,unsmoothed,0.015448868108166381,0.02364772869709336,EVC,1
13,miniblock,unsmoothed,0.011553655060204324,0.0215543223493573,EVC,2
13,miniblock,unsmoothed,0.029880119723697328,0.02948314476188685,EVC,3
13,miniblock,sm_2_vox,0.07671935236663985,0.09388678779534773,EVC,1
13,miniblock,sm_2_vox,0.10012288660341856,0.10866672096850134,EVC,2
13,miniblock,sm_2_vox,0.12691523404397442,0.13738218581924205,EVC,3
13,sus,unsmoothed,0.02925312467641488,0.02745703504717396,EVC,1
13,sus,unsmoothed,-0.025436223307414893,-0.0286383428360906,EVC,2
13,sus,unsmoothed,-0.030388629643001118,-0.025776400238054498,EVC,3
13,sus,sm_2_vox,0.07106573608542799,0.06165991074868013,EVC,1
13,sus,sm_2_vox,0.00818924750495189,0.013252245114502233,EVC,2
13,sus,sm_2_vox,0.010407549768341285,0.004753509414264672,EVC,3
13,er,unsmoothed,0.03184282901814975,0.03193853901251399,EVC,1
13,er,unsmoothed,0.004468243889103088,0.00406021651492075,EVC,2
13,er,unsmoothed,0.03280536575934065,0.033881247889981335,EVC,3
13,er,sm_2_vox,0.07336095219021052,0.07100946616893354,EVC,1
13,er,sm_2_vox,0.04361653550492093,0.04247936742379108,EVC,2
13,er,sm_2_vox,0.05835290994983483,0.062312852812401114,EVC,3
14,miniblock,unsmoothed,0.06518839119069225,0.06864655472626263,visually_responsive_voxels,1
14,miniblock,unsmoothed,0.033857757020946844,0.040927913592561836,visually_responsive_voxels,2
14,miniblock,unsmoothed,0.06837498609722614,0.07144984015286769,visually_responsive_voxels,3
14,miniblock,sm_2_vox,0.09986702460030941,0.13042602460271704,visually_responsive_voxels,1
14,miniblock,sm_2_vox,0.0508316218101007,0.07550093702796798,visually_responsive_voxels,2
14,miniblock,sm_2_vox,0.08016094700850186,0.09865023315668646,visually_responsive_voxels,3
14,sus,unsmoothed,0.022253319619807126,0.021657577592314053,visually_responsive_voxels,1
14,sus,unsmoothed,0.045728837282494994,0.04950866378821952,visually_responsive_voxels,2
14,sus,unsmoothed,0.025114841389190873,0.024500836418037325,visually_responsive_voxels,3
14,sus,sm_2_vox,0.017314455729975614,0.017298497917053835,visually_responsive_voxels,1
14,sus,sm_2_vox,0.052334527164950476,0.0568374885737463,visually_responsive_voxels,2
14,sus,sm_2_vox,0.07031297412105697,0.06522187974645054,visually_responsive_voxels,3
14,er,unsmoothed,0.02406389635331037,0.023277048507752578,visually_responsive_voxels,1
14,er,unsmoothed,0.032435670185955806,0.03058594375800282,visually_responsive_voxels,2
14,er,unsmoothed,0.012576236270177399,0.01053389500131412,visually_responsive_voxels,3
14,er,sm_2_vox,0.03528485570772534,0.03887764710258977,visually_responsive_voxels,1
14,er,sm_2_vox,0.06187910264853848,0.06086805590745361,visually_responsive_voxels,2
14,er,sm_2_vox,0.0051966826249483615,0.004653242118395533,visually_responsive_voxels,3
14,miniblock,unsmoothed,0.09525161650857257,0.1077105937779469,FFA,1
14,miniblock,unsmoothed,0.09845002256520131,0.10476321147120932,FFA,2
14,miniblock,unsmoothed,0.12673014386775588,0.13983706526519146,FFA,3
14,miniblock,sm_2_vox,0.25776905889625457,0.27601037522474087,FFA,1
14,miniblock,sm_2_vox,0.2386779035403055,0.25209364795037786,FFA,2
14,miniblock,sm_2_vox,0.2505973440006132,0.27502430379204396,FFA,3
14,sus,unsmoothed,0.07620759837773138,0.07516283091693922,FFA,1
14,sus,unsmoothed,0.11160956777940666,0.12246252185904179,FFA,2
14,sus,unsmoothed,0.07282583280191077,0.0733997453668809,FFA,3
14,sus,sm_2_vox,0.0938281070212729,0.10781888273279557,FFA,1
14,sus,sm_2_vox,0.13301091818263944,0.13117545337794767,FFA,2
14,sus,sm_2_vox,0.18388077104979328,0.1798792251848425,FFA,3
14,er,unsmoothed,0.07613646742342108,0.0692338869275738,FFA,1
14,er,unsmoothed,0.04281184893266622,0.04498120322106024,FFA,2
14,er,unsmoothed,0.04483850499626118,0.05391194247412078,FFA,3
14,er,sm_2_vox,0.22157376633522463,0.21142618510877836,FFA,1
14,er,sm_2_vox,0.1630895728324944,0.1653955582085723,FFA,2
14,er,sm_2_vox,0.21466972188453232,0.21232904556159118,FFA,3
14,miniblock,unsmoothed,0.062268680443309105,0.07351664881230831,PPA,1
14,miniblock,unsmoothed,0.019671088414773746,0.020369206470544816,PPA,2
14,miniblock,unsmoothed,0.07266913843594969,0.0725736239655956,PPA,3
14,miniblock,sm_2_vox,0.23157750577149383,0.22817307122275474,PPA,1
14,miniblock,sm_2_vox,0.12775505419827077,0.13153087236079403,PPA,2
14,miniblock,sm_2_vox,0.17641434928126198,0.16307075599011386,PPA,3
14,sus,unsmoothed,0.041314144257340854,0.04164527709913697,PPA,1
14,sus,unsmoothed,0.0651902964543585,0.0649466900384011,PPA,2
14,sus,unsmoothed,0.03189533432185469,0.03307750482622597,PPA,3
14,sus,sm_2_vox,0.006576700013722471,0.011831044108576176,PPA,1
14,sus,sm_2_vox,0.08175095137827026,0.09464155658510283,PPA,2
14,sus,sm_2_vox,0.06521306465566079,0.06596024750854,PPA,3
14,er,unsmoothed,0.03705772406969772,0.03148182333539074,PPA,1
14,er,unsmoothed,0.008880025763358607,0.01097240915625167,PPA,2
14,er,unsmoothed,0.031068585559540847,0.03114607114503752,PPA,3
14,er,sm_2_vox,0.11860393643454223,0.1196303088995546,PPA,1
14,er,sm_2_vox,0.07074154824291917,0.06816016116846181,PPA,2
14,er,sm_2_vox,0.031206587488501483,0.02848533231025429,PPA,3
14,miniblock,unsmoothed,0.07537168726184423,0.0829877466263207,EBA,1
14,miniblock,unsmoothed,0.08245690233468636,0.09431964952298665,EBA,2
14,miniblock,unsmoothed,0.08526495770714154,0.08831325893732862,EBA,3
14,miniblock,sm_2_vox,0.166432688743871,0.19520945631942732,EBA,1
14,miniblock,sm_2_vox,0.16493497487785352,0.19609295062176707,EBA,2
14,miniblock,sm_2_vox,0.16117287567484,0.1793749865664646,EBA,3
14,sus,unsmoothed,0.06324458916499873,0.062454488758550926,EBA,1
14,sus,unsmoothed,0.05647645771533204,0.060029161709024115,EBA,2
14,sus,unsmoothed,0.03860991933278267,0.03763104444392522,EBA,3
14,sus,sm_2_vox,0.11105187407058897,0.1048534609905928,EBA,1
14,sus,sm_2_vox,0.040404156344978494,0.05163528799532595,EBA,2
14,sus,sm_2_vox,0.11933590119635301,0.10743502724347603,EBA,3
14,er,unsmoothed,0.05108814312410701,0.04536226333213117,EBA,1
14,er,unsmoothed,0.03961916433097226,0.03486962397385195,EBA,2
14,er,unsmoothed,-0.02074560210777301,-0.020765709687438523,EBA,3
14,er,sm_2_vox,0.07357217363094092,0.09118719112851703,EBA,1
14,er,sm_2_vox,0.08968613251643384,0.08955594767418124,EBA,2
14,er,sm_2_vox,0.007207402402533942,0.012399002553578894,EBA,3
14,miniblock,unsmoothed,0.0886219520918938,0.09518741415008068,EVC,1
14,miniblock,unsmoothed,0.08062953843631263,0.0906212929824445,EVC,2
14,miniblock,unsmoothed,0.09808596344284348,0.09629179590747254,EVC,3
14,miniblock,sm_2_vox,0.23159839091280404,0.2391560678023133,EVC,1
14,miniblock,sm_2_vox,0.15105871267723345,0.1688327895845298,EVC,2
14,miniblock,sm_2_vox,0.1960161488244172,0.19719114105946223,EVC,3
14,sus,unsmoothed,0.04854144188878791,0.04328296151099486,EVC,1
14,sus,unsmoothed,0.08121755721211527,0.08569240813761306,EVC,2
14,sus,unsmoothed,0.04887765801553902,0.048525592657814,EVC,3
14,sus,sm_2_vox,0.07775199894062554,0.07152541416544424,EVC,1
14,sus,sm_2_vox,0.12091968548520046,0.1164825009067737,EVC,2
14,sus,sm_2_vox,0.10485381432959251,0.09738240968167064,EVC,3
14,er,unsmoothed,0.03079915701226916,0.026968689038374703,EVC,1
14,er,unsmoothed,0.03761697932448519,0.036258985371305306,EVC,2
14,er,unsmoothed,0.019406062464956884,0.01628867050036035,EVC,3
14,er,sm_2_vox,0.05348019518541809,0.050550550750077666,EVC,1
14,er,sm_2_vox,0.09251371017890717,0.09006745134657737,EVC,2
14,er,sm_2_vox,0.018309935557487896,0.015265157836190783,EVC,3
15,miniblock,unsmoothed,0.04229154152595909,0.05698389346278757,visually_responsive_voxels,1
15,miniblock,unsmoothed,0.010028407954822217,0.027632454842527604,visually_responsive_voxels,2
15,miniblock,unsmoothed,0.03531922512117566,0.054407948842743366,visually_responsive_voxels,3
15,miniblock,sm_2_vox,0.09265445871444664,0.1349798303085076,visually_responsive_voxels,1
15,miniblock,sm_2_vox,0.07530005454439423,0.11329857062211675,visually_responsive_voxels,2
15,miniblock,sm_2_vox,0.0837232333278273,0.13205342871689282,visually_responsive_voxels,3
15,sus,unsmoothed,0.04950647904818782,0.05973379013240295,visually_responsive_voxels,1
15,sus,unsmoothed,0.013487777580778203,0.03161219688187231,visually_responsive_voxels,2
15,sus,unsmoothed,0.019538514750542902,0.03467457397488844,visually_responsive_voxels,3
15,sus,sm_2_vox,0.08344494260072721,0.11857114142653122,visually_responsive_voxels,1
15,sus,sm_2_vox,0.07365124887881169,0.1057519766090851,visually_responsive_voxels,2
15,sus,sm_2_vox,0.06883160071189606,0.10656254169038203,visually_responsive_voxels,3
15,er,unsmoothed,0.010893266979126202,0.010608583940426823,visually_responsive_voxels,1
15,er,unsmoothed,0.019183067296488332,0.019255682109422165,visually_responsive_voxels,2
15,er,unsmoothed,0.028929412407549315,0.029185169645681828,visually_responsive_voxels,3
15,er,sm_2_vox,0.014580582213911276,0.02056576977311093,visually_responsive_voxels,1
15,er,sm_2_vox,0.05111470383476298,0.05058297137050964,visually_responsive_voxels,2
15,er,sm_2_vox,0.022660058734293304,0.028626727835511293,visually_responsive_voxels,3
15,miniblock,unsmoothed,0.22687769902280752,0.24032239916272208,FFA,1
15,miniblock,unsmoothed,0.1782440437100787,0.1976395006122037,FFA,2
15,miniblock,unsmoothed,0.21055624785256452,0.20252116256332942,FFA,3
15,miniblock,sm_2_vox,0.5692680553687899,0.5228980073565785,FFA,1
15,miniblock,sm_2_vox,0.5559609371635523,0.5118286059664693,FFA,2
15,miniblock,sm_2_vox,0.5478626367168706,0.48015272037195444,FFA,3
15,sus,unsmoothed,0.1597532987638748,0.18533303993848355,FFA,1
15,sus,unsmoothed,0.13372127998575595,0.16034610233171406,FFA,2
15,sus,unsmoothed,0.11461911418396667,0.13600778355573004,FFA,3
15,sus,sm_2_vox,0.5091883185123692,0.4608333552310946,FFA,1
15,sus,sm_2_vox,0.468462809308327,0.43850581898836366,FFA,2
15,sus,sm_2_vox,0.42859236110486654,0.3978261912344771,FFA,3
15,er,unsmoothed,0.032164044463085704,0.03680040318386878,FFA,1
15,er,unsmoothed,0.07692589032826437,0.06800235997194666,FFA,2
15,er,unsmoothed,0.05094706532692901,0.05557684656627509,FFA,3
15,er,sm_2_vox,0.16643160689841985,0.1774269263828426,FFA,1
15,er,sm_2_vox,0.23071983223664555,0.22501899057973304,FFA,2
15,er,sm_2_vox,0.1352920019500612,0.1291164724674699,FFA,3
15,miniblock,unsmoothed,0.08001426552552816,0.07942851784107545,PPA,1
15,miniblock,unsmoothed,0.04267088481238757,0.04974782556578422,PPA,2
15,miniblock,unsmoothed,0.0441892469729292,0.052015486155837114,PPA,3
15,miniblock,sm_2_vox,0.18918263710007516,0.2027764545809075,PPA,1
15,miniblock,sm_2_vox,0.13435551033714593,0.15028792191069598,PPA,2
15,miniblock,sm_2_vox,0.13706170951239782,0.15173216960198296,PPA,3
15,sus,unsmoothed,0.05173304137946379,0.05943589322691131,PPA,1
15,sus,unsmoothed,0.02479506893792341,0.028619604844417598,PPA,2
15,sus,unsmoothed,0.04192425616084671,0.03740424019758177,PPA,3
15,sus,sm_2_vox,0.16009994665001462,0.17113398466014584,PPA,1
15,sus,sm_2_vox,0.17616343706222576,0.18238369205738864,PPA,2
15,sus,sm_2_vox,0.13951225476107115,0.15017437102298994,PPA,3
15,er,unsmoothed,0.01839626331041363,0.01857349867208185,PPA,1
15,er,unsmoothed,0.0026616900467985177,0.007268475821220142,PPA,2
15,er,unsmoothed,0.03559408002624156,0.035866845803590834,PPA,3
15,er,sm_2_vox,0.05420363913952361,0.06052048854896109,PPA,1
15,er,sm_2_vox,0.07078991626573172,0.0683051851738692,PPA,2
15,er,sm_2_vox,0.08290965410432038,0.08765906311262446,PPA,3
15,miniblock,unsmoothed,0.09007392281173252,0.09704862445138775,EBA,1
15,miniblock,unsmoothed,0.039176751280656036,0.057531563243556384,EBA,2
15,miniblock,unsmoothed,0.05705715384603291,0.06816325253518261,EBA,3
15,miniblock,sm_2_vox,0.22793826992082222,0.25341372997649353,EBA,1
15,miniblock,sm_2_vox,0.19832091998668533,0.22260377840522952,EBA,2
15,miniblock,sm_2_vox,0.1817498805062852,0.20926037781551032,EBA,3
15,sus,unsmoothed,0.049881384857208715,0.06021470874832025,EBA,1
15,sus,unsmoothed,0.0558734522836094,0.058356806062453,EBA,2
15,sus,unsmoothed,0.015218159563494513,0.027234273652367892,EBA,3
15,sus,sm_2_vox,0.12925192732430474,0.151426510036658,EBA,1
15,sus,sm_2_vox,0.2027116357748565,0.209304219705194,EBA,2
15,sus,sm_2_vox,0.09887532126012959,0.11240851082340324,EBA,3
15,er,unsmoothed,0.02862151435738164,0.024310470369854852,EBA,1
15,er,unsmoothed,0.042988839798819234,0.04099862431065763,EBA,2
15,er,unsmoothed,0.042283829778779196,0.04096889165060256,EBA,3
15,er,sm_2_vox,0.03031731273962072,0.03958832026800878,EBA,1
15,er,sm_2_vox,0.10239361287701598,0.10120206224816432,EBA,2
15,er,sm_2_vox,0.05813710640863212,0.06241814092076212,EBA,3
15,miniblock,unsmoothed,0.11498126143678354,0.1504835486613125,EVC,1
15,miniblock,unsmoothed,0.07321603223435082,0.11234326747744923,EVC,2
15,miniblock,unsmoothed,0.09401785825493032,0.13937987936738086,EVC,3
15,miniblock,sm_2_vox,0.23625399407980938,0.29165378872733855,EVC,1
15,miniblock,sm_2_vox,0.21445153219751573,0.2617284042619136,EVC,2
15,miniblock,sm_2_vox,0.2672829522005083,0.3089560687488277,EVC,3
15,sus,unsmoothed,0.10534869818638568,0.1404076990539395,EVC,1
15,sus,unsmoothed,0.10126052570577049,0.14226624941243848,EVC,2
15,sus,unsmoothed,0.08920490820156196,0.13221823081292583,EVC,3
15,sus,sm_2_vox,0.24905487497706064,0.3024705742645536,EVC,1
15,sus,sm_2_vox,0.26927350359712204,0.30278847712136914,EVC,2
15,sus,sm_2_vox,0.27491982444043656,0.3131732474448167,EVC,3
15,er,unsmoothed,0.03709593619403803,0.041938994613464696,EVC,1
15,er,unsmoothed,0.03575536116086682,0.03878612465272352,EVC,2
15,er,unsmoothed,0.0476940287378214,0.05536650829808545,EVC,3
15,er,sm_2_vox,0.08560388362533175,0.10503369396650712,EVC,1
15,er,sm_2_vox,0.0827732532818332,0.08613773099230064,EVC,2
15,er,sm_2_vox,0.1144456504565694,0.13176701501002425,EVC,3
17,miniblock,unsmoothed,0.046594787391639726,0.05217864543722558,visually_responsive_voxels,1
17,miniblock,unsmoothed,-0.005632474781495284,-0.0018865629128136283,visually_responsive_voxels,2
17,miniblock,unsmoothed,0.02248642046748378,0.02248890649425774,visually_responsive_voxels,3
17,miniblock,sm_2_vox,0.07215620517326857,0.0980915592565945,visually_responsive_voxels,1
17,miniblock,sm_2_vox,-0.025031463159021647,-0.0032615956641568406,visually_responsive_voxels,2
17,miniblock,sm_2_vox,0.05594874392109021,0.06972989738594138,visually_responsive_voxels,3
17,sus,unsmoothed,0.023813150005247592,0.02272253200054342,visually_responsive_voxels,1
17,sus,unsmoothed,0.02000676036053873,0.021785867470282556,visually_responsive_voxels,2
17,sus,unsmoothed,0.008001556278623667,0.007621605793033783,visually_responsive_voxels,3
17,sus,sm_2_vox,0.041894026295390734,0.037247265250178636,visually_responsive_voxels,1
17,sus,sm_2_vox,0.02698144765031882,0.03685867968138183,visually_responsive_voxels,2
17,sus,sm_2_vox,-0.011707234128188668,-0.007295190319794605,visually_responsive_voxels,3
17,er,unsmoothed,-0.0001393553453174247,0.000205923117886242,visually_responsive_voxels,1
17,er,unsmoothed,0.014164128748954147,0.013917034030416773,visually_responsive_voxels,2
17,er,unsmoothed,-0.012752628445517535,-0.012694645846194378,visually_responsive_voxels,3
17,er,sm_2_vox,0.0015369195340244855,0.004641793884299243,visually_responsive_voxels,1
17,er,sm_2_vox,0.010398361938142885,0.012644329979335478,visually_responsive_voxels,2
17,er,sm_2_vox,3.3504439081252e-05,0.0024145415474709424,visually_responsive_voxels,3
17,miniblock,unsmoothed,0.07837017528106081,0.07957271808251619,FFA,1
17,miniblock,unsmoothed,0.07830925741367692,0.08277935925035172,FFA,2
17,miniblock,unsmoothed,0.09143782834369366,0.0893440809896109,FFA,3
17,miniblock,sm_2_vox,0.2248162959720965,0.23165529895074655,FFA,1
17,miniblock,sm_2_vox,0.243120549720379,0.22639858291884848,FFA,2
17,miniblock,sm_2_vox,0.11638765088411845,0.13140634620381048,FFA,3
17,sus,unsmoothed,0.08961474534797499,0.0912441868602942,FFA,1
17,sus,unsmoothed,0.05435965321651959,0.0702973856024673,FFA,2
17,sus,unsmoothed,0.058929316643979296,0.06221856418066928,FFA,3
17,sus,sm_2_vox,0.1634716857761773,0.15330821157145805,FFA,1
17,sus,sm_2_vox,0.10088524372037154,0.12134778275220001,FFA,2
17,sus,sm_2_vox,0.16760188833868972,0.16386053523569796,FFA,3
17,er,unsmoothed,0.011530039699975812,0.018545172070809513,FFA,1
17,er,unsmoothed,0.04319864685610687,0.0410217317193744,FFA,2
17,er,unsmoothed,0.02978607598066154,0.03095030510901684,FFA,3
17,er,sm_2_vox,0.08701719146883594,0.08885923319286199,FFA,1
17,er,sm_2_vox,0.07344554635888761,0.06853623929080412,FFA,2
17,er,sm_2_vox,0.12018650294214248,0.11583306283178414,FFA,3
17,miniblock,unsmoothed,0.03293250176954097,0.033129016789489124,PPA,1
17,miniblock,unsmoothed,0.016049087158120055,0.014556620150815575,PPA,2
17,miniblock,unsmoothed,0.03492085791759268,0.0366799131694926,PPA,3
17,miniblock,sm_2_vox,0.031040370459481242,0.03347759232990411,PPA,1
17,miniblock,sm_2_vox,0.04700281470258061,0.027210221326878867,PPA,2
17,miniblock,sm_2_vox,0.0758740580500531,0.07322274545747715,PPA,3
17,sus,unsmoothed,0.01215335567053354,0.011203247544581508,PPA,1
17,sus,unsmoothed,0.02738439726839799,0.031599890613764905,PPA,2
17,sus,unsmoothed,-0.058678145674106494,-0.05788776827071741,PPA,3
17,sus,sm_2_vox,0.009396970764676956,0.023763770854977845,PPA,1
17,sus,sm_2_vox,0.05626908076964603,0.053667016075271794,PPA,2
17,sus,sm_2_vox,-0.1441052854261476,-0.14153350014961938,PPA,3
17,er,unsmoothed,0.011695546824216207,0.014145971210430925,PPA,1
17,er,unsmoothed,0.012754868118813146,0.01490224036898142,PPA,2
17,er,unsmoothed,0.023823973335524357,0.023779210702284982,PPA,3
17,er,sm_2_vox,0.03528057050844427,0.039867383157888826,PPA,1
17,er,sm_2_vox,0.0494581206092767,0.04816963100933241,PPA,2
17,er,sm_2_vox,0.05514469550386647,0.054316088677783404,PPA,3
17,miniblock,unsmoothed,0.027863690114748478,0.0343019774699271,EBA,1
17,miniblock,unsmoothed,-0.007800699890858864,0.0004734501542621538,EBA,2
17,miniblock,unsmoothed,0.028346584956571174,0.02645732539070499,EBA,3
17,miniblock,sm_2_vox,0.0645291674386804,0.0832008996361817,EBA,1
17,miniblock,sm_2_vox,0.014143909693766096,0.03879012485156695,EBA,2
17,miniblock,sm_2_vox,0.054046597288931145,0.060013193044131795,EBA,3
17,sus,unsmoothed,0.014262040665115664,0.016802251065384525,EBA,1
17,sus,unsmoothed,0.025476423382019095,0.026086092686827864,EBA,2
17,sus,unsmoothed,0.008843780449291308,0.009259200892050536,EBA,3
17,sus,sm_2_vox,0.028557593521514907,0.0301613998022805,EBA,1
17,sus,sm_2_vox,0.04796984718343149,0.05460809754797796,EBA,2
17,sus,sm_2_vox,-0.001069535752274111,0.0014260359628466182,EBA,3
17,er,unsmoothed,0.003914913556717137,0.0023945511481673694,EBA,1
17,er,unsmoothed,0.023940895625193647,0.01943939882986578,EBA,2
17,er,unsmoothed,-0.0010305143559548916,0.0020457802238469792,EBA,3
17,er,sm_2_vox,0.013117703045489306,0.01417759873257153,EBA,1
17,er,sm_2_vox,0.04270075018054534,0.04689214165291314,EBA,2
17,er,sm_2_vox,0.01406502258551006,0.010383385753724663,EBA,3
17,miniblock,unsmoothed,0.09558009714613158,0.11203970912801609,EVC,1
17,miniblock,unsmoothed,0.024515717514914274,0.03431207781298382,EVC,2
17,miniblock,unsmoothed,0.031430483453545814,0.03610581169556767,EVC,3
17,miniblock,sm_2_vox,0.21253478987322616,0.24063982771488848,EVC,1
17,miniblock,sm_2_vox,0.0739591024779577,0.10039457244441483,EVC,2
17,miniblock,sm_2_vox,0.16418149759803743,0.18578747094924716,EVC,3
17,sus,unsmoothed,0.05534758828624961,0.05206016767625,EVC,1
17,sus,unsmoothed,0.053285615953971785,0.06129180162669112,EVC,2
17,sus,unsmoothed,0.02919303154680859,0.026268921884889957,EVC,3
17,sus,sm_2_vox,0.10219242528437117,0.09277948699678455,EVC,1
17,sus,sm_2_vox,0.1141345734076357,0.12710054648537994,EVC,2
17,sus,sm_2_vox,0.031163933293022087,0.02788608639325742,EVC,3
17,er,unsmoothed,0.001966160007175583,0.0037567796281687436,EVC,1
17,er,unsmoothed,0.02794077082228136,0.030806291815598068,EVC,2
17,er,unsmoothed,-0.015462546304540605,-0.011021790044317302,EVC,3
17,er,sm_2_vox,0.01787004621993584,0.029699838547550154,EVC,1
17,er,sm_2_vox,0.046410002809712955,0.047117689589652595,EVC,2
17,er,sm_2_vox,-0.003620577328752126,0.004604992622630614,EVC,3
18,miniblock,unsmoothed,0.034260140187225924,0.04682816582478076,visually_responsive_voxels,1
18,miniblock,unsmoothed,0.03795109236056224,0.046323196571992284,visually_responsive_voxels,2
18,miniblock,unsmoothed,0.04640507681880801,0.05920934377159275,visually_responsive_voxels,3
18,miniblock,sm_2_vox,0.11547250118351751,0.14576062094508668,visually_responsive_voxels,1
18,miniblock,sm_2_vox,0.07023010157989666,0.10197942491823427,visually_responsive_voxels,2
18,miniblock,sm_2_vox,0.08914948217046885,0.12669229943435562,visually_responsive_voxels,3
18,sus,unsmoothed,0.04374907460288703,0.056154520580043756,visually_responsive_voxels,1
18,sus,unsmoothed,0.03995914075109636,0.05090676368457857,visually_responsive_voxels,2
18,sus,unsmoothed,0.0537645358508385,0.06445234514487082,visually_responsive_voxels,3
18,sus,sm_2_vox,0.09588859066827826,0.13145568386662557,visually_responsive_voxels,1
18,sus,sm_2_vox,0.07652259935182015,0.10593170016354424,visually_responsive_voxels,2
18,sus,sm_2_vox,0.0953963776836379,0.1209790338325076,visually_responsive_voxels,3
18,er,unsmoothed,-0.0015608527595232444,-0.0007590508157511947,visually_responsive_voxels,1
18,er,unsmoothed,0.06200454893270506,0.06172345560904542,visually_responsive_voxels,2
18,er,unsmoothed,0.0007827143460309629,0.0025802315892713788,visually_responsive_voxels,3
18,er,sm_2_vox,0.057199554272216395,0.0593017112921252,visually_responsive_voxels,1
18,er,sm_2_vox,0.047435776960273,0.048916848092715896,visually_responsive_voxels,2
18,er,sm_2_vox,0.02156625004473331,0.02562730612724052,visually_responsive_voxels,3
18,miniblock,unsmoothed,0.08277858941180594,0.10421989819184826,FFA,1
18,miniblock,unsmoothed,0.10877416541591713,0.11754559979692555,FFA,2
18,miniblock,unsmoothed,0.11574644823886703,0.12864545515861603,FFA,3
18,miniblock,sm_2_vox,0.3456645098656691,0.33598924130395047,FFA,1
18,miniblock,sm_2_vox,0.331357640389939,0.32783405793028525,FFA,2
18,miniblock,sm_2_vox,0.35879316087206126,0.34833827600803335,FFA,3
18,sus,unsmoothed,0.09789767192382892,0.13245176509530857,FFA,1
18,sus,unsmoothed,0.11492813596571164,0.1388325517575015,FFA,2
18,sus,unsmoothed,0.12959101118325422,0.15752459430935814,FFA,3
18,sus,sm_2_vox,0.42852346556874477,0.39511769186475154,FFA,1
18,sus,sm_2_vox,0.35766898403148967,0.35282468682059764,FFA,2
18,sus,sm_2_vox,0.44075440692002843,0.4047458324313299,FFA,3
18,er,unsmoothed,0.020110944821244033,0.026789571673497263,FFA,1
18,er,unsmoothed,0.0957273863767774,0.09601728303111655,FFA,2
18,er,unsmoothed,0.0718116451349906,0.07481905008369473,FFA,3
18,er,sm_2_vox,0.21729895506691507,0.21910245303795142,FFA,1
18,er,sm_2_vox,0.23534505583664792,0.22493576243009222,FFA,2
18,er,sm_2_vox,0.22398640464470398,0.22933572320198584,FFA,3
18,miniblock,unsmoothed,0.03863609381406417,0.04443147982829772,PPA,1
18,miniblock,unsmoothed,0.033046470085595386,0.03636645660488386,PPA,2
18,miniblock,unsmoothed,0.04516871519881509,0.051381943890885226,PPA,3
18,miniblock,sm_2_vox,0.11502809322573466,0.12563060805658,PPA,1
18,miniblock,sm_2_vox,0.04760540642551771,0.0639438186152348,PPA,2
18,miniblock,sm_2_vox,0.11965398973051594,0.13720810428513766,PPA,3
18,sus,unsmoothed,0.0466107406071376,0.04880442410729528,PPA,1
18,sus,unsmoothed,0.023968176018282265,0.03043642234725321,PPA,2
18,sus,unsmoothed,0.034228925715682645,0.04165047620052985,PPA,3
18,sus,sm_2_vox,0.11701224175824668,0.1239541639319699,PPA,1
18,sus,sm_2_vox,0.09689051831667381,0.10082111274561403,PPA,2
18,sus,sm_2_vox,0.12695216323048836,0.13624450691443332,PPA,3
18,er,unsmoothed,0.01760250515011226,0.018529949185306052,PPA,1
18,er,unsmoothed,0.02813742957599594,0.028319284564850406,PPA,2
18,er,unsmoothed,0.012088163440594657,0.01571096491968319,PPA,3
18,er,sm_2_vox,0.07267422880322305,0.06747130224852631,PPA,1
18,er,sm_2_vox,0.06907569394587346,0.07484542248753467,PPA,2
18,er,sm_2_vox,0.0429017518455686,0.04468743925356309,PPA,3
18,miniblock,unsmoothed,0.06723264356207585,0.08795116301138405,EBA,1
18,miniblock,unsmoothed,0.0713430326749641,0.0806225037063701,EBA,2
18,miniblock,unsmoothed,0.08156226847109846,0.10119556647350882,EBA,3
18,miniblock,sm_2_vox,0.22511504701301632,0.2435995035790551,EBA,1
18,miniblock,sm_2_vox,0.20585340930500967,0.2066883631308924,EBA,2
18,miniblock,sm_2_vox,0.22813281535780916,0.24286350209112675,EBA,3
18,sus,unsmoothed,0.07648983328917125,0.09228672434746579,EBA,1
18,sus,unsmoothed,0.07647556662438397,0.09095337903703762,EBA,2
18,sus,unsmoothed,0.06888386619243017,0.08380154748655264,EBA,3
18,sus,sm_2_vox,0.261713707163017,0.251062895011635,EBA,1
18,sus,sm_2_vox,0.18653288115811012,0.18957893209045348,EBA,2
18,sus,sm_2_vox,0.1937942609783464,0.21107391885759985,EBA,3
18,er,unsmoothed,0.016490257112697335,0.019131195583528944,EBA,1
18,er,unsmoothed,0.07746636446244203,0.07964908311294133,EBA,2
18,er,unsmoothed,0.016051173091477133,0.015991928296538945,EBA,3
18,er,sm_2_vox,0.1296598010589981,0.1280439221743676,EBA,1
18,er,sm_2_vox,0.10562173191108366,0.10793285815559944,EBA,2
18,er,sm_2_vox,0.021171908921025218,0.025367326764161206,EBA,3
18,miniblock,unsmoothed,0.08282027304422182,0.11302422190292952,EVC,1
18,miniblock,unsmoothed,0.08990515440655161,0.10983463368561516,EVC,2
18,miniblock,unsmoothed,0.10076361866362007,0.12769074278612239,EVC,3
18,miniblock,sm_2_vox,0.24929944518143576,0.27454906406142593,EVC,1
18,miniblock,sm_2_vox,0.2155473080254684,0.24297432560334967,EVC,2
18,miniblock,sm_2_vox,0.2543198546217626,0.2809642593296042,EVC,3
18,sus,unsmoothed,0.09170223371566488,0.12010466700112651,EVC,1
18,sus,unsmoothed,0.08204507488294464,0.10629931049988123,EVC,2
18,sus,unsmoothed,0.09695233794863496,0.11771976973691155,EVC,3
18,sus,sm_2_vox,0.25237732560102,0.27186527148998996,EVC,1
18,sus,sm_2_vox,0.21956443862798578,0.23763333956070642,EVC,2
18,sus,sm_2_vox,0.2207734853313671,0.23697420942881506,EVC,3
18,er,unsmoothed,0.014799696841212656,0.014612198779424995,EVC,1
18,er,unsmoothed,0.06123751340854292,0.06153212675927025,EVC,2
18,er,unsmoothed,0.00807875851987809,0.010692557386755636,EVC,3
18,er,sm_2_vox,0.07066703664922669,0.07366008040759095,EVC,1
18,er,sm_2_vox,0.06212526250259988,0.06737505209685406,EVC,2
18,er,sm_2_vox,0.050534936064883705,0.056138322135490124,EVC,3
19,miniblock,unsmoothed,0.045400747983973554,0.048515688746242104,visually_responsive_voxels,1
19,miniblock,unsmoothed,-0.017110640006711208,-0.014983027773656605,visually_responsive_voxels,2
19,miniblock,unsmoothed,0.005888898845521323,0.008427644895939057,visually_responsive_voxels,3
19,miniblock,sm_2_vox,0.0381872413923031,0.051765448808488386,visually_responsive_voxels,1
19,miniblock,sm_2_vox,0.010162939345331985,0.009548715491849494,visually_responsive_voxels,2
19,miniblock,sm_2_vox,0.010592329744068082,0.014300774280259408,visually_responsive_voxels,3
19,sus,unsmoothed,0.017818057429796606,0.01825740192545815,visually_responsive_voxels,1
19,sus,unsmoothed,0.019591088117315764,0.025186736311949433,visually_responsive_voxels,2
19,sus,unsmoothed,0.014695434964752105,0.01492550621667743,visually_responsive_voxels,3
19,sus,sm_2_vox,0.04704406336352825,0.05181481508813598,visually_responsive_voxels,1
19,sus,sm_2_vox,0.034985098753360644,0.053672495073061384,visually_responsive_voxels,2
19,sus,sm_2_vox,0.01876001928441897,0.02408342158890382,visually_responsive_voxels,3
19,er,unsmoothed,0.022508003197460824,0.022590780437893906,visually_responsive_voxels,1
19,er,unsmoothed,0.003434751135594726,0.00576645111463203,visually_responsive_voxels,2
19,er,unsmoothed,0.015175406264350606,0.016164233423606154,visually_responsive_voxels,3
19,er,sm_2_vox,0.028105506893317634,0.0299603067894994,visually_responsive_voxels,1
19,er,sm_2_vox,0.022541718369303253,0.023247614162582236,visually_responsive_voxels,2
19,er,sm_2_vox,0.053362875090691875,0.0559975365041123,visually_responsive_voxels,3
19,miniblock,unsmoothed,0.08879854010072567,0.09552003067102238,FFA,1
19,miniblock,unsmoothed,0.0539177942043795,0.05059535525763148,FFA,2
19,miniblock,unsmoothed,0.054447492560206284,0.053178117742794156,FFA,3
19,miniblock,sm_2_vox,0.29741325798500917,0.26766979515703493,FFA,1
19,miniblock,sm_2_vox,0.22689880284546865,0.20748428527069251,FFA,2
19,miniblock,sm_2_vox,0.1651833876685393,0.19509187315369025,FFA,3
19,sus,unsmoothed,0.05963390405662087,0.050037310824782535,FFA,1
19,sus,unsmoothed,-0.008927536638889913,0.004704891926357946,FFA,2
19,sus,unsmoothed,0.11211164429170607,0.12223671571769534,FFA,3
19,sus,sm_2_vox,0.24956865768053765,0.24496988937893846,FFA,1
19,sus,sm_2_vox,0.12206286502764516,0.1410995688279495,FFA,2
19,sus,sm_2_vox,0.19872129847756526,0.21411428630336565,FFA,3
19,er,unsmoothed,0.077063219648624,0.0710490963180263,FFA,1
19,er,unsmoothed,0.004344020272410751,0.009452891653814261,FFA,2
19,er,unsmoothed,0.03615782030331649,0.02771568355614054,FFA,3
19,er,sm_2_vox,0.13569216591151523,0.1500172943388053,FFA,1
19,er,sm_2_vox,0.0014001694587356325,0.013091243599895082,FFA,2
19,er,sm_2_vox,0.1926742125042232,0.17931779997753997,FFA,3
19,miniblock,unsmoothed,0.03312343868210431,0.03235854431027342,PPA,1
19,miniblock,unsmoothed,0.0254526570907131,0.02408418171298991,PPA,2
19,miniblock,unsmoothed,0.07773725426644572,0.0676026897061875,PPA,3
19,miniblock,sm_2_vox,0.12300454181915296,0.12161616575827139,PPA,1
19,miniblock,sm_2_vox,0.0075762386750257375,0.02860267040369231,PPA,2
19,miniblock,sm_2_vox,0.12245740736805213,0.11663744391112002,PPA,3
19,sus,unsmoothed,0.0468778369252685,0.03961599921611406,PPA,1
19,sus,unsmoothed,-0.00756009313405168,0.02124711863507878,PPA,2
19,sus,unsmoothed,0.0005897012593941899,0.0024398044354581234,PPA,3
19,sus,sm_2_vox,0.20094143420423477,0.19876065975570473,PPA,1
19,sus,sm_2_vox,0.043132207763375306,0.06692164870858973,PPA,2
19,sus,sm_2_vox,0.07274494061500791,0.07633915133402414,PPA,3
19,er,unsmoothed,0.004562788536214043,-0.011521478232778644,PPA,1
19,er,unsmoothed,0.045764012674692836,0.04754490893636434,PPA,2
19,er,unsmoothed,0.029303129182693427,0.022888772666165427,PPA,3
19,er,sm_2_vox,0.042297000626926914,0.03416350097525919,PPA,1
19,er,sm_2_vox,0.14111541602228092,0.1411116992607326,PPA,2
19,er,sm_2_vox,0.02499024565444631,0.0325027358869343,PPA,3
19,miniblock,unsmoothed,0.06550560884181664,0.0689375267187602,EBA,1
19,miniblock,unsmoothed,-0.0014544919980568408,-0.002032869418259757,EBA,2
19,miniblock,unsmoothed,0.034614914642431605,0.0335783191698964,EBA,3
19,miniblock,sm_2_vox,0.1448531571836748,0.14111984452607002,EBA,1
19,miniblock,sm_2_vox,0.0565467395256527,0.061267347170159206,EBA,2
19,miniblock,sm_2_vox,0.03626839923336582,0.038233868387777994,EBA,3
19,sus,unsmoothed,0.03326174468210728,0.030227348083156948,EBA,1
19,sus,unsmoothed,0.016338762488931156,0.022869502562774865,EBA,2
19,sus,unsmoothed,0.05920629488188246,0.05313157887893887,EBA,3
19,sus,sm_2_vox,0.08972341886685607,0.0985653472972216,EBA,1
19,sus,sm_2_vox,0.039282095402844164,0.04341608225236623,EBA,2
19,sus,sm_2_vox,0.07691761589568688,0.06540463823439331,EBA,3
19,er,unsmoothed,0.018390043808187,0.014868189435226564,EBA,1
19,er,unsmoothed,-0.0004552064995890365,0.0031901028091798657,EBA,2
19,er,unsmoothed,0.07143934207991198,0.07183187991920066,EBA,3
19,er,sm_2_vox,0.020921776044570455,0.023240819084113466,EBA,1
19,er,sm_2_vox,0.018804495626051628,0.01905024335729911,EBA,2
19,er,sm_2_vox,0.1624446871531915,0.15722083109745183,EBA,3
19,miniblock,unsmoothed,0.09130435667688315,0.09874675823527913,EVC,1
19,miniblock,unsmoothed,-0.013561092280811529,-0.009044184763826645,EVC,2
19,miniblock,unsmoothed,0.0248204717294348,0.028117274891455064,EVC,3
19,miniblock,sm_2_vox,0.11833930742302393,0.1398785037242161,EVC,1
19,miniblock,sm_2_vox,0.06915668974449501,0.07004536508899761,EVC,2
19,miniblock,sm_2_vox,0.04685992072531331,0.055492342374927735,EVC,3
19,sus,unsmoothed,0.05172606111947178,0.054439387693232706,EVC,1
19,sus,unsmoothed,0.07231336988293274,0.07554312826214239,EVC,2
19,sus,unsmoothed,0.029664621234703446,0.03039855020341074,EVC,3
19,sus,sm_2_vox,0.10616336548551833,0.11135970226457376,EVC,1
19,sus,sm_2_vox,0.19573513063598796,0.2032668138765855,EVC,2
19,sus,sm_2_vox,0.04568229815014149,0.059596006675111,EVC,3
19,er,unsmoothed,0.05480213928428154,0.052854463493169475,EVC,1
19,er,unsmoothed,0.028012082985316572,0.02982660486702873,EVC,2
19,er,unsmoothed,0.031079942100679978,0.030294347741828064,EVC,3
19,er,sm_2_vox,0.0880943631717119,0.08996474239969073,EVC,1
19,er,sm_2_vox,0.08009318884286382,0.07485799420837726,EVC,2
19,er,sm_2_vox,0.08939787681139029,0.09247047435701815,EVC,3
20,miniblock,unsmoothed,0.03773812540544294,0.044610411683671934,visually_responsive_voxels,1
20,miniblock,unsmoothed,0.022698871111101335,0.028916628994744203,visually_responsive_voxels,2
20,miniblock,unsmoothed,0.033122416895466585,0.044584597709945016,visually_responsive_voxels,3
20,miniblock,sm_2_vox,0.04124055599571206,0.056034029417748474,visually_responsive_voxels,1
20,miniblock,sm_2_vox,0.03159438438897927,0.041833579457210696,visually_responsive_voxels,2
20,miniblock,sm_2_vox,0.059545768504731145,0.08639946155325742,visually_responsive_voxels,3
20,sus,unsmoothed,0.020730609669169925,0.029214262005636468,visually_responsive_voxels,1
20,sus,unsmoothed,-0.001159285161447675,0.005780109130476468,visually_responsive_voxels,2
20,sus,unsmoothed,0.018275991624774952,0.025728145958600773,visually_responsive_voxels,3
20,sus,sm_2_vox,0.05696298847558813,0.07076395649948578,visually_responsive_voxels,1
20,sus,sm_2_vox,0.0011332576665402634,0.01855473493906297,visually_responsive_voxels,2
20,sus,sm_2_vox,0.042970169989806954,0.06345313071261839,visually_responsive_voxels,3
20,er,unsmoothed,-0.015274346517188262,-0.01407838708516483,visually_responsive_voxels,1
20,er,unsmoothed,0.003981493824736237,0.008237284552008896,visually_responsive_voxels,2
20,er,unsmoothed,0.021503835314506295,0.021330601955660115,visually_responsive_voxels,3
20,er,sm_2_vox,-0.0013587060333979835,0.0016434021775276776,visually_responsive_voxels,1
20,er,sm_2_vox,0.02636694932237376,0.0287979340269402,visually_responsive_voxels,2
20,er,sm_2_vox,0.029057977747841576,0.02839102646710341,visually_responsive_voxels,3
20,miniblock,unsmoothed,0.05724578797434565,0.06603083126557942,FFA,1
20,miniblock,unsmoothed,0.023378407240414678,0.039873160704800924,FFA,2
20,miniblock,unsmoothed,0.020939199933421793,0.03415906157806701,FFA,3
20,miniblock,sm_2_vox,0.11576683091538131,0.11327416201920291,FFA,1
20,miniblock,sm_2_vox,0.008339066816177507,0.06251495290451728,FFA,2
20,miniblock,sm_2_vox,0.10397918692714932,0.1568295815089325,FFA,3
20,sus,unsmoothed,0.03160478681777896,0.05302539708220846,FFA,1
20,sus,unsmoothed,0.03073584273957427,0.042826982734643394,FFA,2
20,sus,unsmoothed,0.015489322040466887,0.04595211583126185,FFA,3
20,sus,sm_2_vox,0.07726365087790629,0.07749335809477718,FFA,1
20,sus,sm_2_vox,0.024017565500363616,0.011728727992728604,FFA,2
20,sus,sm_2_vox,0.09251849241782659,0.0983120202937044,FFA,3
20,er,unsmoothed,-0.008000701825650006,-0.006953724195232213,FFA,1
20,er,unsmoothed,0.06528634307587183,0.06319218533914236,FFA,2
20,er,unsmoothed,0.03193697583180728,0.029650695718269084,FFA,3
20,er,sm_2_vox,-0.006324619045960222,-0.024030071101963618,FFA,1
20,er,sm_2_vox,0.09039189293374324,0.10837893554393113,FFA,2
20,er,sm_2_vox,0.08241691244897116,0.045405789103336605,FFA,3
20,miniblock,unsmoothed,0.07036798852821223,0.07837273252715038,PPA,1
20,miniblock,unsmoothed,0.037935875353244775,0.03215485403521128,PPA,2
20,miniblock,unsmoothed,0.027801827938712623,0.03688284789292893,PPA,3
20,miniblock,sm_2_vox,0.2640592116566347,0.2512980584958362,PPA,1
20,miniblock,sm_2_vox,0.1771485384834286,0.16024760488048592,PPA,2
20,miniblock,sm_2_vox,0.1947927170101521,0.18921048121580145,PPA,3
20,sus,unsmoothed,-0.0010189589975432255,0.0100890622025246,PPA,1
20,sus,unsmoothed,0.04089703777702784,0.03885819663542213,PPA,2
20,sus,unsmoothed,0.030021822826744447,0.04103272639381925,PPA,3
20,sus,sm_2_vox,0.08046102594681731,0.08219020282039732,PPA,1
20,sus,sm_2_vox,0.15979492753218422,0.1607243227116001,PPA,2
20,sus,sm_2_vox,0.1306895627181619,0.14351766331140878,PPA,3
20,er,unsmoothed,-0.003487520510650312,7.27869610175938e-05,PPA,1
20,er,unsmoothed,0.03502656843583596,0.03999477292561654,PPA,2
20,er,unsmoothed,0.03431704721158281,0.017916457539512612,PPA,3
20,er,sm_2_vox,0.04983322189688494,0.055100463511691046,PPA,1
20,er,sm_2_vox,0.022150142948573957,0.02436071715235566,PPA,2
20,er,sm_2_vox,0.10060213649120198,0.10898782022895456,PPA,3
20,miniblock,unsmoothed,0.03504937862282208,0.051452088080596425,EBA,1
20,miniblock,unsmoothed,0.005357036058250665,0.019003155895905212,EBA,2
20,miniblock,unsmoothed,0.046143657502475934,0.06067387096568219,EBA,3
20,miniblock,sm_2_vox,0.06643211941858758,0.10102202082697202,EBA,1
20,miniblock,sm_2_vox,-0.04437552073866022,-0.010776663798579608,EBA,2
20,miniblock,sm_2_vox,0.07534729420118647,0.12154962635060608,EBA,3
20,sus,unsmoothed,0.030250681335746217,0.029716748141796426,EBA,1
20,sus,unsmoothed,0.006493930094922752,0.015694612777759305,EBA,2
20,sus,unsmoothed,0.024735546960973156,0.03535247900513371,EBA,3
20,sus,sm_2_vox,0.08142398420135585,0.08929341407283559,EBA,1
20,sus,sm_2_vox,0.08045292345426738,0.10904934151053705,EBA,2
20,sus,sm_2_vox,0.06901731240223555,0.10220126354338044,EBA,3
20,er,unsmoothed,-0.01682076856294414,-0.013062798204427895,EBA,1
20,er,unsmoothed,0.008454106094106722,0.009693413756336876,EBA,2
20,er,unsmoothed,0.005306681270038667,0.009978681971288185,EBA,3
20,er,sm_2_vox,0.03838461118678655,0.05715348377807283,EBA,1
20,er,sm_2_vox,0.08959831958348137,0.09556596492369906,EBA,2
20,er,sm_2_vox,0.04355616270203281,0.05992043352678839,EBA,3
20,miniblock,unsmoothed,0.07480021475645837,0.08310913268938386,EVC,1
20,miniblock,unsmoothed,0.042744309343424394,0.04797329061754224,EVC,2
20,miniblock,unsmoothed,0.0722559585444214,0.09312977165621147,EVC,3
20,miniblock,sm_2_vox,0.11010440074398783,0.1314114150467984,EVC,1
20,miniblock,sm_2_vox,0.09542655596366836,0.10051194709284236,EVC,2
20,miniblock,sm_2_vox,0.13279331154334312,0.17207734019762763,EVC,3
20,sus,unsmoothed,0.06197572850317769,0.0762139659901445,EVC,1
20,sus,unsmoothed,0.028054094679187236,0.033397810271170336,EVC,2
20,sus,unsmoothed,0.06237718953135765,0.0725957503022914,EVC,3
20,sus,sm_2_vox,0.1359672406188267,0.15085513616158452,EVC,1
20,sus,sm_2_vox,0.04771342314206916,0.06549303466227453,EVC,2
20,sus,sm_2_vox,0.13911029391783425,0.1587860008719739,EVC,3
20,er,unsmoothed,0.004060766753974778,0.005732664434716738,EVC,1
20,er,unsmoothed,0.025802966163715857,0.031354708641014015,EVC,2
20,er,unsmoothed,0.0313904527357733,0.03156211424044558,EVC,3
20,er,sm_2_vox,0.00871708023076405,0.01253192380971654,EVC,1
20,er,sm_2_vox,0.05404386678004963,0.06586773506571415,EVC,2
20,er,sm_2_vox,0.04322309156311087,0.050152798639421986,EVC,3
21,miniblock,unsmoothed,0.04589931180279391,0.051122511069481874,visually_responsive_voxels,1
21,miniblock,unsmoothed,0.018109595370221068,0.024823585215927594,visually_responsive_voxels,2
21,miniblock,unsmoothed,0.025911062301095168,0.02975904230088976,visually_responsive_voxels,3
21,miniblock,sm_2_vox,0.07418236142294178,0.09376501961683376,visually_responsive_voxels,1
21,miniblock,sm_2_vox,0.047947369957380394,0.07003051041077463,visually_responsive_voxels,2
21,miniblock,sm_2_vox,0.06244239172730312,0.07969007486864611,visually_responsive_voxels,3
21,sus,unsmoothed,0.023604859928310424,0.035711612401643625,visually_responsive_voxels,1
21,sus,unsmoothed,0.025954354497566563,0.032329403673041254,visually_responsive_voxels,2
21,sus,unsmoothed,0.0389965552044598,0.04946289520610843,visually_responsive_voxels,3
21,sus,sm_2_vox,0.08755559194491219,0.11825914196273643,visually_responsive_voxels,1
21,sus,sm_2_vox,0.06576750632405079,0.0901017482745925,visually_responsive_voxels,2
21,sus,sm_2_vox,0.08238563672936527,0.11787664112237348,visually_responsive_voxels,3
21,er,unsmoothed,0.02061967641648367,0.021848214446363347,visually_responsive_voxels,1
21,er,unsmoothed,-0.02252424754687412,-0.02215215726775539,visually_responsive_voxels,2
21,er,unsmoothed,0.002136883151862095,0.002461901113735109,visually_responsive_voxels,3
21,er,sm_2_vox,0.042255432795748955,0.04927622318991383,visually_responsive_voxels,1
21,er,sm_2_vox,0.062409154295554575,0.06366897515302261,visually_responsive_voxels,2
21,er,sm_2_vox,0.04919058851130437,0.057746398170567474,visually_responsive_voxels,3
21,miniblock,unsmoothed,0.12600058435004707,0.11748246500012666,FFA,1
21,miniblock,unsmoothed,0.055795341413623106,0.063870820263038,FFA,2
21,miniblock,unsmoothed,0.08520022793563822,0.08469300854933788,FFA,3
21,miniblock,sm_2_vox,0.23343822321084068,0.25298962594833035,FFA,1
21,miniblock,sm_2_vox,0.18647538740691966,0.20379690832026767,FFA,2
21,miniblock,sm_2_vox,0.1503439151144828,0.18771681774236096,FFA,3
21,sus,unsmoothed,0.12809452763372509,0.1345098488924879,FFA,1
21,sus,unsmoothed,0.08880418874960871,0.09171686965567635,FFA,2
21,sus,unsmoothed,0.11585506288952191,0.13380121260484756,FFA,3
21,sus,sm_2_vox,0.40579458683677233,0.38896787983226044,FFA,1
21,sus,sm_2_vox,0.3555960747822392,0.33776433078862644,FFA,2
21,sus,sm_2_vox,0.4266819488030389,0.41346683894851494,FFA,3
21,er,unsmoothed,0.09374352290053654,0.08050892827211331,FFA,1
21,er,unsmoothed,0.028679347215329026,0.01980336149639362,FFA,2
21,er,unsmoothed,0.04853980283462482,0.0445313070938058,FFA,3
21,er,sm_2_vox,0.2671225847482769,0.24456252815673626,FFA,1
21,er,sm_2_vox,0.18470273396229092,0.16184999952568985,FFA,2
21,er,sm_2_vox,0.23843681247892595,0.22069125139038015,FFA,3
21,miniblock,unsmoothed,0.05899582001626158,0.057353029326000914,PPA,1
21,miniblock,unsmoothed,0.015348606723740953,0.013737995650467539,PPA,2
21,miniblock,unsmoothed,-0.0003521007608532842,0.003659037311917459,PPA,3
21,miniblock,sm_2_vox,0.11736799291769007,0.13473276509076118,PPA,1
21,miniblock,sm_2_vox,0.03533796353136459,0.04610925823742523,PPA,2
21,miniblock,sm_2_vox,0.02359705225681411,0.008915777050973787,PPA,3
21,sus,unsmoothed,0.04886837751769743,0.03969674184437076,PPA,1
21,sus,unsmoothed,0.010415627078325863,0.013678250757555922,PPA,2
21,sus,unsmoothed,0.034304558446283315,0.04332504972695272,PPA,3
21,sus,sm_2_vox,0.17288587593568328,0.16892426229091242,PPA,1
21,sus,sm_2_vox,0.057303065689913245,0.061384172452046186,PPA,2
21,sus,sm_2_vox,0.17385151844092972,0.16269175832249785,PPA,3
21,er,unsmoothed,0.0006235628274138868,0.006691089120310978,PPA,1
21,er,unsmoothed,-0.0169202528771209,-0.024343921628714803,PPA,2
21,er,unsmoothed,-0.00807013155109587,-0.005960717440707181,PPA,3
21,er,sm_2_vox,0.030365830494318055,0.030806398488526062,PPA,1
21,er,sm_2_vox,0.06044044237473824,0.05684396654946184,PPA,2
21,er,sm_2_vox,0.016995338118276727,0.020732452890491138,PPA,3
21,miniblock,unsmoothed,0.08311182049276822,0.09362703352256033,EBA,1
21,miniblock,unsmoothed,0.0609123835674301,0.07258938427856282,EBA,2
21,miniblock,unsmoothed,0.0768544935756799,0.08210473123138343,EBA,3
21,miniblock,sm_2_vox,0.1555506475415332,0.18429852620689532,EBA,1
21,miniblock,sm_2_vox,0.17550540209964252,0.19373424114588442,EBA,2
21,miniblock,sm_2_vox,0.18705302118078074,0.20344133941561943,EBA,3
21,sus,unsmoothed,0.0797427722645507,0.10123554543229304,EBA,1
21,sus,unsmoothed,0.04581965031040738,0.05807780375625761,EBA,2
21,sus,unsmoothed,0.10169136085126582,0.11646053448803736,EBA,3
21,sus,sm_2_vox,0.24711191818160527,0.26385455219165155,EBA,1
21,sus,sm_2_vox,0.22251960937760762,0.22519441618916797,EBA,2
21,sus,sm_2_vox,0.2622150521314312,0.2783184497446845,EBA,3
21,er,unsmoothed,0.034912282362631886,0.0408696207541784,EBA,1
21,er,unsmoothed,-0.019243110633745286,-0.014375830678444014,EBA,2
21,er,unsmoothed,0.029494590210463772,0.03283755856464412,EBA,3
21,er,sm_2_vox,0.13247399296524817,0.1483997761708739,EBA,1
21,er,sm_2_vox,0.15353881937774366,0.1535321925350172,EBA,2
21,er,sm_2_vox,0.15899011731610638,0.17343540814142072,EBA,3
21,miniblock,unsmoothed,0.07568609450909751,0.08574454983845375,EVC,1
21,miniblock,unsmoothed,0.0490769677229403,0.0617715152788058,EVC,2
21,miniblock,unsmoothed,0.044985063409009554,0.0543607409537096,EVC,3
21,miniblock,sm_2_vox,0.13448349305193505,0.17834253868411903,EVC,1
21,miniblock,sm_2_vox,0.15354982635032638,0.1765140629442376,EVC,2
21,miniblock,sm_2_vox,0.15062277888714204,0.16615503407326965,EVC,3
21,sus,unsmoothed,0.06837482686075402,0.08047681039836224,EVC,1
21,sus,unsmoothed,0.04245066966770726,0.054739311241274145,EVC,2
21,sus,unsmoothed,0.07974998129496913,0.09540532761022474,EVC,3
21,sus,sm_2_vox,0.19223258611707844,0.2123673482208601,EVC,1
21,sus,sm_2_vox,0.1488819064791181,0.17948408988354225,EVC,2
21,sus,sm_2_vox,0.20417510937411268,0.2335677239094501,EVC,3
21,er,unsmoothed,0.025570939301445474,0.027134615322220744,EVC,1
21,er,unsmoothed,-0.032278999005595804,-0.03066484828685869,EVC,2
21,er,unsmoothed,0.027535322305019497,0.028335625960720746,EVC,3
21,er,sm_2_vox,0.07551720069392806,0.08184446411456199,EVC,1
21,er,sm_2_vox,0.1105506877114748,0.11182238941595028,EVC,2
21,er,sm_2_vox,0.15440822399073206,0.1544520043945935,EVC,3
22,miniblock,unsmoothed,0.06766267764526031,0.08398150215051751,visually_responsive_voxels,1
22,miniblock,unsmoothed,0.03772710343080785,0.05881881412312184,visually_responsive_voxels,2
22,miniblock,unsmoothed,0.06255203916943824,0.0835815991059105,visually_responsive_voxels,3
22,miniblock,sm_2_vox,0.12597022548160489,0.15696256015379917,visually_responsive_voxels,1
22,miniblock,sm_2_vox,0.08922623647436412,0.13772939626327155,visually_responsive_voxels,2
22,miniblock,sm_2_vox,0.10157090148672852,0.15108606792521545,visually_responsive_voxels,3
22,sus,unsmoothed,0.048330286089324555,0.06717383139738721,visually_responsive_voxels,1
22,sus,unsmoothed,0.04523304955824996,0.0628602092014832,visually_responsive_voxels,2
22,sus,unsmoothed,0.03501470092461166,0.05596377488750743,visually_responsive_voxels,3
22,sus,sm_2_vox,0.07583431557906126,0.12212933036197156,visually_responsive_voxels,1
22,sus,sm_2_vox,0.08626413725987443,0.12951296603001353,visually_responsive_voxels,2
22,sus,sm_2_vox,0.04220509486731838,0.09074957067142,visually_responsive_voxels,3
22,er,unsmoothed,0.02067115333494951,0.02127538734753791,visually_responsive_voxels,1
22,er,unsmoothed,0.0015665941652503318,0.0022375909807690426,visually_responsive_voxels,2
22,er,unsmoothed,0.018295585472672706,0.017761253958039902,visually_responsive_voxels,3
22,er,sm_2_vox,0.05655953854956748,0.06136136860037636,visually_responsive_voxels,1
22,er,sm_2_vox,0.07485376657042986,0.07960675379307047,visually_responsive_voxels,2
22,er,sm_2_vox,0.04198126684664087,0.05038084688910105,visually_responsive_voxels,3
22,miniblock,unsmoothed,0.18885830450947005,0.19989704708423298,FFA,1
22,miniblock,unsmoothed,0.1534692920274615,0.16801850814233024,FFA,2
22,miniblock,unsmoothed,0.16302481191415408,0.17803757728535016,FFA,3
22,miniblock,sm_2_vox,0.4604691796594753,0.4547140348564048,FFA,1
22,miniblock,sm_2_vox,0.46771635120187804,0.43208761145562613,FFA,2
22,miniblock,sm_2_vox,0.48801030663426326,0.4306330129351252,FFA,3
22,sus,unsmoothed,0.15524020253709475,0.1683980283145136,FFA,1
22,sus,unsmoothed,0.14177918049491872,0.16375628444928844,FFA,2
22,sus,unsmoothed,0.1675060994151839,0.18416633121306444,FFA,3
22,sus,sm_2_vox,0.5017199147247149,0.45169615189998596,FFA,1
22,sus,sm_2_vox,0.45094379783256383,0.41679288182037116,FFA,2
22,sus,sm_2_vox,0.49842715298681023,0.4434020068130437,FFA,3
22,er,unsmoothed,0.054135569660407036,0.05973958673540342,FFA,1
22,er,unsmoothed,0.039431742847997844,0.029162998795038326,FFA,2
22,er,unsmoothed,0.0763631560621633,0.07473477244140815,FFA,3
22,er,sm_2_vox,0.2131270290558079,0.22943380501654287,FFA,1
22,er,sm_2_vox,0.1660736183406623,0.17181426676803682,FFA,2
22,er,sm_2_vox,0.2250506673631766,0.20690180150772577,FFA,3
22,miniblock,unsmoothed,0.053628636878142844,0.06326504463956606,PPA,1
22,miniblock,unsmoothed,0.03656201735914253,0.04257488445940589,PPA,2
22,miniblock,unsmoothed,0.0584855565757194,0.06792074300137636,PPA,3
22,miniblock,sm_2_vox,0.17399104047334313,0.1907799096027619,PPA,1
22,miniblock,sm_2_vox,0.16531124464632913,0.18021131520521344,PPA,2
22,miniblock,sm_2_vox,0.15776359024394548,0.1835253196835398,PPA,3
22,sus,unsmoothed,0.055764666296912624,0.06048555242128119,PPA,1
22,sus,unsmoothed,0.06633479151205426,0.06751600930985274,PPA,2
22,sus,unsmoothed,0.025908944827346098,0.029428088359407484,PPA,3
22,sus,sm_2_vox,0.16370460193373212,0.17896019226773544,PPA,1
22,sus,sm_2_vox,0.1949394332643475,0.19786115266732957,PPA,2
22,sus,sm_2_vox,0.06326164843797336,0.07730291221115315,PPA,3
22,er,unsmoothed,0.019939578767683694,0.024449995315515175,PPA,1
22,er,unsmoothed,-0.0001733806619011978,0.004383316290674956,PPA,2
22,er,unsmoothed,0.013846369007960638,0.011619937484039064,PPA,3
22,er,sm_2_vox,0.1281756153055058,0.12428010064221831,PPA,1
22,er,sm_2_vox,0.08065781739102884,0.07852597442491767,PPA,2
22,er,sm_2_vox,0.0753052627042583,0.0695606003194137,PPA,3
22,miniblock,unsmoothed,0.07278483987391446,0.08486970902461388,EBA,1
22,miniblock,unsmoothed,0.032249407628883,0.046854374108408474,EBA,2
22,miniblock,unsmoothed,0.04951691666154883,0.05750976338708587,EBA,3
22,miniblock,sm_2_vox,0.14447068107503513,0.17941764484861653,EBA,1
22,miniblock,sm_2_vox,0.0834685336648935,0.12875104309184154,EBA,2
22,miniblock,sm_2_vox,0.10821802025913987,0.14051650401172702,EBA,3
22,sus,unsmoothed,0.04655732654766376,0.05603115029355058,EBA,1
22,sus,unsmoothed,0.03816243213771175,0.049353761247145723,EBA,2
22,sus,unsmoothed,0.017274030301316218,0.03221161494256793,EBA,3
22,sus,sm_2_vox,0.10172180060785735,0.13275929529522493,EBA,1
22,sus,sm_2_vox,0.10489471333844712,0.12919397272775104,EBA,2
22,sus,sm_2_vox,0.02399429136916495,0.06231554763647448,EBA,3
22,er,unsmoothed,0.03126399348287326,0.029365103519435533,EBA,1
22,er,unsmoothed,0.0003021921311165271,0.003926910862093378,EBA,2
22,er,unsmoothed,0.014709510534707055,0.017885888154338638,EBA,3
22,er,sm_2_vox,0.1048880662946049,0.11331749302030653,EBA,1
22,er,sm_2_vox,0.056224594828420266,0.07071814877176327,EBA,2
22,er,sm_2_vox,0.02951053598590382,0.049438736891635464,EBA,3
22,miniblock,unsmoothed,0.12817510830824155,0.15534431162966586,EVC,1
22,miniblock,unsmoothed,0.1101715907655552,0.1462521606562956,EVC,2
22,miniblock,unsmoothed,0.12856198393349605,0.1674230807540373,EVC,3
22,miniblock,sm_2_vox,0.33264783941803905,0.3475879360469339,EVC,1
22,miniblock,sm_2_vox,0.2850440164474891,0.30915545025118896,EVC,2
22,miniblock,sm_2_vox,0.30205525783695325,0.325442201323195,EVC,3
22,sus,unsmoothed,0.12645931300149305,0.15499912665444243,EVC,1
22,sus,unsmoothed,0.10876152383206414,0.13953431477461228,EVC,2
22,sus,unsmoothed,0.10342281138546577,0.14162178988643526,EVC,3
22,sus,sm_2_vox,0.2604980850174638,0.2858909714946154,EVC,1
22,sus,sm_2_vox,0.2292291162715957,0.2535206059191973,EVC,2
22,sus,sm_2_vox,0.22097017610249411,0.2380658759921304,EVC,3
22,er,unsmoothed,0.02881789914209263,0.02923349619946536,EVC,1
22,er,unsmoothed,0.008733912030157805,0.013795197040006738,EVC,2
22,er,unsmoothed,0.03971111999511117,0.040004314849573376,EVC,3
22,er,sm_2_vox,0.09907070367636533,0.10261405375423384,EVC,1
22,er,sm_2_vox,0.14051322389403414,0.14253619461667827,EVC,2
22,er,sm_2_vox,0.12927204866502706,0.13828370159829884,EVC,3
