subject,runtype,smoothing,split,median_reliability,mean_reliability,maximum_reliability,ROI
01,er,unsmoothed,1,0.019792097876915354,0.020427207230734722,0.6535776607772308,visually_responsive_voxels
01,er,unsmoothed,2,-0.01918947736517124,-0.014701327216044082,0.5889986360320644,visually_responsive_voxels
01,er,unsmoothed,3,-0.001369942453992412,0.00035897069763232904,0.6174883381680247,visually_responsive_voxels
01,er,unsmoothed,4,0.00044795384820446593,0.0034463607712740237,0.7158003833278797,visually_responsive_voxels
01,er,unsmoothed,5,-0.006159775622331224,-0.003297842732478601,0.6351588898332688,visually_responsive_voxels
01,er,unsmoothed,6,-0.017264876115140253,-0.013985684649264418,0.6371255131269296,visually_responsive_voxels
01,er,unsmoothed,7,0.009944040721440723,0.01154684830586706,0.6715451297939947,visually_responsive_voxels
01,er,unsmoothed,8,-0.0014599987943956505,0.0009635299717812225,0.5798860871924929,visually_responsive_voxels
01,er,unsmoothed,9,-0.025350347803930688,-0.022201610400206004,0.6205367468394777,visually_responsive_voxels
01,er,unsmoothed,10,0.013272435069089497,0.01564032204133491,0.6528910411077168,visually_responsive_voxels
01,er,sm_2_vox,1,0.052353859511170886,0.0603078574489776,0.7221963064911348,visually_responsive_voxels
01,er,sm_2_vox,2,0.04065260292831677,0.04777386271201791,0.7683551644872897,visually_responsive_voxels
01,er,sm_2_vox,3,0.05682753481294544,0.06019722853167328,0.700687059327803,visually_responsive_voxels
01,er,sm_2_vox,4,0.0607534151610981,0.07159897364046333,0.7495104809092465,visually_responsive_voxels
01,er,sm_2_vox,5,0.0463745164800613,0.05566530566543208,0.7262726438732814,visually_responsive_voxels
01,er,sm_2_vox,6,0.04001367917460999,0.0479744835480904,0.7975906743764296,visually_responsive_voxels
01,er,sm_2_vox,7,0.044468823539503224,0.048446030206449775,0.7283153420347949,visually_responsive_voxels
01,er,sm_2_vox,8,0.05333975784630482,0.06111839084081069,0.7170939021825177,visually_responsive_voxels
01,er,sm_2_vox,9,0.02266141033466011,0.03335931653250459,0.7284396543895183,visually_responsive_voxels
01,er,sm_2_vox,10,0.05458230305318841,0.060862992066361574,0.6954959453374729,visually_responsive_voxels
01,sus,unsmoothed,1,0.061881695814112236,0.07681609750061807,0.9121322610118091,visually_responsive_voxels
01,sus,unsmoothed,2,0.04849817967167287,0.06755104072380902,0.8833713267754134,visually_responsive_voxels
01,sus,unsmoothed,3,0.04550330803536257,0.06285797459279807,0.8642613303308739,visually_responsive_voxels
01,sus,unsmoothed,4,0.047373489386582174,0.062186441148859205,0.8674290930654651,visually_responsive_voxels
01,sus,unsmoothed,5,0.05268915527379781,0.06715466781777948,0.8350382511112192,visually_responsive_voxels
01,sus,unsmoothed,6,0.05481195651415864,0.07005377610298778,0.8652624004375005,visually_responsive_voxels
01,sus,unsmoothed,7,0.06397131544191968,0.08319421449024098,0.8785028952684301,visually_responsive_voxels
01,sus,unsmoothed,8,0.055632020298032034,0.07345444699277537,0.86440463173863,visually_responsive_voxels
01,sus,unsmoothed,9,0.05061350732754254,0.06808163598260626,0.8401817222242502,visually_responsive_voxels
01,sus,unsmoothed,10,0.05856583734285757,0.07239406117610843,0.8766516491232978,visually_responsive_voxels
01,sus,sm_2_vox,1,0.10725643742613933,0.1499824004628615,0.92000748906083,visually_responsive_voxels
01,sus,sm_2_vox,2,0.09310395211907851,0.12531548614872576,0.8634980431235326,visually_responsive_voxels
01,sus,sm_2_vox,3,0.08932384852824748,0.12891216953288734,0.8627962485692715,visually_responsive_voxels
01,sus,sm_2_vox,4,0.09901397775040377,0.1275885933958733,0.8974949535759966,visually_responsive_voxels
01,sus,sm_2_vox,5,0.09120679794844591,0.12681104584379838,0.8813249981488764,visually_responsive_voxels
01,sus,sm_2_vox,6,0.10382135458826616,0.1387124010122086,0.8991498396673364,visually_responsive_voxels
01,sus,sm_2_vox,7,0.1075773726949134,0.15313200114400424,0.9172250214211727,visually_responsive_voxels
01,sus,sm_2_vox,8,0.10491123205999711,0.14099508524197843,0.9007861243015836,visually_responsive_voxels
01,sus,sm_2_vox,9,0.10325214204826161,0.13630958907814944,0.8810753198052585,visually_responsive_voxels
01,sus,sm_2_vox,10,0.0988171792768841,0.12662170184303853,0.8716832001027359,visually_responsive_voxels
01,miniblock,unsmoothed,1,0.08040284414383045,0.09940997892625593,0.8717974844676697,visually_responsive_voxels
01,miniblock,unsmoothed,2,0.09651868896955654,0.1108025038930857,0.8919511605684067,visually_responsive_voxels
01,miniblock,unsmoothed,3,0.0682167192675482,0.08320841396169727,0.8998140198583684,visually_responsive_voxels
01,miniblock,unsmoothed,4,0.06844210609813603,0.08356978419934971,0.8778461215123033,visually_responsive_voxels
01,miniblock,unsmoothed,5,0.0838199182117036,0.10492739284806098,0.8905095655634374,visually_responsive_voxels
01,miniblock,unsmoothed,6,0.1013419836891068,0.12366639874615858,0.8860874994815253,visually_responsive_voxels
01,miniblock,unsmoothed,7,0.09288333676688197,0.10971189302350733,0.8777493528892379,visually_responsive_voxels
01,miniblock,unsmoothed,8,0.0827270468515664,0.09888435696172618,0.8749394098366863,visually_responsive_voxels
01,miniblock,unsmoothed,9,0.08414552876162548,0.10197669148898918,0.8573235219553853,visually_responsive_voxels
01,miniblock,unsmoothed,10,0.09621989568662209,0.11662681601103675,0.8428668446006691,visually_responsive_voxels
01,miniblock,sm_2_vox,1,0.12755588804424042,0.17963396509533472,0.9139432300979291,visually_responsive_voxels
01,miniblock,sm_2_vox,2,0.1501526852428462,0.20415019975896093,0.928641097517988,visually_responsive_voxels
01,miniblock,sm_2_vox,3,0.11184931059238641,0.16307995611201734,0.9309476614909081,visually_responsive_voxels
01,miniblock,sm_2_vox,4,0.13282631597045735,0.1863460124713502,0.926136737042806,visually_responsive_voxels
01,miniblock,sm_2_vox,5,0.11239927739907636,0.167520017891554,0.9166260385321765,visually_responsive_voxels
01,miniblock,sm_2_vox,6,0.12446356994148446,0.18133667599756886,0.9168284557985803,visually_responsive_voxels
01,miniblock,sm_2_vox,7,0.13108512228833658,0.1930236302825843,0.9435826840391631,visually_responsive_voxels
01,miniblock,sm_2_vox,8,0.10103683751231764,0.1602184226517591,0.9482689239638865,visually_responsive_voxels
01,miniblock,sm_2_vox,9,0.126721338674483,0.17833499149784351,0.9013259412262786,visually_responsive_voxels
01,miniblock,sm_2_vox,10,0.13541023821320203,0.1924201229208363,0.9139162657315818,visually_responsive_voxels
01,er,unsmoothed,1,0.10212841094124304,0.09715061296339136,0.4745262400920115,FFA
01,er,unsmoothed,2,0.05920102999696872,0.05604290970914,0.5417740040453733,FFA
01,er,unsmoothed,3,0.05932626966409893,0.06493685717107753,0.6174883381680247,FFA
01,er,unsmoothed,4,0.08775661719927325,0.08594687426352211,0.7158003833278797,FFA
01,er,unsmoothed,5,0.0646054822339135,0.07623171367025845,0.6034309925983583,FFA
01,er,unsmoothed,6,0.06872920234232047,0.06367248860218426,0.562902184282404,FFA
01,er,unsmoothed,7,0.06122363652368568,0.06520961453680935,0.5956641521184426,FFA
01,er,unsmoothed,8,0.06904010236247989,0.07025604572174844,0.5771584430978681,FFA
01,er,unsmoothed,9,0.04305038540123654,0.05983561723511542,0.5573483347161099,FFA
01,er,unsmoothed,10,0.10107781707510037,0.09260844835233788,0.6674001686709835,FFA
01,er,sm_2_vox,1,0.22278061583178746,0.23090207866151657,0.666358974518372,FFA
01,er,sm_2_vox,2,0.24949731147539572,0.2534632618405624,0.7560318589180389,FFA
01,er,sm_2_vox,3,0.2605195449407831,0.2800763479575829,0.7653879041784268,FFA
01,er,sm_2_vox,4,0.28195914338330585,0.2724604946897873,0.7779229450741092,FFA
01,er,sm_2_vox,5,0.23379404901382447,0.25511108387308495,0.6943927024823943,FFA
01,er,sm_2_vox,6,0.21837276095431066,0.2327288669238075,0.7278438399478783,FFA
01,er,sm_2_vox,7,0.26920909455485614,0.2607510828857905,0.79356519982527,FFA
01,er,sm_2_vox,8,0.2538212336171902,0.25403443269378945,0.6893857239207264,FFA
01,er,sm_2_vox,9,0.26689678124803257,0.2583090165369259,0.7146798578838996,FFA
01,er,sm_2_vox,10,0.2824595362102556,0.2656506451019724,0.6976236997809726,FFA
01,sus,unsmoothed,1,0.27204524259443147,0.26727164659453456,0.7448060793036105,FFA
01,sus,unsmoothed,2,0.22315052010513675,0.24012145005928126,0.780112059958039,FFA
01,sus,unsmoothed,3,0.23857646791940146,0.2418288389607167,0.8642613303308739,FFA
01,sus,unsmoothed,4,0.2224762891575343,0.23757072167563095,0.7793628464639016,FFA
01,sus,unsmoothed,5,0.28601289692239007,0.2774475677145621,0.7795770541666864,FFA
01,sus,unsmoothed,6,0.25637603219482397,0.24331715829371686,0.784660375372665,FFA
01,sus,unsmoothed,7,0.22650167050425743,0.24911324159712006,0.8135473042146498,FFA
01,sus,unsmoothed,8,0.20306327144777084,0.2514037892938303,0.834122675062565,FFA
01,sus,unsmoothed,9,0.21973691794902,0.22073494356265927,0.7773659994747277,FFA
01,sus,unsmoothed,10,0.24515378789450265,0.261399284835387,0.7539902828937953,FFA
01,sus,sm_2_vox,1,0.5719530447690108,0.48381141065299876,0.8384360464986726,FFA
01,sus,sm_2_vox,2,0.4953786832515142,0.4507723890833378,0.842382673757532,FFA
01,sus,sm_2_vox,3,0.5420071223600815,0.4703248508133902,0.8422326895351133,FFA
01,sus,sm_2_vox,4,0.532150951326831,0.47291924096381044,0.8464666438543134,FFA
01,sus,sm_2_vox,5,0.5790924412544517,0.5050710418929575,0.8813249981488764,FFA
01,sus,sm_2_vox,6,0.4857041162148897,0.43993379451928843,0.8388646390992246,FFA
01,sus,sm_2_vox,7,0.5627237228005191,0.48161892328209643,0.8452844852451299,FFA
01,sus,sm_2_vox,8,0.5421702238789261,0.47860239788192444,0.8825949201461423,FFA
01,sus,sm_2_vox,9,0.4930049355431887,0.4229490464593113,0.8089246528713483,FFA
01,sus,sm_2_vox,10,0.5364598177594542,0.47027053072541036,0.8503029339361139,FFA
01,miniblock,unsmoothed,1,0.2797487888762176,0.28632702155797674,0.8717974844676697,FFA
01,miniblock,unsmoothed,2,0.2718113199318556,0.2712358918437201,0.7979441926120359,FFA
01,miniblock,unsmoothed,3,0.2861736126612431,0.2670981420524738,0.8196674934620292,FFA
01,miniblock,unsmoothed,4,0.26923175799022137,0.2723143147839773,0.8778461215123033,FFA
01,miniblock,unsmoothed,5,0.2497728794577091,0.24685415042890205,0.7872985806814501,FFA
01,miniblock,unsmoothed,6,0.29892534573407026,0.282092904728764,0.8422793426516514,FFA
01,miniblock,unsmoothed,7,0.29097826002722893,0.2712750460437244,0.7855156184365617,FFA
01,miniblock,unsmoothed,8,0.24487959708699691,0.2674186185592608,0.7853102024157932,FFA
01,miniblock,unsmoothed,9,0.26956569888805965,0.2623535312074226,0.7669405967001058,FFA
01,miniblock,unsmoothed,10,0.28373806086960357,0.27699562955927587,0.8092949676765608,FFA
01,miniblock,sm_2_vox,1,0.5811188627737779,0.5334994515175371,0.8766153762453899,FFA
01,miniblock,sm_2_vox,2,0.6104462484432547,0.5223159408658257,0.8816548159796425,FFA
01,miniblock,sm_2_vox,3,0.6043392244267728,0.5292205492343927,0.859993054058144,FFA
01,miniblock,sm_2_vox,4,0.6043793115096855,0.5246722280584087,0.9286758415367886,FFA
01,miniblock,sm_2_vox,5,0.5892155936985742,0.4957178003452911,0.8843418251021171,FFA
01,miniblock,sm_2_vox,6,0.6288633080386101,0.5333524982846904,0.8931809904811371,FFA
01,miniblock,sm_2_vox,7,0.6119636336219136,0.5172799953705108,0.8815461527922455,FFA
01,miniblock,sm_2_vox,8,0.5730834938299074,0.5000856874906237,0.8542687668815551,FFA
01,miniblock,sm_2_vox,9,0.5945365117665758,0.521223103428309,0.8641757642256026,FFA
01,miniblock,sm_2_vox,10,0.6507775051252958,0.5525793667281285,0.8857498756091111,FFA
01,er,unsmoothed,1,-0.00410977229032343,0.0020479588091761565,0.4355749183110295,PPA
01,er,unsmoothed,2,-0.026342518845776274,-0.02298294120781306,0.44317022311722093,PPA
01,er,unsmoothed,3,-0.055136854658750796,-0.033347758692690056,0.3561736522416192,PPA
01,er,unsmoothed,4,-0.01640684794805234,-0.020696527018096766,0.43163630249351226,PPA
01,er,unsmoothed,5,0.024540472967626174,0.02253717286090444,0.4051906861096465,PPA
01,er,unsmoothed,6,-0.02573771472120729,-0.0012160000331938334,0.3286587682166058,PPA
01,er,unsmoothed,7,0.015991835586920765,0.01876143467719485,0.3862890990799483,PPA
01,er,unsmoothed,8,0.023634387590248836,0.017077440112246694,0.4446048062197947,PPA
01,er,unsmoothed,9,-0.0010506723977928185,-0.012130866654298637,0.3936446595650658,PPA
01,er,unsmoothed,10,0.03546104224989301,0.03374571503406439,0.4440807081010601,PPA
01,er,sm_2_vox,1,0.04557977074438312,0.03664945886640838,0.3829776814359396,PPA
01,er,sm_2_vox,2,0.0011122141128121765,0.0238285675075202,0.4177244790086964,PPA
01,er,sm_2_vox,3,0.05776830377767763,0.06014997353529609,0.4270548945749756,PPA
01,er,sm_2_vox,4,0.03634873608776067,0.048468486028589504,0.6441788694007551,PPA
01,er,sm_2_vox,5,0.07434611561211908,0.06804294689222615,0.4419738379941397,PPA
01,er,sm_2_vox,6,-0.0016502882234186445,0.01866337656641096,0.4684833141400343,PPA
01,er,sm_2_vox,7,0.09744058570633599,0.109083042588691,0.605249515899703,PPA
01,er,sm_2_vox,8,-0.012442737956357773,-0.00812381259558416,0.3623280911068849,PPA
01,er,sm_2_vox,9,-0.06256704524144827,-0.055502193956163,0.29608234334017786,PPA
01,er,sm_2_vox,10,0.052871152730840976,0.03787792663173587,0.3491369977083741,PPA
01,sus,unsmoothed,1,0.03088650817301422,0.037253473403638354,0.42167755625286524,PPA
01,sus,unsmoothed,2,0.04943822768540197,0.05810093008229681,0.4089744315621674,PPA
01,sus,unsmoothed,3,0.06626833210245828,0.06343643099435707,0.5018493139367726,PPA
01,sus,unsmoothed,4,0.02921763500773584,0.02249198606285277,0.35203886696196746,PPA
01,sus,unsmoothed,5,0.045486889352881935,0.043325830906147174,0.5886746202298847,PPA
01,sus,unsmoothed,6,0.04748705958537676,0.04000968198596306,0.498298703778668,PPA
01,sus,unsmoothed,7,0.06700579400648786,0.07214079274460414,0.503737834003804,PPA
01,sus,unsmoothed,8,0.06423191494238774,0.053753366841753476,0.40726813792094996,PPA
01,sus,unsmoothed,9,0.07603650928161337,0.0677090200554557,0.4926728665911866,PPA
01,sus,unsmoothed,10,0.061417380337170785,0.0566069208895314,0.4849058122093188,PPA
01,sus,sm_2_vox,1,0.2328754853425707,0.21202980102562893,0.5207253747108276,PPA
01,sus,sm_2_vox,2,0.15918795696710863,0.15175409396732525,0.45367154587567515,PPA
01,sus,sm_2_vox,3,0.20479192741814478,0.19939893165819036,0.49067505472617656,PPA
01,sus,sm_2_vox,4,0.10532499626164862,0.11144462309762904,0.4539225253095347,PPA
01,sus,sm_2_vox,5,0.14458718540776538,0.1287778117178874,0.5449061788751558,PPA
01,sus,sm_2_vox,6,0.23151279617254883,0.20683590221987813,0.5415276740418041,PPA
01,sus,sm_2_vox,7,0.2668900901885579,0.24441040792261404,0.5727376228424043,PPA
01,sus,sm_2_vox,8,0.20674354058825434,0.2062866468673224,0.624773301503609,PPA
01,sus,sm_2_vox,9,0.18197393160309863,0.16753553011044509,0.6038560622829963,PPA
01,sus,sm_2_vox,10,0.1864644647922033,0.18826607396446188,0.6373784894683888,PPA
01,miniblock,unsmoothed,1,0.042562833624771534,0.03907462050767042,0.40264983820336264,PPA
01,miniblock,unsmoothed,2,0.07132783921720469,0.07016809220890197,0.4203006769935293,PPA
01,miniblock,unsmoothed,3,0.04020555501376838,0.03816502532904644,0.45871215472064436,PPA
01,miniblock,unsmoothed,4,0.013864301577108613,0.03404416892029025,0.44565421309992925,PPA
01,miniblock,unsmoothed,5,0.06606050233765648,0.056695251443647635,0.5142012038741489,PPA
01,miniblock,unsmoothed,6,0.07759914624020611,0.05499802049058536,0.5373609546434858,PPA
01,miniblock,unsmoothed,7,0.03848240283974824,0.03503625251749403,0.583664425665866,PPA
01,miniblock,unsmoothed,8,0.040569675742609355,0.041941007036250984,0.4867236150625196,PPA
01,miniblock,unsmoothed,9,0.08174977119648813,0.07432234059931096,0.5189417817996341,PPA
01,miniblock,unsmoothed,10,0.036648246182873295,0.04410278035153344,0.5062694738248411,PPA
01,miniblock,sm_2_vox,1,0.1705522979817766,0.1322068772515123,0.5305421591930255,PPA
01,miniblock,sm_2_vox,2,0.1662086905440697,0.16040310251673945,0.5394895313305638,PPA
01,miniblock,sm_2_vox,3,0.1854787972610702,0.16228488009900327,0.6055380477248478,PPA
01,miniblock,sm_2_vox,4,0.10629516001015647,0.07891388958598339,0.5462150557046993,PPA
01,miniblock,sm_2_vox,5,0.14283547956011916,0.12478613170056235,0.6056608572442173,PPA
01,miniblock,sm_2_vox,6,0.19767967814395598,0.15146233046729243,0.5748174894719722,PPA
01,miniblock,sm_2_vox,7,0.1024468232386429,0.0976281448669989,0.6103116693489712,PPA
01,miniblock,sm_2_vox,8,0.10713224432195848,0.10812553421005436,0.6894069456529918,PPA
01,miniblock,sm_2_vox,9,0.1608239358782541,0.13955706200880658,0.6022299530632218,PPA
01,miniblock,sm_2_vox,10,0.21712005429462655,0.1653181237929379,0.6322021108236311,PPA
01,er,unsmoothed,1,0.028666125763659137,0.02684255706390022,0.5717656907408402,EBA
01,er,unsmoothed,2,-0.0010550179832939238,-9.18292814338751e-05,0.5642978468425925,EBA
01,er,unsmoothed,3,0.010541352542789695,0.013240647568264357,0.5578920824493531,EBA
01,er,unsmoothed,4,0.01587819797181554,0.022598964493010007,0.5461590938837722,EBA
01,er,unsmoothed,5,0.00368027720970451,0.010440975681794244,0.5865615506144357,EBA
01,er,unsmoothed,6,-0.0026969968994714176,-0.0021331232008866934,0.49811600150428437,EBA
01,er,unsmoothed,7,0.029064364369961113,0.029420165833632137,0.6296553107349259,EBA
01,er,unsmoothed,8,0.0029935479666471088,0.0029427310366402547,0.5234688387196851,EBA
01,er,unsmoothed,9,-0.015624584636058599,-0.010333178161970175,0.5599234966905646,EBA
01,er,unsmoothed,10,0.019532218250930183,0.019497621582432074,0.5193701724356934,EBA
01,er,sm_2_vox,1,0.07238825000638305,0.08961420969363734,0.6380280792969584,EBA
01,er,sm_2_vox,2,0.11346292410834836,0.11582076180456909,0.6343220009807655,EBA
01,er,sm_2_vox,3,0.07750030742755992,0.08047023700267755,0.6979838182591118,EBA
01,er,sm_2_vox,4,0.08951672940426728,0.10836819311920368,0.6768161617680181,EBA
01,er,sm_2_vox,5,0.050638362039129185,0.0658498705334882,0.6952577716092962,EBA
01,er,sm_2_vox,6,0.06804818677193537,0.07782917025869741,0.6408184697377202,EBA
01,er,sm_2_vox,7,0.08557009856716351,0.0953226682034503,0.6712056117683174,EBA
01,er,sm_2_vox,8,0.07020404078632508,0.07426520483180983,0.6747088224708058,EBA
01,er,sm_2_vox,9,0.07097065493868213,0.06612662126551984,0.6435744890192279,EBA
01,er,sm_2_vox,10,0.08039462936746784,0.0751903359364339,0.6308577387530296,EBA
01,sus,unsmoothed,1,0.09926988587309499,0.11612237638564306,0.804439087471401,EBA
01,sus,unsmoothed,2,0.08864788896427662,0.10536152887062761,0.7863145818787225,EBA
01,sus,unsmoothed,3,0.09590170400715431,0.10719290114866359,0.8252063396293597,EBA
01,sus,unsmoothed,4,0.07706768262782407,0.09251217874520051,0.7424887935469047,EBA
01,sus,unsmoothed,5,0.10280197133394785,0.11804284224108239,0.768524017620619,EBA
01,sus,unsmoothed,6,0.09927443687473433,0.11407535527765947,0.75639208396723,EBA
01,sus,unsmoothed,7,0.09335849028212771,0.10420802839409261,0.7105804078260292,EBA
01,sus,unsmoothed,8,0.0826867070445861,0.1049292259708296,0.7879145830252754,EBA
01,sus,unsmoothed,9,0.08057558057654612,0.09705186906511797,0.8177745821914466,EBA
01,sus,unsmoothed,10,0.09821584307681892,0.11279494000190238,0.803086083660042,EBA
01,sus,sm_2_vox,1,0.2425143243164098,0.2623598572845732,0.8803188627470306,EBA
01,sus,sm_2_vox,2,0.21465363170469917,0.22991187278659608,0.8209509343927466,EBA
01,sus,sm_2_vox,3,0.2492617975206323,0.2529733171842242,0.829039383058317,EBA
01,sus,sm_2_vox,4,0.20968370891182175,0.22348953987758682,0.8787949586649766,EBA
01,sus,sm_2_vox,5,0.2533036432784429,0.2575836562779628,0.8169793203634439,EBA
01,sus,sm_2_vox,6,0.24116323992445146,0.2567487898611181,0.7819547707902816,EBA
01,sus,sm_2_vox,7,0.20085210327047448,0.21183252766807323,0.7703790013473246,EBA
01,sus,sm_2_vox,8,0.2226316204426715,0.23592442756829765,0.8195104023402245,EBA
01,sus,sm_2_vox,9,0.20335118224317683,0.2175914735564258,0.7956434448799481,EBA
01,sus,sm_2_vox,10,0.21248238666728608,0.21529550705742093,0.7943257428008341,EBA
01,miniblock,unsmoothed,1,0.1392277333857473,0.16036680500954334,0.7856877044985667,EBA
01,miniblock,unsmoothed,2,0.1414972606483836,0.15955680170669623,0.7622471492694379,EBA
01,miniblock,unsmoothed,3,0.1169583914049655,0.14334984044489366,0.8176388664809298,EBA
01,miniblock,unsmoothed,4,0.11974138487364483,0.14158183492492124,0.7977760641828349,EBA
01,miniblock,unsmoothed,5,0.14016075421649857,0.15807286533699025,0.7974305108998033,EBA
01,miniblock,unsmoothed,6,0.16702065950034076,0.1953220422276866,0.8713988751733888,EBA
01,miniblock,unsmoothed,7,0.1423329197901285,0.16770587399231768,0.8452544372184281,EBA
01,miniblock,unsmoothed,8,0.14125036184216555,0.16821536224762398,0.8340581879987841,EBA
01,miniblock,unsmoothed,9,0.12372267486424833,0.14450869769852925,0.786335104057631,EBA
01,miniblock,unsmoothed,10,0.16601838631825652,0.18492475562452085,0.7973476904548596,EBA
01,miniblock,sm_2_vox,1,0.3248607983333836,0.33168317747415854,0.9043967099090833,EBA
01,miniblock,sm_2_vox,2,0.33629595101806115,0.3470365812278021,0.8689843841419314,EBA
01,miniblock,sm_2_vox,3,0.28118933996337264,0.2981947164079107,0.862527689956191,EBA
01,miniblock,sm_2_vox,4,0.3043421912461295,0.3186887792483597,0.8556394485758243,EBA
01,miniblock,sm_2_vox,5,0.2798384529769622,0.29264066304111236,0.8468514278224777,EBA
01,miniblock,sm_2_vox,6,0.318157103209322,0.3309705026999381,0.8954327343321062,EBA
01,miniblock,sm_2_vox,7,0.31029835309435955,0.32698859011260123,0.8832676046836205,EBA
01,miniblock,sm_2_vox,8,0.3292536782584541,0.3336185832129021,0.8755758933000993,EBA
01,miniblock,sm_2_vox,9,0.2968057595673117,0.31517154313158674,0.85535323542549,EBA
01,miniblock,sm_2_vox,10,0.3525466213447549,0.3531567305547715,0.8806035376245946,EBA
01,er,unsmoothed,1,0.03124944788405061,0.03473019759044077,0.6440582702340945,EVC
01,er,unsmoothed,2,-0.012649399934921972,-0.0059875307928318865,0.5889986360320644,EVC
01,er,unsmoothed,3,0.00658275795507797,0.008427663358371069,0.604155400631686,EVC
01,er,unsmoothed,4,0.015675732052833118,0.019676609998442497,0.6369582346053708,EVC
01,er,unsmoothed,5,0.0010000724558450191,0.005964533525746173,0.6351588898332688,EVC
01,er,unsmoothed,6,-0.004276774455968871,0.001787693376891342,0.6371255131269296,EVC
01,er,unsmoothed,7,0.018124160972707217,0.02225570933204439,0.6715451297939947,EVC
01,er,unsmoothed,8,0.0020976915331018635,0.008850248588198556,0.5798860871924929,EVC
01,er,unsmoothed,9,-0.010987582059799002,-0.0037605636204636034,0.7087415815977087,EVC
01,er,unsmoothed,10,0.03659477257322703,0.041595894623672816,0.6528910411077168,EVC
01,er,sm_2_vox,1,0.11741845336045953,0.12412629238046188,0.7420157224608631,EVC
01,er,sm_2_vox,2,0.06537119864952474,0.07592922235677244,0.686433094164796,EVC
01,er,sm_2_vox,3,0.09476668657418977,0.09348241457324764,0.6628086734382707,EVC
01,er,sm_2_vox,4,0.13285529666889181,0.14066284596807663,0.7490934450418517,EVC
01,er,sm_2_vox,5,0.09111647277939068,0.10423454684806627,0.7100819428056909,EVC
01,er,sm_2_vox,6,0.07586626814639226,0.08874819766681907,0.7975906743764296,EVC
01,er,sm_2_vox,7,0.05174261736773678,0.05910970695499953,0.6713851709372699,EVC
01,er,sm_2_vox,8,0.10952415526298889,0.11937162209240802,0.7170939021825177,EVC
01,er,sm_2_vox,9,0.07872807262853176,0.09021905200122164,0.7284396543895183,EVC
01,er,sm_2_vox,10,0.09802251786238764,0.1058887171242771,0.7429244052200537,EVC
01,sus,unsmoothed,1,0.12620054643781176,0.15954422764493834,0.9121322610118091,EVC
01,sus,unsmoothed,2,0.11743994838827065,0.15024873922482354,0.8833713267754134,EVC
01,sus,unsmoothed,3,0.10656029049339552,0.139551519002307,0.8599250858455285,EVC
01,sus,unsmoothed,4,0.12748977903197364,0.15694118370770166,0.8674290930654651,EVC
01,sus,unsmoothed,5,0.12056337393832356,0.1473246426654528,0.8645304205265683,EVC
01,sus,unsmoothed,6,0.11498337131357353,0.14637431080238214,0.8884442118508701,EVC
01,sus,unsmoothed,7,0.127020775347111,0.16431936120450186,0.8785028952684301,EVC
01,sus,unsmoothed,8,0.12990367308111414,0.15842589607034435,0.86440463173863,EVC
01,sus,unsmoothed,9,0.10833327038656285,0.14414696124124562,0.8401817222242502,EVC
01,sus,unsmoothed,10,0.13162828035004223,0.15689109820217872,0.8766516491232978,EVC
01,sus,sm_2_vox,1,0.26592379013832057,0.31020792220991844,0.9326484746886616,EVC
01,sus,sm_2_vox,2,0.23369414413249512,0.2782183769436426,0.8814486614974408,EVC
01,sus,sm_2_vox,3,0.24544200973934177,0.27174141326380674,0.856584597650659,EVC
01,sus,sm_2_vox,4,0.2677872797395471,0.29599368208236343,0.901425401171283,EVC
01,sus,sm_2_vox,5,0.25640863517213874,0.2849917637220689,0.8779266988968066,EVC
01,sus,sm_2_vox,6,0.22285704030678816,0.27642987485859927,0.8991498396673364,EVC
01,sus,sm_2_vox,7,0.25809954808037505,0.3073826635156708,0.9172250214211727,EVC
01,sus,sm_2_vox,8,0.24814876215118364,0.2798351831089096,0.9007861243015836,EVC
01,sus,sm_2_vox,9,0.22914541054582854,0.27366913197389353,0.8810753198052585,EVC
01,sus,sm_2_vox,10,0.251050442159831,0.2837133708119364,0.8716832001027359,EVC
01,miniblock,unsmoothed,1,0.1417297532507594,0.1737929293085054,0.8953237926364046,EVC
01,miniblock,unsmoothed,2,0.14424830517565307,0.17101525440064405,0.8919511605684067,EVC
01,miniblock,unsmoothed,3,0.10686134476357953,0.13720225411818063,0.8998140198583684,EVC
01,miniblock,unsmoothed,4,0.11090895553586544,0.13960375622991672,0.8687117898783838,EVC
01,miniblock,unsmoothed,5,0.14710862764025706,0.1784995739958816,0.8905095655634374,EVC
01,miniblock,unsmoothed,6,0.17639097995860936,0.2020163595938977,0.8860874994815253,EVC
01,miniblock,unsmoothed,7,0.15968993743545398,0.18628774718066102,0.8791443079547578,EVC
01,miniblock,unsmoothed,8,0.14293557250207906,0.1679719402508279,0.8799974206114924,EVC
01,miniblock,unsmoothed,9,0.13568032851911035,0.1661710596103517,0.8573235219553853,EVC
01,miniblock,unsmoothed,10,0.1637082682577778,0.18316888915140492,0.8428668446006691,EVC
01,miniblock,sm_2_vox,1,0.24516826117272722,0.31477117416640626,0.9159693893162087,EVC
01,miniblock,sm_2_vox,2,0.28193588005534187,0.3264209566413356,0.928641097517988,EVC
01,miniblock,sm_2_vox,3,0.21779231571053442,0.28661514309852315,0.9309476614909081,EVC
01,miniblock,sm_2_vox,4,0.28808950223283236,0.32923364642925984,0.926136737042806,EVC
01,miniblock,sm_2_vox,5,0.26917995183512766,0.30358602012570457,0.9166260385321765,EVC
01,miniblock,sm_2_vox,6,0.2746533164197781,0.3225665920070102,0.9187123591825257,EVC
01,miniblock,sm_2_vox,7,0.30053476844337573,0.33509162915978846,0.9435826840391631,EVC
01,miniblock,sm_2_vox,8,0.23763275436053852,0.2976160881201592,0.9482689239638865,EVC
01,miniblock,sm_2_vox,9,0.25473939581257343,0.30261994923943286,0.9013259412262786,EVC
01,miniblock,sm_2_vox,10,0.291271720178306,0.32012807278873445,0.9139162657315818,EVC
02,er,unsmoothed,1,0.03325668468253762,0.03707775886596992,0.7171559077491492,visually_responsive_voxels
02,er,unsmoothed,2,0.03514978931506147,0.037493902506805024,0.7373086744996461,visually_responsive_voxels
02,er,unsmoothed,3,0.03387274408112345,0.035556471870463534,0.6255328121357311,visually_responsive_voxels
02,er,unsmoothed,4,0.026382171028568623,0.029911720444170148,0.7599748993758911,visually_responsive_voxels
02,er,unsmoothed,5,0.06279273477371268,0.0664339394558544,0.7514579552959272,visually_responsive_voxels
02,er,unsmoothed,6,0.03762807705636365,0.04022349311622014,0.7175551883700677,visually_responsive_voxels
02,er,unsmoothed,7,0.045281433696153714,0.04748696936222442,0.7491156422651739,visually_responsive_voxels
02,er,unsmoothed,8,0.04283980110582235,0.04827577724327832,0.7869375192496177,visually_responsive_voxels
02,er,unsmoothed,9,0.02582143428249133,0.029928768484266895,0.6998750340659532,visually_responsive_voxels
02,er,unsmoothed,10,0.03174871699124416,0.03466935171547503,0.7389493672110128,visually_responsive_voxels
02,er,sm_2_vox,1,0.03182033283437949,0.04847245699336774,0.7851853044938002,visually_responsive_voxels
02,er,sm_2_vox,2,0.04193570660034704,0.05770312350180024,0.7955652535246612,visually_responsive_voxels
02,er,sm_2_vox,3,0.06732126650076553,0.07508340908818076,0.785204245919944,visually_responsive_voxels
02,er,sm_2_vox,4,0.07509955116097128,0.08695278715578399,0.8668056580820716,visually_responsive_voxels
02,er,sm_2_vox,5,0.08294763095684721,0.09610528695051382,0.8265286683949864,visually_responsive_voxels
02,er,sm_2_vox,6,0.060522681596718544,0.0760269181312387,0.7882478017252088,visually_responsive_voxels
02,er,sm_2_vox,7,0.05794258774581763,0.07229036946109792,0.8061507801108392,visually_responsive_voxels
02,er,sm_2_vox,8,0.08660507968327577,0.09804119768587356,0.7944337996034496,visually_responsive_voxels
02,er,sm_2_vox,9,0.07156438855894615,0.08178949944649504,0.7655659070119022,visually_responsive_voxels
02,er,sm_2_vox,10,0.052217709064163544,0.06711342765412058,0.7676209794297574,visually_responsive_voxels
02,sus,unsmoothed,1,0.05171716748980627,0.07162126654250914,0.8721826583323482,visually_responsive_voxels
02,sus,unsmoothed,2,0.05072595293414338,0.06782061405710017,0.8483324899891262,visually_responsive_voxels
02,sus,unsmoothed,3,0.04450794930296626,0.07163991460777579,0.9036770248802536,visually_responsive_voxels
02,sus,unsmoothed,4,0.029857396619304328,0.05249579914202812,0.855208226102279,visually_responsive_voxels
02,sus,unsmoothed,5,0.03191776923675215,0.05699931049417656,0.8705916339677608,visually_responsive_voxels
02,sus,unsmoothed,6,0.05566614720135188,0.07630478710895972,0.86988446074815,visually_responsive_voxels
02,sus,unsmoothed,7,0.03462968008838686,0.05487015232113875,0.8637355654271226,visually_responsive_voxels
02,sus,unsmoothed,8,0.05121744756198329,0.07381137032026525,0.8821208141941617,visually_responsive_voxels
02,sus,unsmoothed,9,0.02975729901158237,0.0507310324950517,0.8973353453441395,visually_responsive_voxels
02,sus,unsmoothed,10,0.013684559846959743,0.03288590895803617,0.8387258352337361,visually_responsive_voxels
02,sus,sm_2_vox,1,0.08638543452490685,0.1266856463681235,0.889873132815376,visually_responsive_voxels
02,sus,sm_2_vox,2,0.11499294177371847,0.15770470773685255,0.9057023839862466,visually_responsive_voxels
02,sus,sm_2_vox,3,0.11845739544409473,0.16539206222423306,0.9119239749984531,visually_responsive_voxels
02,sus,sm_2_vox,4,0.07864240167872895,0.12501460046959084,0.899186791559905,visually_responsive_voxels
02,sus,sm_2_vox,5,0.09523518796936256,0.14051189127932406,0.9057649949962556,visually_responsive_voxels
02,sus,sm_2_vox,6,0.13276005792241785,0.16711115503269716,0.9105277719172813,visually_responsive_voxels
02,sus,sm_2_vox,7,0.11084439607018076,0.15298973791142742,0.9116322586073846,visually_responsive_voxels
02,sus,sm_2_vox,8,0.0864292252516154,0.14081695211605674,0.9070610336276999,visually_responsive_voxels
02,sus,sm_2_vox,9,0.08130816528579696,0.12734521452972256,0.9357145674666276,visually_responsive_voxels
02,sus,sm_2_vox,10,0.06964248901821404,0.12105227943518726,0.9108213750732026,visually_responsive_voxels
02,miniblock,unsmoothed,1,0.07490047043796075,0.08876980705963984,0.8312301258331126,visually_responsive_voxels
02,miniblock,unsmoothed,2,0.08142740715318439,0.09812839467835108,0.8222751435741054,visually_responsive_voxels
02,miniblock,unsmoothed,3,0.0867491857320379,0.10174329684450974,0.8298182995045684,visually_responsive_voxels
02,miniblock,unsmoothed,4,0.09522672743952829,0.10696706670066133,0.8102842166375879,visually_responsive_voxels
02,miniblock,unsmoothed,5,0.0860397582460917,0.0974269553135184,0.8497466400239815,visually_responsive_voxels
02,miniblock,unsmoothed,6,0.0963703798936582,0.10854972531941168,0.8249139835276629,visually_responsive_voxels
02,miniblock,unsmoothed,7,0.11884068685949253,0.1250478425069335,0.819183912111851,visually_responsive_voxels
02,miniblock,unsmoothed,8,0.0945302056474254,0.1036202023917851,0.7963111569303336,visually_responsive_voxels
02,miniblock,unsmoothed,9,0.10003760936195746,0.11259477459444799,0.8128216979272145,visually_responsive_voxels
02,miniblock,unsmoothed,10,0.08828161033148837,0.09923308086640414,0.8383814320546477,visually_responsive_voxels
02,miniblock,sm_2_vox,1,0.13607181577351546,0.173128855979635,0.9068938332683167,visually_responsive_voxels
02,miniblock,sm_2_vox,2,0.10380418034634303,0.15942099258158313,0.9078906813628487,visually_responsive_voxels
02,miniblock,sm_2_vox,3,0.13486329985798176,0.1722901128043322,0.897105181303703,visually_responsive_voxels
02,miniblock,sm_2_vox,4,0.12438599421618564,0.16739122007528606,0.8946476740312896,visually_responsive_voxels
02,miniblock,sm_2_vox,5,0.12574604353226865,0.1732489193045888,0.9168048545884849,visually_responsive_voxels
02,miniblock,sm_2_vox,6,0.10871184305147019,0.15897518035812208,0.9247652069179011,visually_responsive_voxels
02,miniblock,sm_2_vox,7,0.12405079056130605,0.16482284841075046,0.9010705087946909,visually_responsive_voxels
02,miniblock,sm_2_vox,8,0.12101066774500897,0.16033110564948513,0.9067744678641658,visually_responsive_voxels
02,miniblock,sm_2_vox,9,0.10401794252459423,0.15107707081142804,0.88195516631998,visually_responsive_voxels
02,miniblock,sm_2_vox,10,0.12276970596569413,0.1635429265046129,0.9300250271389132,visually_responsive_voxels
02,er,unsmoothed,1,0.10826295440209141,0.10862806240521221,0.7324019847923328,FFA
02,er,unsmoothed,2,0.10630411319808251,0.11956979768524134,0.74101420610697,FFA
02,er,unsmoothed,3,0.09295594347097091,0.10890438558356103,0.6858630066253029,FFA
02,er,unsmoothed,4,0.10481844949090047,0.11442920957334941,0.7389236637889631,FFA
02,er,unsmoothed,5,0.0980161023128503,0.10678865124213482,0.7017281684063319,FFA
02,er,unsmoothed,6,0.11162844480084866,0.13092001204007558,0.7450818180040772,FFA
02,er,unsmoothed,7,0.1254126957810045,0.1322339329718461,0.6843804773902868,FFA
02,er,unsmoothed,8,0.104360998019258,0.11524762422760813,0.7093905743189987,FFA
02,er,unsmoothed,9,0.07956047763000984,0.08627788261318692,0.6289373935518416,FFA
02,er,unsmoothed,10,0.09733703148704448,0.10482629239029546,0.7389493672110128,FFA
02,er,sm_2_vox,1,0.3393391052787217,0.32544237605933035,0.7851853044938002,FFA
02,er,sm_2_vox,2,0.42017084424549256,0.38795053387929607,0.8181748180924546,FFA
02,er,sm_2_vox,3,0.37583358075475276,0.33997748435045816,0.810115131094848,FFA
02,er,sm_2_vox,4,0.35507614682805744,0.3702941867412267,0.867741383388536,FFA
02,er,sm_2_vox,5,0.3896325332343952,0.34810004752502,0.8434684307136968,FFA
02,er,sm_2_vox,6,0.41721793297724796,0.3834063724348213,0.7919129826129683,FFA
02,er,sm_2_vox,7,0.41117766707104253,0.3791210450030942,0.834092775387926,FFA
02,er,sm_2_vox,8,0.3647130290714502,0.3585327115611561,0.7596081699953566,FFA
02,er,sm_2_vox,9,0.32087778334968975,0.30695469870067466,0.7578873328871287,FFA
02,er,sm_2_vox,10,0.430252137438997,0.38978828095077617,0.8019373866393129,FFA
02,sus,unsmoothed,1,0.17379501787791343,0.19949069873046493,0.814931018264081,FFA
02,sus,unsmoothed,2,0.15844568289667324,0.1749700555988039,0.8375766383580725,FFA
02,sus,unsmoothed,3,0.14052648101990722,0.17540523150009052,0.8617209680835214,FFA
02,sus,unsmoothed,4,0.15502372996666716,0.18028916842572418,0.855208226102279,FFA
02,sus,unsmoothed,5,0.15336980869542632,0.17825704687706642,0.8286234197011614,FFA
02,sus,unsmoothed,6,0.1357698536366363,0.16988699209925526,0.8412831483497458,FFA
02,sus,unsmoothed,7,0.17564079980907882,0.1740254890371965,0.8084061289115851,FFA
02,sus,unsmoothed,8,0.18591752516282356,0.18808103892649047,0.8821208141941617,FFA
02,sus,unsmoothed,9,0.13045811249747097,0.16741676428131277,0.7979723677568589,FFA
02,sus,unsmoothed,10,0.1257834717059521,0.15868226173646993,0.8387258352337361,FFA
02,sus,sm_2_vox,1,0.5334744217431893,0.495633258613911,0.850879264967938,FFA
02,sus,sm_2_vox,2,0.6058934978674518,0.546980801755762,0.9306941315422953,FFA
02,sus,sm_2_vox,3,0.6133077439395296,0.5511928754411076,0.9245406326000013,FFA
02,sus,sm_2_vox,4,0.6364409537553477,0.5482323355426161,0.899186791559905,FFA
02,sus,sm_2_vox,5,0.6210401617657867,0.5546990051475471,0.9040584597130026,FFA
02,sus,sm_2_vox,6,0.6300172156560649,0.549667955657268,0.8964577635573554,FFA
02,sus,sm_2_vox,7,0.6360862066969426,0.5708375207778433,0.9116322586073846,FFA
02,sus,sm_2_vox,8,0.6051426303880383,0.5518827805612896,0.875178832668545,FFA
02,sus,sm_2_vox,9,0.6301696407365329,0.5643789711111219,0.8948869883592807,FFA
02,sus,sm_2_vox,10,0.5947736896547361,0.54221818647593,0.9108213750732026,FFA
02,miniblock,unsmoothed,1,0.10293262980669673,0.1431585759859882,0.7834761265435232,FFA
02,miniblock,unsmoothed,2,0.1352182001869155,0.1745847006408574,0.7835848627714732,FFA
02,miniblock,unsmoothed,3,0.16079768834995112,0.19218229396479822,0.7548436562482002,FFA
02,miniblock,unsmoothed,4,0.1713664501461009,0.19752225355991473,0.8056655648290241,FFA
02,miniblock,unsmoothed,5,0.14250292004251353,0.17989715711236948,0.8497466400239815,FFA
02,miniblock,unsmoothed,6,0.1811080383522211,0.19382786870090965,0.775604827215413,FFA
02,miniblock,unsmoothed,7,0.21058419774687004,0.21901606680972002,0.7891197905920018,FFA
02,miniblock,unsmoothed,8,0.17128893075669185,0.18713052933621668,0.7703434359489968,FFA
02,miniblock,unsmoothed,9,0.16339181193000915,0.2039145206996162,0.785215395100228,FFA
02,miniblock,unsmoothed,10,0.13961859229010987,0.16682565452102577,0.8138106090028736,FFA
02,miniblock,sm_2_vox,1,0.6081869675486551,0.5154799119996467,0.8886117452654397,FFA
02,miniblock,sm_2_vox,2,0.6372819661456162,0.5331512726395599,0.872325303163991,FFA
02,miniblock,sm_2_vox,3,0.6506658832265242,0.5509820852377959,0.897105181303703,FFA
02,miniblock,sm_2_vox,4,0.6466099339593088,0.5442544797583008,0.8955019233952518,FFA
02,miniblock,sm_2_vox,5,0.6795390636546723,0.5531311082927897,0.9061909845968139,FFA
02,miniblock,sm_2_vox,6,0.6672190776641223,0.5661091337364176,0.9247652069179011,FFA
02,miniblock,sm_2_vox,7,0.6349038687168556,0.5514037855099162,0.8843631432542256,FFA
02,miniblock,sm_2_vox,8,0.6695295902224846,0.5470279972598521,0.9102739066866348,FFA
02,miniblock,sm_2_vox,9,0.6389499098292971,0.5286642794913962,0.8774513975540074,FFA
02,miniblock,sm_2_vox,10,0.6249087010938664,0.5306470258326262,0.9033086417301088,FFA
02,er,unsmoothed,1,0.005285773709185276,0.0006431188192108087,0.3839471289548663,PPA
02,er,unsmoothed,2,0.017110598133374354,0.05174307139425939,0.36217937122143923,PPA
02,er,unsmoothed,3,0.036874114971869085,0.0352535177702813,0.44063364581427983,PPA
02,er,unsmoothed,4,0.05024182687087413,0.04092162303445935,0.44272277382037484,PPA
02,er,unsmoothed,5,0.0597725323219433,0.04907674097847431,0.4935187468759673,PPA
02,er,unsmoothed,6,0.03870939208574821,0.038774800084269756,0.4436243550674811,PPA
02,er,unsmoothed,7,0.009062078870530302,0.028042091177556617,0.46798163148979166,PPA
02,er,unsmoothed,8,0.029815677666012973,0.030570258781023887,0.4122063591900557,PPA
02,er,unsmoothed,9,0.045188787916427026,0.05363444630301666,0.37594028878978974,PPA
02,er,unsmoothed,10,0.042273713922317546,0.05145514823598215,0.3481760744174174,PPA
02,er,sm_2_vox,1,0.05565611343529307,0.04087385379830031,0.3363612275902882,PPA
02,er,sm_2_vox,2,0.1806469201299949,0.1646801180723137,0.4873565624845366,PPA
02,er,sm_2_vox,3,0.1511756742849913,0.12671937676526512,0.5262626032963846,PPA
02,er,sm_2_vox,4,0.14974017431755254,0.13641068575696966,0.4975448055376981,PPA
02,er,sm_2_vox,5,0.17790097301436353,0.15372731636270628,0.4875174946139692,PPA
02,er,sm_2_vox,6,0.09596763536481301,0.08619412899178464,0.33136146060478033,PPA
02,er,sm_2_vox,7,0.13782555849122133,0.12118346620998517,0.5372759344436642,PPA
02,er,sm_2_vox,8,0.05294301082979974,0.028084227715688272,0.37648002052661367,PPA
02,er,sm_2_vox,9,0.1630685954177985,0.12737618796831252,0.4763664205795507,PPA
02,er,sm_2_vox,10,0.14021200308503162,0.1372598230601392,0.5589912402473722,PPA
02,sus,unsmoothed,1,0.2021646100317027,0.194112521588619,0.6626593881077008,PPA
02,sus,unsmoothed,2,0.18051809230246613,0.1629644724787041,0.6731099501208855,PPA
02,sus,unsmoothed,3,0.18725013106582858,0.18282272320580842,0.7229056513615213,PPA
02,sus,unsmoothed,4,0.14094561167343134,0.18058829310742833,0.7598139875448908,PPA
02,sus,unsmoothed,5,0.1730687637153468,0.17762374215686116,0.6965776649268851,PPA
02,sus,unsmoothed,6,0.17493380671878714,0.17833218213573565,0.6289931404254856,PPA
02,sus,unsmoothed,7,0.1881261596840365,0.20145496992178955,0.6796140329506035,PPA
02,sus,unsmoothed,8,0.1741271572716579,0.19003630601337998,0.7184774323198874,PPA
02,sus,unsmoothed,9,0.16213954932960273,0.16243763426512403,0.6569770212465798,PPA
02,sus,unsmoothed,10,0.1758560424701564,0.175908430667323,0.6812418940938538,PPA
02,sus,sm_2_vox,1,0.4623416797518693,0.41040981052253606,0.7669227137688905,PPA
02,sus,sm_2_vox,2,0.4733907274650339,0.41992066903221725,0.7224300148593066,PPA
02,sus,sm_2_vox,3,0.4848879743788811,0.4091748947451477,0.7929190129105237,PPA
02,sus,sm_2_vox,4,0.5460201589180966,0.45451067328174377,0.8014023294087266,PPA
02,sus,sm_2_vox,5,0.4982054615578501,0.41779215922958274,0.7732475876609777,PPA
02,sus,sm_2_vox,6,0.5557939726024058,0.46056163595467176,0.7429810798784485,PPA
02,sus,sm_2_vox,7,0.4950472848589165,0.41563425205247984,0.7989515734411989,PPA
02,sus,sm_2_vox,8,0.4650390173483836,0.4043419881465205,0.8170816390559764,PPA
02,sus,sm_2_vox,9,0.46216810671970476,0.3999011442956783,0.7837065674120113,PPA
02,sus,sm_2_vox,10,0.4991133881648194,0.4505595979009197,0.7869812171102959,PPA
02,miniblock,unsmoothed,1,0.18351041524372286,0.2087566485254068,0.7011736897570144,PPA
02,miniblock,unsmoothed,2,0.23296885816309537,0.23682155546379174,0.7247734521640944,PPA
02,miniblock,unsmoothed,3,0.2009756111330472,0.2183303299704815,0.7413140536714371,PPA
02,miniblock,unsmoothed,4,0.20124227612592463,0.2202465894581943,0.8551589320552312,PPA
02,miniblock,unsmoothed,5,0.24082845173924114,0.2405553268873973,0.801882940725039,PPA
02,miniblock,unsmoothed,6,0.20897522040630878,0.20685646143919778,0.7783240498592741,PPA
02,miniblock,unsmoothed,7,0.22492791372774368,0.2276666046556317,0.8211601207540986,PPA
02,miniblock,unsmoothed,8,0.21689300544547702,0.25033973113499586,0.843660672816374,PPA
02,miniblock,unsmoothed,9,0.19368600144789283,0.2193055133713865,0.7832143718983691,PPA
02,miniblock,unsmoothed,10,0.23123185890382486,0.23604494591616818,0.7253582446788167,PPA
02,miniblock,sm_2_vox,1,0.5773432264205982,0.5160390092233271,0.7867885199950871,PPA
02,miniblock,sm_2_vox,2,0.6110493886319232,0.5538703353562012,0.8122361930690339,PPA
02,miniblock,sm_2_vox,3,0.61324974627154,0.5492406912529424,0.8067040190616237,PPA
02,miniblock,sm_2_vox,4,0.6616640927694585,0.5817396134147717,0.8491694897019706,PPA
02,miniblock,sm_2_vox,5,0.6101626165578614,0.5639499185212784,0.8314434397121508,PPA
02,miniblock,sm_2_vox,6,0.560758590404274,0.4979853428501783,0.781003100924273,PPA
02,miniblock,sm_2_vox,7,0.6395104384347076,0.562226717727924,0.8243315459327542,PPA
02,miniblock,sm_2_vox,8,0.6173770510175813,0.5493467651243851,0.8559390145625896,PPA
02,miniblock,sm_2_vox,9,0.6102093781378746,0.5463775896396261,0.8152369192088885,PPA
02,miniblock,sm_2_vox,10,0.5739573862003825,0.518899750051692,0.8081085846606204,PPA
02,er,unsmoothed,1,0.07822134562064773,0.08205716921592675,0.653919215068276,EBA
02,er,unsmoothed,2,0.064678330929171,0.06765105805061516,0.7000800012232278,EBA
02,er,unsmoothed,3,0.0580813662271744,0.06533952093469456,0.5663482371529498,EBA
02,er,unsmoothed,4,0.08579659968076624,0.08776992288850943,0.7599748993758911,EBA
02,er,unsmoothed,5,0.1140414378581813,0.11681146065139153,0.7514579552959272,EBA
02,er,unsmoothed,6,0.0666451648671965,0.07914094550319029,0.6655600040024112,EBA
02,er,unsmoothed,7,0.06982007891005876,0.07628392878993374,0.7228523395396317,EBA
02,er,unsmoothed,8,0.0652056590682819,0.07017087693585893,0.5898404661543046,EBA
02,er,unsmoothed,9,0.053768333171286056,0.061556045589352223,0.6767820761880239,EBA
02,er,unsmoothed,10,0.0693860367946218,0.07649137908997618,0.6303800635872123,EBA
02,er,sm_2_vox,1,0.13651568159973404,0.14292424376343438,0.7005044753197693,EBA
02,er,sm_2_vox,2,0.12357395923193071,0.14697636825470756,0.7408611187800909,EBA
02,er,sm_2_vox,3,0.2135421388966817,0.2151492559561731,0.7103942892588788,EBA
02,er,sm_2_vox,4,0.17620772156822873,0.19358447700751136,0.7690025341713729,EBA
02,er,sm_2_vox,5,0.21299667736306746,0.22390428044913485,0.7442114012099277,EBA
02,er,sm_2_vox,6,0.1815984196821024,0.18563674983802214,0.7118166599405849,EBA
02,er,sm_2_vox,7,0.1808556391078359,0.1928321500728826,0.7888479682560825,EBA
02,er,sm_2_vox,8,0.19214125553995148,0.1924943514614952,0.682824572832671,EBA
02,er,sm_2_vox,9,0.18073324239668617,0.18417041885451443,0.7632005308847316,EBA
02,er,sm_2_vox,10,0.2002424080143494,0.21577305742518668,0.7011276365243119,EBA
02,sus,unsmoothed,1,0.1408619330315109,0.158306874998636,0.8449672826774852,EBA
02,sus,unsmoothed,2,0.11806664804001044,0.14078833700300358,0.882864049395941,EBA
02,sus,unsmoothed,3,0.0976756158362792,0.12415634146937886,0.8467070791725966,EBA
02,sus,unsmoothed,4,0.0884458095711664,0.11477518866955308,0.8347385559700182,EBA
02,sus,unsmoothed,5,0.11249258378133177,0.13843143648337444,0.8562030469493034,EBA
02,sus,unsmoothed,6,0.1150950643208324,0.1380471226425091,0.8411006927342048,EBA
02,sus,unsmoothed,7,0.0960249551823161,0.12038447279644553,0.853889629214754,EBA
02,sus,unsmoothed,8,0.10078516078148893,0.1361653210926755,0.9037390563805404,EBA
02,sus,unsmoothed,9,0.0996580943495719,0.12569691552380435,0.8497672752691925,EBA
02,sus,unsmoothed,10,0.08392687555291188,0.10880880165049912,0.8449432488547433,EBA
02,sus,sm_2_vox,1,0.29432098859820616,0.31145285879774876,0.8466884806912303,EBA
02,sus,sm_2_vox,2,0.31631588183266995,0.3349824741977541,0.8770668737832393,EBA
02,sus,sm_2_vox,3,0.3283297101923738,0.34150009745244625,0.890605861844658,EBA
02,sus,sm_2_vox,4,0.2739297023748384,0.28339247482753416,0.8491008420957364,EBA
02,sus,sm_2_vox,5,0.2997225536082166,0.3190689032328588,0.9114845088253205,EBA
02,sus,sm_2_vox,6,0.34879975657506523,0.3697027129668441,0.8805220165922002,EBA
02,sus,sm_2_vox,7,0.3276596482386936,0.33527292892895283,0.8907389567463003,EBA
02,sus,sm_2_vox,8,0.26896936172970115,0.30078920272195153,0.9070610336276999,EBA
02,sus,sm_2_vox,9,0.32808278231761634,0.34071978744142045,0.8897092848020318,EBA
02,sus,sm_2_vox,10,0.3043395550306761,0.31652476734865925,0.8602787503851368,EBA
02,miniblock,unsmoothed,1,0.14488513474477716,0.15892620365255716,0.7794600062598613,EBA
02,miniblock,unsmoothed,2,0.1538442956318005,0.17197618004119825,0.8052369793052893,EBA
02,miniblock,unsmoothed,3,0.14840218104391373,0.16551741573773276,0.8174702458579394,EBA
02,miniblock,unsmoothed,4,0.17517917775475284,0.18641485776296676,0.837638566586852,EBA
02,miniblock,unsmoothed,5,0.16102897239109315,0.16924764899745143,0.8157521957171335,EBA
02,miniblock,unsmoothed,6,0.18901889825048906,0.2035942672877457,0.875402741322606,EBA
02,miniblock,unsmoothed,7,0.20271114225318998,0.2044154518240932,0.8288692570500269,EBA
02,miniblock,unsmoothed,8,0.15226633875735096,0.16150293683634853,0.796940977044335,EBA
02,miniblock,unsmoothed,9,0.17977400655023962,0.1974363956996414,0.7908663616050845,EBA
02,miniblock,unsmoothed,10,0.1609758400500329,0.16989592376454216,0.7885138013032231,EBA
02,miniblock,sm_2_vox,1,0.3637100255020157,0.35912804635535744,0.8743618866715606,EBA
02,miniblock,sm_2_vox,2,0.3784360593511975,0.3574271364425635,0.872841941967101,EBA
02,miniblock,sm_2_vox,3,0.37665042747768124,0.3588035722099236,0.8957734330474512,EBA
02,miniblock,sm_2_vox,4,0.3683976192624743,0.3586294111857809,0.8946476740312896,EBA
02,miniblock,sm_2_vox,5,0.35849679614391206,0.3633704332817537,0.9136266396545709,EBA
02,miniblock,sm_2_vox,6,0.4282194446723905,0.40742736153212916,0.890098971949455,EBA
02,miniblock,sm_2_vox,7,0.39993437087251504,0.3954355055620245,0.8969359594388895,EBA
02,miniblock,sm_2_vox,8,0.3900601569398636,0.3664102448694649,0.9188741998932286,EBA
02,miniblock,sm_2_vox,9,0.40948983892706775,0.3851979135129692,0.8900896028610485,EBA
02,miniblock,sm_2_vox,10,0.33393873134078633,0.32114209628556284,0.8451802636617163,EBA
02,er,unsmoothed,1,0.06395049578210438,0.07163145821956927,0.8153351540639178,EVC
02,er,unsmoothed,2,0.05613933820676019,0.06392901557130634,0.7475187184435508,EVC
02,er,unsmoothed,3,0.04721543609997799,0.054071697359556484,0.6599239983667726,EVC
02,er,unsmoothed,4,0.04709881596560175,0.057334813747358965,0.742069926149052,EVC
02,er,unsmoothed,5,0.09150242136593902,0.10112015468567014,0.7066276102871986,EVC
02,er,unsmoothed,6,0.06843198097170494,0.07486915877269865,0.7469871645962372,EVC
02,er,unsmoothed,7,0.07649409836719784,0.08042476739781072,0.7491156422651739,EVC
02,er,unsmoothed,8,0.09839484080120885,0.10412624085263292,0.7869375192496177,EVC
02,er,unsmoothed,9,0.06640704514536389,0.07565579753490709,0.744117596488485,EVC
02,er,unsmoothed,10,0.05453879141884555,0.05953037839746063,0.6777851778361201,EVC
02,er,sm_2_vox,1,0.12045449638732872,0.14607687110567652,0.8591412780112997,EVC
02,er,sm_2_vox,2,0.07680531626165257,0.10964827950073394,0.7552897877634279,EVC
02,er,sm_2_vox,3,0.07440936581843333,0.09762561766597208,0.7253170173465318,EVC
02,er,sm_2_vox,4,0.09847533297121232,0.1313263029780103,0.7264286737598712,EVC
02,er,sm_2_vox,5,0.13098762829874538,0.15791061176453763,0.7676742346414297,EVC
02,er,sm_2_vox,6,0.12259676609763075,0.14724919649287097,0.8127873743332698,EVC
02,er,sm_2_vox,7,0.10485321246924081,0.13102767520296868,0.7013815072524776,EVC
02,er,sm_2_vox,8,0.15867638523714706,0.17996999768902114,0.8027771638746097,EVC
02,er,sm_2_vox,9,0.14876581800200073,0.17295629197615936,0.7878299862928886,EVC
02,er,sm_2_vox,10,0.09818216420447817,0.12566922949907375,0.8158880536745212,EVC
02,sus,unsmoothed,1,0.1252162867575203,0.16248105500917437,0.8721826583323482,EVC
02,sus,unsmoothed,2,0.12143968454972265,0.15616245527415207,0.8526193350081571,EVC
02,sus,unsmoothed,3,0.13790568020440605,0.1798518185976492,0.9036770248802536,EVC
02,sus,unsmoothed,4,0.09819393695155552,0.14081184118073278,0.8464154775724985,EVC
02,sus,unsmoothed,5,0.11300680901033267,0.154853368340006,0.8740899235274451,EVC
02,sus,unsmoothed,6,0.1364915148846091,0.17392787135943716,0.888281889922302,EVC
02,sus,unsmoothed,7,0.09644003970627779,0.13749607679437975,0.8637355654271226,EVC
02,sus,unsmoothed,8,0.11765466684238927,0.1611881823556135,0.8608178505629427,EVC
02,sus,unsmoothed,9,0.1010469950218231,0.1456617385543959,0.8973353453441395,EVC
02,sus,unsmoothed,10,0.0835330938796368,0.11846448362862404,0.8355173885203802,EVC
02,sus,sm_2_vox,1,0.20143348881303252,0.2614870915539794,0.8956492768688723,EVC
02,sus,sm_2_vox,2,0.2582478845568087,0.3126297158257475,0.9088966621582532,EVC
02,sus,sm_2_vox,3,0.28368889502530126,0.33004685122419025,0.9223439341347168,EVC
02,sus,sm_2_vox,4,0.20525619928544306,0.25946743447389686,0.9074298119416784,EVC
02,sus,sm_2_vox,5,0.25118565094356965,0.29712314560512326,0.9005608373104976,EVC
02,sus,sm_2_vox,6,0.2548905389145454,0.3000602847463676,0.9105277719172813,EVC
02,sus,sm_2_vox,7,0.22276782279290153,0.28040923941080736,0.9097274296895677,EVC
02,sus,sm_2_vox,8,0.20761740957483704,0.2759512119532855,0.8993878625450024,EVC
02,sus,sm_2_vox,9,0.19192553889445013,0.251963820820887,0.9399066036589235,EVC
02,sus,sm_2_vox,10,0.20184376810052948,0.26329005161323604,0.9100710572852313,EVC
02,miniblock,unsmoothed,1,0.1350402902470346,0.15973624424335683,0.8591603690840239,EVC
02,miniblock,unsmoothed,2,0.14025819534287642,0.16773935270910964,0.8716649312990453,EVC
02,miniblock,unsmoothed,3,0.15097787940573107,0.1786969553843177,0.8461333141781964,EVC
02,miniblock,unsmoothed,4,0.14548676321061826,0.16674028435095795,0.8457043125736211,EVC
02,miniblock,unsmoothed,5,0.13161796575081294,0.15728505010900512,0.8480297861768118,EVC
02,miniblock,unsmoothed,6,0.13882803601021554,0.1636588351664383,0.8188722566667714,EVC
02,miniblock,unsmoothed,7,0.17340676967670487,0.189664744616323,0.8749151145016236,EVC
02,miniblock,unsmoothed,8,0.15890400241194136,0.17668331261428658,0.8014777791478888,EVC
02,miniblock,unsmoothed,9,0.15952307605021052,0.18275221109192885,0.8128216979272145,EVC
02,miniblock,unsmoothed,10,0.15472570661476853,0.17355244430402617,0.8391952451874041,EVC
02,miniblock,sm_2_vox,1,0.2664229643479162,0.31075980144547805,0.9068938332683167,EVC
02,miniblock,sm_2_vox,2,0.191633370408696,0.2814309595734375,0.9167133695219298,EVC
02,miniblock,sm_2_vox,3,0.27135360455368407,0.3120453458660131,0.8793092585904332,EVC
02,miniblock,sm_2_vox,4,0.26117028167054746,0.3153180371416502,0.8930167289623655,EVC
02,miniblock,sm_2_vox,5,0.2355200981144438,0.3033128070445973,0.9168048545884849,EVC
02,miniblock,sm_2_vox,6,0.2380550722205121,0.3090074498841239,0.8964437000038363,EVC
02,miniblock,sm_2_vox,7,0.2622721160269278,0.3066974727494683,0.9072063425964103,EVC
02,miniblock,sm_2_vox,8,0.2699248808358797,0.31498581402162834,0.8787681135178398,EVC
02,miniblock,sm_2_vox,9,0.22480457447457786,0.2906397947643583,0.886118044308444,EVC
02,miniblock,sm_2_vox,10,0.24941667929695646,0.3077121709514122,0.9300250271389132,EVC
03,er,unsmoothed,1,0.011510557297854558,0.013240468079078105,0.6932327246755516,visually_responsive_voxels
03,er,unsmoothed,2,0.0004607707984667711,0.0021185330895628737,0.609256463695484,visually_responsive_voxels
03,er,unsmoothed,3,-0.005834077554796202,-0.004107053780256574,0.6814774418853388,visually_responsive_voxels
03,er,unsmoothed,4,-0.036287245458964064,-0.03355808634955903,0.6159809622957277,visually_responsive_voxels
03,er,unsmoothed,5,0.006053701237115674,0.0060238709971911705,0.6319227747724844,visually_responsive_voxels
03,er,unsmoothed,6,-0.02088578783096497,-0.02011858808337856,0.6778856548962549,visually_responsive_voxels
03,er,unsmoothed,7,0.0035900520875645214,0.004303484752346453,0.6703168766651545,visually_responsive_voxels
03,er,unsmoothed,8,0.013535780957422274,0.014674622326685116,0.7210712038308188,visually_responsive_voxels
03,er,unsmoothed,9,-0.017788072783108858,-0.017504855636358625,0.6229213487274665,visually_responsive_voxels
03,er,unsmoothed,10,-0.015185173343478811,-0.014375483222123493,0.6136861713406311,visually_responsive_voxels
03,er,sm_2_vox,1,0.03288569859430922,0.03646541024531096,0.8563511927173647,visually_responsive_voxels
03,er,sm_2_vox,2,0.02877307736144461,0.030685485987311942,0.708421574215548,visually_responsive_voxels
03,er,sm_2_vox,3,0.01117939745296094,0.017798519641416908,0.842089863179887,visually_responsive_voxels
03,er,sm_2_vox,4,0.008881317066850141,0.01076859568909337,0.736501379947927,visually_responsive_voxels
03,er,sm_2_vox,5,0.02935835569965728,0.027737219247379874,0.7831526676158829,visually_responsive_voxels
03,er,sm_2_vox,6,0.014696516456267524,0.012448274339184578,0.7877794410499485,visually_responsive_voxels
03,er,sm_2_vox,7,0.018213281386252063,0.024544060891398232,0.7370965607657207,visually_responsive_voxels
03,er,sm_2_vox,8,0.035697736245352725,0.04258149004182288,0.7504962352844081,visually_responsive_voxels
03,er,sm_2_vox,9,0.017826620088961773,0.022748719948062362,0.7369630635284425,visually_responsive_voxels
03,er,sm_2_vox,10,0.04378700880334686,0.043562469401738954,0.7924121951852088,visually_responsive_voxels
03,sus,unsmoothed,1,-0.003924704243880948,0.0034671371863466104,0.7843966616462938,visually_responsive_voxels
03,sus,unsmoothed,2,0.019528530848826824,0.025318560803670485,0.7612020196359119,visually_responsive_voxels
03,sus,unsmoothed,3,0.014007965585831988,0.01989127051903712,0.8066116334042019,visually_responsive_voxels
03,sus,unsmoothed,4,-0.0013221114716276058,0.004551787892618886,0.7456100157070465,visually_responsive_voxels
03,sus,unsmoothed,5,0.016287703300696045,0.023068199004892466,0.8034795843801756,visually_responsive_voxels
03,sus,unsmoothed,6,0.0037534081584813944,0.01093122698327457,0.7972510845265767,visually_responsive_voxels
03,sus,unsmoothed,7,0.007317923511482365,0.01400017546581419,0.7881249831869519,visually_responsive_voxels
03,sus,unsmoothed,8,0.0004891592535686898,0.00570521608512644,0.7614386244662181,visually_responsive_voxels
03,sus,unsmoothed,9,0.009980383700845093,0.01616550282158534,0.770948799672653,visually_responsive_voxels
03,sus,unsmoothed,10,0.0036779372350177458,0.013395285770595828,0.8560050357567695,visually_responsive_voxels
03,sus,sm_2_vox,1,0.043135538932818775,0.05569930274546899,0.8773565466308906,visually_responsive_voxels
03,sus,sm_2_vox,2,0.08019420714628042,0.08726509441194508,0.847571207578456,visually_responsive_voxels
03,sus,sm_2_vox,3,0.07275545066960507,0.08666385290818436,0.8587206701404557,visually_responsive_voxels
03,sus,sm_2_vox,4,0.026626859457053023,0.03737491944746297,0.7794652689414014,visually_responsive_voxels
03,sus,sm_2_vox,5,0.07954501155718002,0.10013934729040576,0.8782652265775795,visually_responsive_voxels
03,sus,sm_2_vox,6,0.05326362785660523,0.06723168803395652,0.8430165124407317,visually_responsive_voxels
03,sus,sm_2_vox,7,0.04999117784657212,0.06630477025185012,0.8301450900019806,visually_responsive_voxels
03,sus,sm_2_vox,8,0.04530708880488869,0.0628280086674885,0.8139485585295445,visually_responsive_voxels
03,sus,sm_2_vox,9,0.0469379208296075,0.06240258886939901,0.8171942139229704,visually_responsive_voxels
03,sus,sm_2_vox,10,0.04566659251206684,0.06678372545995695,0.8567652588721288,visually_responsive_voxels
03,miniblock,unsmoothed,1,-0.0026317038295278934,0.005548642206252517,0.8379800680385076,visually_responsive_voxels
03,miniblock,unsmoothed,2,0.010555684918023025,0.01695236644306639,0.8322733242318741,visually_responsive_voxels
03,miniblock,unsmoothed,3,0.008477903757682297,0.016503270457728245,0.785398007989731,visually_responsive_voxels
03,miniblock,unsmoothed,4,0.016974534598911968,0.022920389839514072,0.8140636817198221,visually_responsive_voxels
03,miniblock,unsmoothed,5,0.029235400757356988,0.034674033763684456,0.8264231300304528,visually_responsive_voxels
03,miniblock,unsmoothed,6,0.009230322095954301,0.014561995372536947,0.8636720510708081,visually_responsive_voxels
03,miniblock,unsmoothed,7,0.012264750185934675,0.019039822860586246,0.8259570786893703,visually_responsive_voxels
03,miniblock,unsmoothed,8,0.006744337898547576,0.01366626128491947,0.8078182917249248,visually_responsive_voxels
03,miniblock,unsmoothed,9,-0.003174861168118971,0.0034493987677234085,0.8509118986744145,visually_responsive_voxels
03,miniblock,unsmoothed,10,0.022746471046602504,0.03034815253590729,0.834112039246869,visually_responsive_voxels
03,miniblock,sm_2_vox,1,0.038531221405022326,0.06270650572252519,0.9078457679371686,visually_responsive_voxels
03,miniblock,sm_2_vox,2,0.06688515982577783,0.08648483546193549,0.8983523298019962,visually_responsive_voxels
03,miniblock,sm_2_vox,3,0.05670759021555461,0.0792979750349902,0.8836549256049576,visually_responsive_voxels
03,miniblock,sm_2_vox,4,0.05815148284084337,0.07994862577894524,0.8842445472717828,visually_responsive_voxels
03,miniblock,sm_2_vox,5,0.07079056119030992,0.09640573382244097,0.9120501947850262,visually_responsive_voxels
03,miniblock,sm_2_vox,6,0.045702613868962225,0.06642084039085658,0.9093525574146555,visually_responsive_voxels
03,miniblock,sm_2_vox,7,0.06695406234879307,0.09486386907890666,0.931859111206604,visually_responsive_voxels
03,miniblock,sm_2_vox,8,0.05146508182637538,0.07526281684238369,0.9107912866045595,visually_responsive_voxels
03,miniblock,sm_2_vox,9,0.03320105383701505,0.061406718734315746,0.898196976760253,visually_responsive_voxels
03,miniblock,sm_2_vox,10,0.06208970149473058,0.08222683171191228,0.9041036693207941,visually_responsive_voxels
03,er,unsmoothed,1,0.05991317592850202,0.056596474796610355,0.6511410590604805,FFA
03,er,unsmoothed,2,0.02766734664964758,0.03983072737566636,0.6189468454913932,FFA
03,er,unsmoothed,3,0.03978437200124125,0.04294187011869511,0.6111113797570844,FFA
03,er,unsmoothed,4,0.011107220254177569,0.01177375298656723,0.5289568253969407,FFA
03,er,unsmoothed,5,0.05476053298780678,0.05036972898133193,0.600175181694494,FFA
03,er,unsmoothed,6,0.027024846307251056,0.03197648430024069,0.6778856548962549,FFA
03,er,unsmoothed,7,0.045462520660582026,0.050266051117607034,0.6166433558762588,FFA
03,er,unsmoothed,8,0.03783462487129288,0.04726963704935482,0.5722128043642235,FFA
03,er,unsmoothed,9,0.03204719758942482,0.037180093239075236,0.5827493974944322,FFA
03,er,unsmoothed,10,0.02621279119630384,0.026727684038392714,0.6136861713406311,FFA
03,er,sm_2_vox,1,0.20657539156144947,0.19258365984728423,0.8563511927173647,FFA
03,er,sm_2_vox,2,0.1728633607683735,0.17080273959266615,0.708421574215548,FFA
03,er,sm_2_vox,3,0.16437595102564045,0.15632940754552438,0.842089863179887,FFA
03,er,sm_2_vox,4,0.1258685956863826,0.12628045348600597,0.736501379947927,FFA
03,er,sm_2_vox,5,0.1646890225598514,0.16237296916325122,0.7831526676158829,FFA
03,er,sm_2_vox,6,0.18895923630717132,0.18218199770277402,0.7877794410499485,FFA
03,er,sm_2_vox,7,0.21311515627273217,0.22548542807707447,0.7370965607657207,FFA
03,er,sm_2_vox,8,0.22026647358480628,0.21018122471352316,0.7445603871480265,FFA
03,er,sm_2_vox,9,0.21332556308282444,0.21329997783965046,0.7369630635284425,FFA
03,er,sm_2_vox,10,0.1878970783624793,0.18343240828501084,0.7924121951852088,FFA
03,sus,unsmoothed,1,0.05409378714201188,0.060251976464773864,0.6658854588970207,FFA
03,sus,unsmoothed,2,0.05407867980970636,0.06774067565180349,0.647202469822894,FFA
03,sus,unsmoothed,3,0.08716145168899418,0.08823782222990585,0.723230226319715,FFA
03,sus,unsmoothed,4,0.061378621442006204,0.0696610034018272,0.6732613540776899,FFA
03,sus,unsmoothed,5,0.06589663221670886,0.08244890345461992,0.6584981177328848,FFA
03,sus,unsmoothed,6,0.04640272366519844,0.0553457748466038,0.6270718628314694,FFA
03,sus,unsmoothed,7,0.04991205010269237,0.0650874001155291,0.7695843166719429,FFA
03,sus,unsmoothed,8,0.04358460322724179,0.05717101909421257,0.6738387743207834,FFA
03,sus,unsmoothed,9,0.08014267839343005,0.08659057579139097,0.770948799672653,FFA
03,sus,unsmoothed,10,0.04764676136854759,0.0628806630316261,0.7292998405949168,FFA
03,sus,sm_2_vox,1,0.20019333553030058,0.20416514646440806,0.7458707098573161,FFA
03,sus,sm_2_vox,2,0.24088865530656672,0.24243552238440416,0.72348008580679,FFA
03,sus,sm_2_vox,3,0.24228002464824103,0.23322736377701583,0.7710329478961568,FFA
03,sus,sm_2_vox,4,0.2127797294615675,0.213007629035465,0.7429143807620348,FFA
03,sus,sm_2_vox,5,0.2296527499096163,0.24992166737427612,0.8782652265775795,FFA
03,sus,sm_2_vox,6,0.17212705457999394,0.1953886680056659,0.7996483258691778,FFA
03,sus,sm_2_vox,7,0.23006160325436256,0.25322797932195956,0.8149748866547927,FFA
03,sus,sm_2_vox,8,0.21856439953887005,0.2188903686951059,0.7358679491679183,FFA
03,sus,sm_2_vox,9,0.24563513401377218,0.25303644583111096,0.8047261887930717,FFA
03,sus,sm_2_vox,10,0.19339757688460216,0.20142116392831624,0.7535005793270189,FFA
03,miniblock,unsmoothed,1,0.07403219587679132,0.08020148344578064,0.6510664298696698,FFA
03,miniblock,unsmoothed,2,0.0801831944171293,0.08672756933856925,0.6507775696291136,FFA
03,miniblock,unsmoothed,3,0.05839260961848852,0.0734626544277879,0.729930195643452,FFA
03,miniblock,unsmoothed,4,0.06496215465310658,0.08356084531521313,0.6899955845293976,FFA
03,miniblock,unsmoothed,5,0.09437694135967988,0.09340961885137725,0.7065870252385968,FFA
03,miniblock,unsmoothed,6,0.07232516995938587,0.07922975962653636,0.7374270629706645,FFA
03,miniblock,unsmoothed,7,0.08162733588029528,0.09370891133043822,0.6897108113458706,FFA
03,miniblock,unsmoothed,8,0.05615178411628633,0.07858062427228282,0.6654488329192798,FFA
03,miniblock,unsmoothed,9,0.05761675305299826,0.06611341863819503,0.6394968504636722,FFA
03,miniblock,unsmoothed,10,0.06442531864163509,0.07658882837874313,0.6841953546869448,FFA
03,miniblock,sm_2_vox,1,0.22505958924785374,0.23760019851401845,0.7987364994720024,FFA
03,miniblock,sm_2_vox,2,0.23150762150549714,0.23770235897478953,0.796334823836199,FFA
03,miniblock,sm_2_vox,3,0.18787087526520413,0.21666444581006225,0.8833164179343547,FFA
03,miniblock,sm_2_vox,4,0.22238660053619608,0.23552472200405886,0.8238885269904473,FFA
03,miniblock,sm_2_vox,5,0.2548059401815481,0.2682186184404469,0.8393054315825665,FFA
03,miniblock,sm_2_vox,6,0.2031831010546518,0.20756304880680002,0.818839930899356,FFA
03,miniblock,sm_2_vox,7,0.24568284407634455,0.26839952215343543,0.8225111363540769,FFA
03,miniblock,sm_2_vox,8,0.23794529577846077,0.23155197173764713,0.8040525957631592,FFA
03,miniblock,sm_2_vox,9,0.18710243681076552,0.20314675257721854,0.79934996537105,FFA
03,miniblock,sm_2_vox,10,0.21500554604014388,0.2088375186064755,0.7802970472189854,FFA
03,er,unsmoothed,1,0.0007210304385720338,-0.0018677552179260462,0.443585939727939,PPA
03,er,unsmoothed,2,-0.011363266810329939,-0.00818014715695053,0.4310998473824657,PPA
03,er,unsmoothed,3,0.045707408473960626,0.03730802616167158,0.4399655628114132,PPA
03,er,unsmoothed,4,-0.029015939195840015,-0.02589705467006586,0.3648709808526027,PPA
03,er,unsmoothed,5,0.012240530068544822,0.01189759960671583,0.44574528395903257,PPA
03,er,unsmoothed,6,0.006285819537082682,0.0005787293959251789,0.43635220408248687,PPA
03,er,unsmoothed,7,0.020161860297687392,0.02212829724243922,0.5115375895611038,PPA
03,er,unsmoothed,8,0.022870569021795364,0.0249633727807602,0.5042740914815428,PPA
03,er,unsmoothed,9,-0.006593531369536727,0.00020372598812062707,0.4448423062589285,PPA
03,er,unsmoothed,10,0.007478241749565826,-0.00709035776034541,0.449461073426145,PPA
03,er,sm_2_vox,1,0.032963765327899325,0.02799564029880555,0.40411531570904446,PPA
03,er,sm_2_vox,2,0.05534170680978352,0.04389381532286163,0.42326885610700693,PPA
03,er,sm_2_vox,3,0.09952887443377353,0.09224863477855773,0.423034389803035,PPA
03,er,sm_2_vox,4,-0.011133441854864867,-0.004709364942779746,0.39184765531691906,PPA
03,er,sm_2_vox,5,0.04208789274819201,0.03763949893928301,0.3885467006383495,PPA
03,er,sm_2_vox,6,0.049517849074702636,0.04303370986149239,0.3661569872179976,PPA
03,er,sm_2_vox,7,0.06485718326837643,0.07451151451900657,0.47264175855752166,PPA
03,er,sm_2_vox,8,0.047455723449593944,0.06458688309100115,0.5772950300844475,PPA
03,er,sm_2_vox,9,0.02684382840801095,0.025750931385057955,0.3980544512114931,PPA
03,er,sm_2_vox,10,0.0424298110689795,0.04384309116063129,0.38782324094210846,PPA
03,sus,unsmoothed,1,0.02241374875226384,0.01745822138198483,0.5546690926286556,PPA
03,sus,unsmoothed,2,0.027326391933902516,0.0354012402200778,0.5723778303636803,PPA
03,sus,unsmoothed,3,0.034146450883590654,0.03553523708566629,0.5353576258299221,PPA
03,sus,unsmoothed,4,0.031794696189412726,0.03340327213815766,0.486267096823742,PPA
03,sus,unsmoothed,5,0.02168065853535836,0.025210078197188495,0.47880914907738115,PPA
03,sus,unsmoothed,6,0.014536353657824908,0.019901517645252075,0.48490324563125736,PPA
03,sus,unsmoothed,7,0.025570314791330817,0.02703656373882486,0.5005593695947338,PPA
03,sus,unsmoothed,8,0.021684005658210645,0.027449583541999285,0.510611231789813,PPA
03,sus,unsmoothed,9,0.028343939368123815,0.03849647153561414,0.568668197825712,PPA
03,sus,unsmoothed,10,0.02908121931766032,0.029214809715096175,0.49650928925156834,PPA
03,sus,sm_2_vox,1,0.1101870639411591,0.1089365839163022,0.5551710528551946,PPA
03,sus,sm_2_vox,2,0.13545483263054225,0.1424948352508599,0.6168884539549657,PPA
03,sus,sm_2_vox,3,0.11635639850034073,0.13795810431315148,0.6066407629440878,PPA
03,sus,sm_2_vox,4,0.16120275904645032,0.16032472031433387,0.6753146683176099,PPA
03,sus,sm_2_vox,5,0.13508073661524744,0.13593967967372803,0.6342168111060125,PPA
03,sus,sm_2_vox,6,0.09182793027287749,0.0824839932758888,0.627865440374191,PPA
03,sus,sm_2_vox,7,0.0844802561651861,0.10436881444055544,0.6024575416517508,PPA
03,sus,sm_2_vox,8,0.1447568641869944,0.13928879292321206,0.5972325544017386,PPA
03,sus,sm_2_vox,9,0.11258899286252902,0.1168425298189245,0.5807076011763546,PPA
03,sus,sm_2_vox,10,0.10471637848892675,0.10467902622793465,0.6202200113397813,PPA
03,miniblock,unsmoothed,1,0.07614073081939025,0.06477658504124235,0.5651639607762542,PPA
03,miniblock,unsmoothed,2,0.0799024696533559,0.07168317421023954,0.6420407279644282,PPA
03,miniblock,unsmoothed,3,0.06727290586906173,0.0711280865287368,0.5835579703865394,PPA
03,miniblock,unsmoothed,4,0.05921412831540393,0.05768447234701345,0.6062945627986976,PPA
03,miniblock,unsmoothed,5,0.09514443325624011,0.09658696803645031,0.7040434060273772,PPA
03,miniblock,unsmoothed,6,0.10452894783833522,0.09997880510517947,0.5935138748403841,PPA
03,miniblock,unsmoothed,7,0.07431860757132874,0.0726980102082268,0.6513953126275187,PPA
03,miniblock,unsmoothed,8,0.06967947212127898,0.08019246838271986,0.6364281657905705,PPA
03,miniblock,unsmoothed,9,0.08712614898766233,0.08408064104864987,0.658889934226933,PPA
03,miniblock,unsmoothed,10,0.07934031991137805,0.07955180642478553,0.6556637933081977,PPA
03,miniblock,sm_2_vox,1,0.280998669981982,0.2608312870668519,0.7590566423980784,PPA
03,miniblock,sm_2_vox,2,0.2513363335381719,0.23800437819642395,0.6497873436294943,PPA
03,miniblock,sm_2_vox,3,0.22359977848187154,0.23029712385689233,0.7065102344657651,PPA
03,miniblock,sm_2_vox,4,0.21502607856184044,0.21551191110769088,0.6826155326834752,PPA
03,miniblock,sm_2_vox,5,0.2660679034478868,0.27242676950809336,0.7451382705198109,PPA
03,miniblock,sm_2_vox,6,0.2726839441229856,0.2608581992609693,0.7444607320281051,PPA
03,miniblock,sm_2_vox,7,0.2569498364946667,0.23531079624748133,0.6872507229738106,PPA
03,miniblock,sm_2_vox,8,0.23509621782781293,0.2364312407392075,0.7188059438865779,PPA
03,miniblock,sm_2_vox,9,0.2709401914428994,0.2629652722057824,0.7341495738234686,PPA
03,miniblock,sm_2_vox,10,0.21078001891664416,0.2199972913392639,0.6751753283494452,PPA
03,er,unsmoothed,1,0.015423706827231515,0.0178173554863137,0.5838325831086624,EBA
03,er,unsmoothed,2,0.012072268374248657,0.011216797594558322,0.5441807462784769,EBA
03,er,unsmoothed,3,0.00807474076434398,0.010048842417243341,0.4666112443706828,EBA
03,er,unsmoothed,4,-0.0086851499370654,-0.014649012142575654,0.42976159345605885,EBA
03,er,unsmoothed,5,0.02944884082365133,0.027418557186366824,0.5252632598752712,EBA
03,er,unsmoothed,6,-0.007769924915406158,-0.011770833419269287,0.42013059229842553,EBA
03,er,unsmoothed,7,0.036514469873428435,0.02997884868069516,0.5425197386705958,EBA
03,er,unsmoothed,8,0.03514432805564288,0.03177530885698461,0.5583026695352249,EBA
03,er,unsmoothed,9,0.022470028670542874,0.02502862423011657,0.5086215753519182,EBA
03,er,unsmoothed,10,0.00465764105726485,0.010583966420910876,0.4961747592119131,EBA
03,er,sm_2_vox,1,0.07072759631510765,0.07453072962655805,0.5021291532492265,EBA
03,er,sm_2_vox,2,0.06392638590972836,0.06433422348035693,0.5189167614249892,EBA
03,er,sm_2_vox,3,0.05127680008901636,0.05176989277840832,0.49254794125809087,EBA
03,er,sm_2_vox,4,0.05369523000920215,0.04554524388130715,0.4309593420061243,EBA
03,er,sm_2_vox,5,0.05362485048103548,0.05279705589542235,0.4590749308979444,EBA
03,er,sm_2_vox,6,0.021620330954960285,0.024390309394865185,0.5026210276550581,EBA
03,er,sm_2_vox,7,0.12567070249564088,0.1192786654359697,0.6333132214808364,EBA
03,er,sm_2_vox,8,0.07005411961411809,0.07730069633018068,0.6761067482283166,EBA
03,er,sm_2_vox,9,0.07340124076008417,0.07517906504909047,0.5237406558468184,EBA
03,er,sm_2_vox,10,0.11463313601710085,0.11076138183858396,0.500524596140044,EBA
03,sus,unsmoothed,1,0.0015241377870174669,0.006634322476810285,0.47297117336328803,EBA
03,sus,unsmoothed,2,0.01847730673503812,0.02792575812435697,0.6770914498903969,EBA
03,sus,unsmoothed,3,0.03548042908800919,0.03742638589681616,0.6629936532832783,EBA
03,sus,unsmoothed,4,0.015536721368791473,0.02034448935835461,0.6030381845127794,EBA
03,sus,unsmoothed,5,0.03272819758899087,0.032589321294980385,0.7140796633183601,EBA
03,sus,unsmoothed,6,0.0004590760434490769,0.00840586325252886,0.589213863946128,EBA
03,sus,unsmoothed,7,0.01731030407329573,0.014314394151434916,0.6160462628228713,EBA
03,sus,unsmoothed,8,-0.0019435456459061043,0.0010154161904744937,0.575170088706771,EBA
03,sus,unsmoothed,9,0.015772814718262557,0.01930006888523628,0.5571390096388593,EBA
03,sus,unsmoothed,10,-0.01071060460622597,0.0038916286124942513,0.6176984328196945,EBA
03,sus,sm_2_vox,1,0.14693846605383196,0.15358000103551794,0.6476242173088074,EBA
03,sus,sm_2_vox,2,0.12984760628222217,0.15564328298419444,0.6828923831489693,EBA
03,sus,sm_2_vox,3,0.1255510791169974,0.15361529929841972,0.7188482562618608,EBA
03,sus,sm_2_vox,4,0.11026233351866793,0.12888391985309283,0.6654462313754002,EBA
03,sus,sm_2_vox,5,0.1263692937946124,0.16117290036317147,0.7519080034141539,EBA
03,sus,sm_2_vox,6,0.09335177306410938,0.11674975350924342,0.7208681346535983,EBA
03,sus,sm_2_vox,7,0.1333732455710453,0.15183180539459537,0.7547756599770827,EBA
03,sus,sm_2_vox,8,0.06476682693738339,0.10585574540427613,0.6946072674998253,EBA
03,sus,sm_2_vox,9,0.10212743479087834,0.12164062857086837,0.6914561061777157,EBA
03,sus,sm_2_vox,10,0.045867739443348765,0.07987522198228086,0.7538328065737689,EBA
03,miniblock,unsmoothed,1,0.034027602040507476,0.03050750395701794,0.6275570835142514,EBA
03,miniblock,unsmoothed,2,0.04028684267468716,0.04059982642119615,0.5992001529723392,EBA
03,miniblock,unsmoothed,3,0.041558282104609726,0.037006263604089755,0.5709690764355717,EBA
03,miniblock,unsmoothed,4,0.03555628497979885,0.037380112686754695,0.5848768884831519,EBA
03,miniblock,unsmoothed,5,0.03769507109223396,0.03953788404009979,0.6056852910914541,EBA
03,miniblock,unsmoothed,6,0.029336437713280067,0.027818499188431677,0.5003297311929096,EBA
03,miniblock,unsmoothed,7,0.02758256408280857,0.03240292743836905,0.5374356354193165,EBA
03,miniblock,unsmoothed,8,0.018703832338031502,0.021376714266225526,0.6015351103667346,EBA
03,miniblock,unsmoothed,9,0.009169043690375772,0.0059897573030868465,0.5749028751503505,EBA
03,miniblock,unsmoothed,10,0.018613273272495262,0.024010582475479925,0.6216579893899407,EBA
03,miniblock,sm_2_vox,1,0.1759321860803348,0.17898657382151323,0.6630227181371957,EBA
03,miniblock,sm_2_vox,2,0.2015198190973835,0.18944171597533951,0.7122919761722094,EBA
03,miniblock,sm_2_vox,3,0.1833875896496827,0.1852338963337215,0.7357255980318684,EBA
03,miniblock,sm_2_vox,4,0.15290464373161275,0.15876815581171583,0.6323604436448919,EBA
03,miniblock,sm_2_vox,5,0.20572963193941252,0.21860068507637292,0.7590325172029522,EBA
03,miniblock,sm_2_vox,6,0.17251791750681122,0.1576545585116717,0.732931018395927,EBA
03,miniblock,sm_2_vox,7,0.184709881082732,0.19446066498478004,0.762855484697812,EBA
03,miniblock,sm_2_vox,8,0.16007499392698568,0.1578710347865091,0.7579507420631093,EBA
03,miniblock,sm_2_vox,9,0.1348843527130244,0.1334914812744202,0.7106050555829357,EBA
03,miniblock,sm_2_vox,10,0.16800697845327567,0.15730541596816466,0.6938757475518686,EBA
03,er,unsmoothed,1,0.030282251304919794,0.03209103485309281,0.6932327246755516,EVC
03,er,unsmoothed,2,0.0071538021358122095,0.008783272981514335,0.609256463695484,EVC
03,er,unsmoothed,3,0.007482448597122639,0.009970680695196259,0.6441150027814735,EVC
03,er,unsmoothed,4,-0.024460881566077564,-0.025805100833463702,0.6159809622957277,EVC
03,er,unsmoothed,5,0.013294726748454798,0.01484130806202424,0.6543986770321872,EVC
03,er,unsmoothed,6,-0.023129973570000684,-0.021364129581012373,0.5770778221093301,EVC
03,er,unsmoothed,7,0.02349937287690116,0.02525675639290741,0.6703168766651545,EVC
03,er,unsmoothed,8,0.022292825711095948,0.02575230754458405,0.7210712038308188,EVC
03,er,unsmoothed,9,-0.006630553724342056,-0.005553502330576557,0.6229213487274665,EVC
03,er,unsmoothed,10,-0.002802718643836792,-0.0021187959873369827,0.5867830062501314,EVC
03,er,sm_2_vox,1,0.07617927612086074,0.08289256759297198,0.6768731000593722,EVC
03,er,sm_2_vox,2,0.023725480861128606,0.03218842437484607,0.6520383372165186,EVC
03,er,sm_2_vox,3,0.026582244995958078,0.045817763334432896,0.666459975127801,EVC
03,er,sm_2_vox,4,0.019932209079562155,0.0243642674160867,0.5631327481367818,EVC
03,er,sm_2_vox,5,0.047431429736639906,0.05415725367939164,0.6765534437346146,EVC
03,er,sm_2_vox,6,0.0049933694269395194,0.010673516909844047,0.5557199384735962,EVC
03,er,sm_2_vox,7,0.07607967978778324,0.0854382485895895,0.6777539952152855,EVC
03,er,sm_2_vox,8,0.07953926994019409,0.09395266086172445,0.7253359172604106,EVC
03,er,sm_2_vox,9,0.0678773322924959,0.07050866523042885,0.6488482585042469,EVC
03,er,sm_2_vox,10,0.08235509823930971,0.08182877396582705,0.6944181709956313,EVC
03,sus,unsmoothed,1,0.02422387478126593,0.04205833378850179,0.7843966616462938,EVC
03,sus,unsmoothed,2,0.050614140266225856,0.06595795415538423,0.7665203574191413,EVC
03,sus,unsmoothed,3,0.04642872510745087,0.06347013634136256,0.8066116334042019,EVC
03,sus,unsmoothed,4,0.03179205403135826,0.046441118749853086,0.7456100157070465,EVC
03,sus,unsmoothed,5,0.04783864967374519,0.0685441387723635,0.8034795843801756,EVC
03,sus,unsmoothed,6,0.03911135256884257,0.05752340599796635,0.7972510845265767,EVC
03,sus,unsmoothed,7,0.04220458442906804,0.06265860557064674,0.8001826049142864,EVC
03,sus,unsmoothed,8,0.04000802478958311,0.054980837735716444,0.7614386244662181,EVC
03,sus,unsmoothed,9,0.042369123578734014,0.057023353960289964,0.7457716973478223,EVC
03,sus,unsmoothed,10,0.039944936614735436,0.06387662719098698,0.8560050357567695,EVC
03,sus,sm_2_vox,1,0.13019972355110793,0.16208274895956146,0.8773565466308906,EVC
03,sus,sm_2_vox,2,0.13348176343521653,0.1587199911569211,0.847571207578456,EVC
03,sus,sm_2_vox,3,0.16968756320928008,0.19642362667229943,0.8587206701404557,EVC
03,sus,sm_2_vox,4,0.09814328628439266,0.1287684091153386,0.7794652689414014,EVC
03,sus,sm_2_vox,5,0.17196514019095885,0.2120535987544051,0.8408096707607251,EVC
03,sus,sm_2_vox,6,0.13934408316178837,0.17538424589750254,0.8468177798633179,EVC
03,sus,sm_2_vox,7,0.13854566109914979,0.17170751138843274,0.8543357104249611,EVC
03,sus,sm_2_vox,8,0.1396673141670624,0.1722942096689096,0.8139485585295445,EVC
03,sus,sm_2_vox,9,0.13558347561690076,0.1679053185355012,0.816911486881232,EVC
03,sus,sm_2_vox,10,0.14002039311723552,0.17355994115743856,0.8567652588721288,EVC
03,miniblock,unsmoothed,1,0.041704962866425874,0.05886983201026721,0.8379800680385076,EVC
03,miniblock,unsmoothed,2,0.05834886869534346,0.0691570529445994,0.832600459550324,EVC
03,miniblock,unsmoothed,3,0.062498648626084924,0.07644611836136653,0.8068346095417612,EVC
03,miniblock,unsmoothed,4,0.05896102165638234,0.07435275066496512,0.8140636817198221,EVC
03,miniblock,unsmoothed,5,0.0780247833900838,0.09191602868236973,0.8436604264049696,EVC
03,miniblock,unsmoothed,6,0.05694129620651918,0.07191295210122696,0.8798381664893757,EVC
03,miniblock,unsmoothed,7,0.060372316353176206,0.07806784086279361,0.833938676417375,EVC
03,miniblock,unsmoothed,8,0.04861567408535638,0.06783217521700015,0.8078182917249248,EVC
03,miniblock,unsmoothed,9,0.03886934729861991,0.05508267680501604,0.8509118986744145,EVC
03,miniblock,unsmoothed,10,0.07693953640930151,0.09235647872335376,0.834112039246869,EVC
03,miniblock,sm_2_vox,1,0.17261398480690215,0.19985402900809224,0.9078457679371686,EVC
03,miniblock,sm_2_vox,2,0.2086290134650344,0.22745282217228058,0.8983523298019962,EVC
03,miniblock,sm_2_vox,3,0.18232440156540092,0.20547660251168678,0.9188202857985858,EVC
03,miniblock,sm_2_vox,4,0.1799455258198782,0.20715842900225068,0.888898195692229,EVC
03,miniblock,sm_2_vox,5,0.2115315931456877,0.23167000980762578,0.9120501947850262,EVC
03,miniblock,sm_2_vox,6,0.1788343693148097,0.2149002902622273,0.9093525574146555,EVC
03,miniblock,sm_2_vox,7,0.21246222179305627,0.23454397167245494,0.931859111206604,EVC
03,miniblock,sm_2_vox,8,0.1800007131476874,0.20001906660008034,0.9107912866045595,EVC
03,miniblock,sm_2_vox,9,0.16799007837717694,0.19921894884253843,0.898196976760253,EVC
03,miniblock,sm_2_vox,10,0.18468192451381787,0.21821325465832578,0.9041036693207941,EVC
04,er,unsmoothed,1,0.0013497153166949823,0.0017040348997320518,0.570753689871656,visually_responsive_voxels
04,er,unsmoothed,2,-9.931975973644785e-05,0.0011879525311661587,0.5858792614526763,visually_responsive_voxels
04,er,unsmoothed,3,0.0044889571630299125,0.006384609072391634,0.6209339555007665,visually_responsive_voxels
04,er,unsmoothed,4,0.01540747311203014,0.01578790782029578,0.6347961847244692,visually_responsive_voxels
04,er,unsmoothed,5,0.015910588990835344,0.01647049207702193,0.5433027178910524,visually_responsive_voxels
04,er,unsmoothed,6,0.01460761062897863,0.015202004161591731,0.5875087691045542,visually_responsive_voxels
04,er,unsmoothed,7,0.009847991684948296,0.010089229708317864,0.6595050550908151,visually_responsive_voxels
04,er,unsmoothed,8,0.016092759647204826,0.015386973728647294,0.6152117856946635,visually_responsive_voxels
04,er,unsmoothed,9,-0.005431046137566833,-0.0038180806158287068,0.5947294091326145,visually_responsive_voxels
04,er,unsmoothed,10,0.006199103028507921,0.005521165135843938,0.6244227061518216,visually_responsive_voxels
04,er,sm_2_vox,1,0.032506635330880974,0.03723557841074168,0.697944917172955,visually_responsive_voxels
04,er,sm_2_vox,2,0.05007244009042604,0.05440605883830856,0.7241318408108329,visually_responsive_voxels
04,er,sm_2_vox,3,0.024597427294269697,0.028512571742383388,0.6988184163314287,visually_responsive_voxels
04,er,sm_2_vox,4,0.029139627005306083,0.035522749692090294,0.6911218265655865,visually_responsive_voxels
04,er,sm_2_vox,5,0.046552029890312194,0.05150135104097075,0.6726996251210454,visually_responsive_voxels
04,er,sm_2_vox,6,0.04423779545974345,0.04605583855333373,0.7393743104059869,visually_responsive_voxels
04,er,sm_2_vox,7,0.061903110824391414,0.0668708759402381,0.705409895456466,visually_responsive_voxels
04,er,sm_2_vox,8,0.03351136155437357,0.03491661143824929,0.6369942071097381,visually_responsive_voxels
04,er,sm_2_vox,9,0.0025297360336527814,0.005095107521637688,0.6791140839722487,visually_responsive_voxels
04,er,sm_2_vox,10,0.05703337293882634,0.057503094476451404,0.7019073620234091,visually_responsive_voxels
04,sus,unsmoothed,1,0.035244213906654914,0.047134002258728616,0.7724268839095898,visually_responsive_voxels
04,sus,unsmoothed,2,0.06914780312512889,0.07613580957580235,0.7446508964042962,visually_responsive_voxels
04,sus,unsmoothed,3,0.06301217643683446,0.07438547118979295,0.7594345257318043,visually_responsive_voxels
04,sus,unsmoothed,4,0.05565193456748231,0.05977349144680854,0.7507152175533414,visually_responsive_voxels
04,sus,unsmoothed,5,0.0582164357313307,0.07260665490051946,0.8221003584130118,visually_responsive_voxels
04,sus,unsmoothed,6,0.025554889203281257,0.031529300741003206,0.7977084500634923,visually_responsive_voxels
04,sus,unsmoothed,7,0.04228710738938499,0.04940355791122148,0.7638060969091477,visually_responsive_voxels
04,sus,unsmoothed,8,0.037750964309330566,0.042104926178130386,0.7647537080020177,visually_responsive_voxels
04,sus,unsmoothed,9,0.03520423647375583,0.04711640697426559,0.822934135625075,visually_responsive_voxels
04,sus,unsmoothed,10,0.04252543340016861,0.04873932937009739,0.7791898408337465,visually_responsive_voxels
04,sus,sm_2_vox,1,0.06750123668046204,0.08780294397544866,0.7980960876547435,visually_responsive_voxels
04,sus,sm_2_vox,2,0.1131236051733642,0.12462298281939832,0.8412873970276835,visually_responsive_voxels
04,sus,sm_2_vox,3,0.10570501230015193,0.11696107508248418,0.759240890937569,visually_responsive_voxels
04,sus,sm_2_vox,4,0.07132064854168763,0.07660285938413264,0.7469778638520276,visually_responsive_voxels
04,sus,sm_2_vox,5,0.07975430505192939,0.09742148702802131,0.8078098562834273,visually_responsive_voxels
04,sus,sm_2_vox,6,0.038712149465394106,0.04769848825063643,0.7326883343835069,visually_responsive_voxels
04,sus,sm_2_vox,7,0.06709796345996306,0.07718470032249827,0.8039953305352289,visually_responsive_voxels
04,sus,sm_2_vox,8,0.039241274943219676,0.04311639970905179,0.7655624096866498,visually_responsive_voxels
04,sus,sm_2_vox,9,0.05992402818028264,0.07444461869678755,0.7851823880556019,visually_responsive_voxels
04,sus,sm_2_vox,10,0.07440076997665945,0.082509835813366,0.7554329909451952,visually_responsive_voxels
04,miniblock,unsmoothed,1,0.030420263977837342,0.038835800154839395,0.728588696989962,visually_responsive_voxels
04,miniblock,unsmoothed,2,0.03280514568984139,0.04168594005127679,0.7970552920506502,visually_responsive_voxels
04,miniblock,unsmoothed,3,0.027058644647245524,0.03924235057441166,0.7799681268337386,visually_responsive_voxels
04,miniblock,unsmoothed,4,0.02512959179890137,0.034276322506391455,0.742047617891939,visually_responsive_voxels
04,miniblock,unsmoothed,5,0.0385475273877208,0.04996538679629222,0.7947101707438855,visually_responsive_voxels
04,miniblock,unsmoothed,6,0.043125196345787424,0.05599425004847552,0.8401820385471626,visually_responsive_voxels
04,miniblock,unsmoothed,7,0.03105115999264423,0.04274128363581341,0.76715190377479,visually_responsive_voxels
04,miniblock,unsmoothed,8,0.029882639530508567,0.03772765328304321,0.7473890565948218,visually_responsive_voxels
04,miniblock,unsmoothed,9,0.03926069362893009,0.05086774261288851,0.7957499462304165,visually_responsive_voxels
04,miniblock,unsmoothed,10,0.032275503321659,0.043513767884538826,0.8088472553750928,visually_responsive_voxels
04,miniblock,sm_2_vox,1,0.04422664045568162,0.06543326970223322,0.8031513043168249,visually_responsive_voxels
04,miniblock,sm_2_vox,2,0.03612883507493345,0.05778981418313573,0.8021193561580139,visually_responsive_voxels
04,miniblock,sm_2_vox,3,0.038134879032256666,0.06381671763275909,0.8421976426642281,visually_responsive_voxels
04,miniblock,sm_2_vox,4,0.04714232132340454,0.06696843536796825,0.8144374768517454,visually_responsive_voxels
04,miniblock,sm_2_vox,5,0.06959489317555803,0.09841983898073864,0.8641251780101522,visually_responsive_voxels
04,miniblock,sm_2_vox,6,0.059830432274926924,0.08730737679232174,0.8659513593002901,visually_responsive_voxels
04,miniblock,sm_2_vox,7,0.04276602058210823,0.07146381548937825,0.8014634339373687,visually_responsive_voxels
04,miniblock,sm_2_vox,8,0.04856602359737815,0.06857896798982545,0.8013189153829776,visually_responsive_voxels
04,miniblock,sm_2_vox,9,0.06604396201753931,0.08846114027171263,0.8730955598799364,visually_responsive_voxels
04,miniblock,sm_2_vox,10,0.03560889715488483,0.06312321512204815,0.8901923283393101,visually_responsive_voxels
04,er,unsmoothed,1,0.029565115199273906,0.027215941395752296,0.5113276175955883,FFA
04,er,unsmoothed,2,0.015991526734383296,0.031491133469055126,0.5933527624484656,FFA
04,er,unsmoothed,3,0.025539456011382043,0.03197170043564387,0.5357916735926171,FFA
04,er,unsmoothed,4,0.024213083242139104,0.03472148947735974,0.5352627180608,FFA
04,er,unsmoothed,5,0.03850101245218804,0.04997163479082468,0.5139325192897387,FFA
04,er,unsmoothed,6,0.03912285566647935,0.04038006824665593,0.5293293851769054,FFA
04,er,unsmoothed,7,0.04203908904914014,0.04224686770585081,0.554851571262637,FFA
04,er,unsmoothed,8,0.04216079486062556,0.036770266356003785,0.53358581444873,FFA
04,er,unsmoothed,9,0.024078237331397117,0.02519110660165416,0.5947294091326145,FFA
04,er,unsmoothed,10,0.037133429547941625,0.04316181533894232,0.574735996069502,FFA
04,er,sm_2_vox,1,0.15461748916391538,0.1503645461758911,0.697944917172955,FFA
04,er,sm_2_vox,2,0.1916765041339627,0.18300069098657698,0.6550125932355123,FFA
04,er,sm_2_vox,3,0.1293246451061516,0.1325991968410258,0.6988184163314287,FFA
04,er,sm_2_vox,4,0.15697377455311334,0.1466880761162956,0.6911218265655865,FFA
04,er,sm_2_vox,5,0.19025183409312035,0.1788157761473851,0.6198797063209509,FFA
04,er,sm_2_vox,6,0.1724669428043285,0.16807171940387908,0.7393743104059869,FFA
04,er,sm_2_vox,7,0.19585172053581934,0.18951243122516018,0.6768458661991107,FFA
04,er,sm_2_vox,8,0.17992148709816141,0.16984512242274658,0.6320290801098012,FFA
04,er,sm_2_vox,9,0.1640493145874462,0.1660199971870186,0.6527273155769728,FFA
04,er,sm_2_vox,10,0.20803474073028644,0.19983273743522587,0.7019073620234091,FFA
04,sus,unsmoothed,1,0.15809626981101624,0.17343754373465153,0.705567504716967,FFA
04,sus,unsmoothed,2,0.195989825333221,0.20463153491640104,0.6787687695792937,FFA
04,sus,unsmoothed,3,0.18863506561522925,0.1926452107048399,0.7054965779680453,FFA
04,sus,unsmoothed,4,0.14843540860932153,0.16864742045389083,0.7233363843468748,FFA
04,sus,unsmoothed,5,0.17317799620045735,0.19249923372913974,0.746665921391534,FFA
04,sus,unsmoothed,6,0.13031501500631065,0.14889393622405678,0.7127354918113962,FFA
04,sus,unsmoothed,7,0.1558617273558927,0.18389118869675494,0.7638060969091477,FFA
04,sus,unsmoothed,8,0.16431568966674087,0.17610293015731454,0.6737014828093353,FFA
04,sus,unsmoothed,9,0.1743509800915147,0.19116279528446306,0.7469838689876906,FFA
04,sus,unsmoothed,10,0.17971038180305793,0.18433413466188314,0.718762414774475,FFA
04,sus,sm_2_vox,1,0.45796360234872485,0.4200576441161389,0.7159025162936845,FFA
04,sus,sm_2_vox,2,0.49809490986233274,0.4579269824883028,0.7901473903990501,FFA
04,sus,sm_2_vox,3,0.46212106311662093,0.42355726215014156,0.7606468810264466,FFA
04,sus,sm_2_vox,4,0.3641901646296556,0.3512500747797959,0.7469778638520276,FFA
04,sus,sm_2_vox,5,0.4890472906063365,0.44890902914119885,0.8078098562834273,FFA
04,sus,sm_2_vox,6,0.3867383071693946,0.35808598801137204,0.7382869645346495,FFA
04,sus,sm_2_vox,7,0.4526127535562783,0.42367044954030375,0.8039953305352289,FFA
04,sus,sm_2_vox,8,0.40107621835512364,0.3861000496040538,0.734523781116711,FFA
04,sus,sm_2_vox,9,0.47782561794870343,0.4543954276300078,0.7851823880556019,FFA
04,sus,sm_2_vox,10,0.4319436894899178,0.40983979552044264,0.7319668699638533,FFA
04,miniblock,unsmoothed,1,0.13569401661225614,0.14106357026620064,0.6639925093093776,FFA
04,miniblock,unsmoothed,2,0.1277672643352496,0.1451041573258565,0.7970552920506502,FFA
04,miniblock,unsmoothed,3,0.1360205000478349,0.13168511241548692,0.65548833264832,FFA
04,miniblock,unsmoothed,4,0.12503122699339964,0.1266029520049201,0.6706791281917591,FFA
04,miniblock,unsmoothed,5,0.15253788063748552,0.15452177628975097,0.7947101707438855,FFA
04,miniblock,unsmoothed,6,0.1608302039673938,0.15963495948033093,0.7574858525779166,FFA
04,miniblock,unsmoothed,7,0.13872552372416186,0.14885871349028648,0.7546466906685579,FFA
04,miniblock,unsmoothed,8,0.14377910068473462,0.12726580534738768,0.6498564359707819,FFA
04,miniblock,unsmoothed,9,0.1486800618198173,0.1550370646584322,0.748530932050525,FFA
04,miniblock,unsmoothed,10,0.14948292022315685,0.14865136461505687,0.6963764493929889,FFA
04,miniblock,sm_2_vox,1,0.3777824973053372,0.34387415680909483,0.7129327522354414,FFA
04,miniblock,sm_2_vox,2,0.41899302697699314,0.3630518842231857,0.8021193561580139,FFA
04,miniblock,sm_2_vox,3,0.3288647897307459,0.30875631835490874,0.6875913550765264,FFA
04,miniblock,sm_2_vox,4,0.35399198532595844,0.32134480974608526,0.7484668038426553,FFA
04,miniblock,sm_2_vox,5,0.42995728892727914,0.39302745411947887,0.807754398595828,FFA
04,miniblock,sm_2_vox,6,0.4291145986468492,0.38224531830218145,0.7442630200083054,FFA
04,miniblock,sm_2_vox,7,0.3811656688191367,0.35010498818378594,0.8014634339373687,FFA
04,miniblock,sm_2_vox,8,0.35850202903670814,0.3177746829559091,0.7491445262424168,FFA
04,miniblock,sm_2_vox,9,0.43589294555458613,0.38738713000941505,0.7733095649221717,FFA
04,miniblock,sm_2_vox,10,0.3711127502744261,0.33482910867087984,0.7501706373826609,FFA
04,er,unsmoothed,1,0.0023129469552419235,0.025191927623463565,0.4166970716049164,PPA
04,er,unsmoothed,2,0.010476882644126849,0.009578624595485452,0.34828271354587204,PPA
04,er,unsmoothed,3,0.035669381424335685,0.03581241454548081,0.4469118852813275,PPA
04,er,unsmoothed,4,0.03189497699652125,0.035401577576131,0.3543857417043872,PPA
04,er,unsmoothed,5,0.03824456110426033,0.02744473487741124,0.4342785933650847,PPA
04,er,unsmoothed,6,0.04539411518809128,0.06869524695068326,0.4633276320461823,PPA
04,er,unsmoothed,7,0.05732722201679225,0.052132405137088056,0.3503356248538148,PPA
04,er,unsmoothed,8,0.04122240503910446,0.03296220887347394,0.46359035547078653,PPA
04,er,unsmoothed,9,0.016404254031739923,0.019338246738189825,0.5903851611949773,PPA
04,er,unsmoothed,10,0.023432415481808282,0.03189675886047419,0.456972280933415,PPA
04,er,sm_2_vox,1,0.1816013558002484,0.16155290512155812,0.5360572531529052,PPA
04,er,sm_2_vox,2,0.07982398751052176,0.09268567099220727,0.35728067914552414,PPA
04,er,sm_2_vox,3,0.09576454071557045,0.09164989274626843,0.4438587294100679,PPA
04,er,sm_2_vox,4,0.14535785299657072,0.14245810432482456,0.4090845116537414,PPA
04,er,sm_2_vox,5,0.12716114538355566,0.12887700547591263,0.4225634723082766,PPA
04,er,sm_2_vox,6,0.13280393710084898,0.13041171134112572,0.41479097866479037,PPA
04,er,sm_2_vox,7,0.12094989020723795,0.1260292926157479,0.5430274422384247,PPA
04,er,sm_2_vox,8,0.10752181490633651,0.11754479594979617,0.46690747165131447,PPA
04,er,sm_2_vox,9,0.04848232453970943,0.035655617727026225,0.3879566113897882,PPA
04,er,sm_2_vox,10,0.08876088972647607,0.11303904451370025,0.4439320726295286,PPA
04,sus,unsmoothed,1,0.05913770575420736,0.08262531455989623,0.5612273409762163,PPA
04,sus,unsmoothed,2,0.05215876369791006,0.06749540412218062,0.5107883039718001,PPA
04,sus,unsmoothed,3,0.039322008111008375,0.0721062614045988,0.5890643349763215,PPA
04,sus,unsmoothed,4,0.06150870998585972,0.053367569966643644,0.578919763412268,PPA
04,sus,unsmoothed,5,0.03662175122604376,0.060874657515065635,0.6445861706078507,PPA
04,sus,unsmoothed,6,0.021531318151565504,0.04092329898676763,0.5666377930786108,PPA
04,sus,unsmoothed,7,0.01583846324107871,0.05070269914745882,0.47975473188164347,PPA
04,sus,unsmoothed,8,0.04828549169243747,0.04396066535420555,0.49735425355432705,PPA
04,sus,unsmoothed,9,0.03449283650179258,0.04537396078685891,0.45481325930850636,PPA
04,sus,unsmoothed,10,0.0010462692263438055,0.03532434017768521,0.47553138387695393,PPA
04,sus,sm_2_vox,1,0.22340487348599264,0.25711064678510615,0.6311523001978885,PPA
04,sus,sm_2_vox,2,0.27272123390754505,0.24675774501651518,0.5345401183706293,PPA
04,sus,sm_2_vox,3,0.20766196619290297,0.17877860578749824,0.5356862966889785,PPA
04,sus,sm_2_vox,4,0.2212354509559162,0.21265716576155858,0.5159469223488944,PPA
04,sus,sm_2_vox,5,0.17409327358600077,0.16542845559694405,0.6147042840110404,PPA
04,sus,sm_2_vox,6,0.16700893851166793,0.1515238650042603,0.4842726224777186,PPA
04,sus,sm_2_vox,7,0.2187279724568592,0.18028553726075802,0.48894588504998976,PPA
04,sus,sm_2_vox,8,0.15406026283084837,0.11407287797054642,0.46773073499781037,PPA
04,sus,sm_2_vox,9,0.18671701714069272,0.15190848152730052,0.47762057165590077,PPA
04,sus,sm_2_vox,10,0.19174998246472066,0.15007165652213866,0.44517326641341454,PPA
04,miniblock,unsmoothed,1,0.03984086461255512,0.045046894855958336,0.5917104695854363,PPA
04,miniblock,unsmoothed,2,0.07523360646083951,0.07568480510241787,0.5276122148236564,PPA
04,miniblock,unsmoothed,3,0.028106272428350405,0.02711210967244052,0.48965867646804495,PPA
04,miniblock,unsmoothed,4,0.050716772756742044,0.05094285748902236,0.42903584230078506,PPA
04,miniblock,unsmoothed,5,0.033395468681523106,0.03771007021697187,0.41957694014886693,PPA
04,miniblock,unsmoothed,6,0.07336225945878964,0.0890740805651698,0.4635340174178634,PPA
04,miniblock,unsmoothed,7,0.01501854092536175,0.04274270445067922,0.47830370413352896,PPA
04,miniblock,unsmoothed,8,0.050079526074044825,0.05754707968298054,0.5172477708774542,PPA
04,miniblock,unsmoothed,9,0.09023453549013224,0.09800837074402986,0.558883694404801,PPA
04,miniblock,unsmoothed,10,0.08510644830868416,0.07273257042079695,0.5540752652075942,PPA
04,miniblock,sm_2_vox,1,0.256328142545042,0.21437217408344633,0.6241487363216079,PPA
04,miniblock,sm_2_vox,2,0.1533658451054919,0.1575451332305015,0.5712362167145091,PPA
04,miniblock,sm_2_vox,3,0.06412933593303029,0.1048454902283449,0.5614731369776439,PPA
04,miniblock,sm_2_vox,4,0.13060694372901838,0.12365398455585856,0.5727042568175696,PPA
04,miniblock,sm_2_vox,5,0.13082653174618258,0.13468126031193234,0.5900891976204747,PPA
04,miniblock,sm_2_vox,6,0.20768944099425773,0.2264835869960884,0.6002740024812919,PPA
04,miniblock,sm_2_vox,7,0.139731228358643,0.1530259178799523,0.5144448039742071,PPA
04,miniblock,sm_2_vox,8,0.17436220890815604,0.19614189877287794,0.5606639637674428,PPA
04,miniblock,sm_2_vox,9,0.2510253575476787,0.22095495031014362,0.5584013294580656,PPA
04,miniblock,sm_2_vox,10,0.16392691759245254,0.1659601905457998,0.5858125734829027,PPA
04,er,unsmoothed,1,0.015567668990532295,0.013605486779520852,0.5169866905557927,EBA
04,er,unsmoothed,2,0.00310725517146517,0.004838461418785476,0.5476556148450468,EBA
04,er,unsmoothed,3,0.011526012970653893,0.008920991279847901,0.5516340470142775,EBA
04,er,unsmoothed,4,-0.012977603170331035,-0.0026586825663199587,0.5321648101864702,EBA
04,er,unsmoothed,5,0.023310044187084336,0.02467764242884521,0.5415934151437558,EBA
04,er,unsmoothed,6,0.007022821917406639,0.00980040168295598,0.5092553864220674,EBA
04,er,unsmoothed,7,0.020568707241392196,0.021181877038853335,0.47219207086924553,EBA
04,er,unsmoothed,8,0.028163051356332763,0.02436604168916888,0.5445175258961719,EBA
04,er,unsmoothed,9,-0.0006406419750850656,0.003616807256694685,0.5033148884108937,EBA
04,er,unsmoothed,10,0.012962753684943193,0.011065067741103874,0.4863691523124434,EBA
04,er,sm_2_vox,1,0.11381921620016205,0.1084710468906827,0.6584250491150357,EBA
04,er,sm_2_vox,2,0.11624511366636803,0.10979471466679745,0.6681797399821399,EBA
04,er,sm_2_vox,3,0.055341657634827096,0.061812839872862284,0.6753590524141824,EBA
04,er,sm_2_vox,4,0.06124335266862698,0.07296995691179803,0.7308539006253068,EBA
04,er,sm_2_vox,5,0.11518122334880528,0.12022330869832262,0.7547964124525408,EBA
04,er,sm_2_vox,6,0.08271700201776645,0.08460591096091973,0.6615749431415767,EBA
04,er,sm_2_vox,7,0.09998988640927335,0.09758890142968564,0.6156357454960073,EBA
04,er,sm_2_vox,8,0.11715378999022152,0.10692366315203736,0.6708936431643028,EBA
04,er,sm_2_vox,9,0.05533147919442543,0.05208737348898219,0.6072030035309827,EBA
04,er,sm_2_vox,10,0.11981216389511667,0.11283428515176068,0.6753585114810735,EBA
04,sus,unsmoothed,1,0.09072839687834866,0.11274209644176562,0.7667097543674671,EBA
04,sus,unsmoothed,2,0.15028521959528096,0.15574299804255068,0.7414242166371741,EBA
04,sus,unsmoothed,3,0.12388610393209606,0.13662234686206579,0.7749404922246692,EBA
04,sus,unsmoothed,4,0.09164580063341948,0.09762860057471727,0.7722859243898141,EBA
04,sus,unsmoothed,5,0.09752388209935463,0.11966542717107656,0.7640383556467227,EBA
04,sus,unsmoothed,6,0.07255864416039091,0.08570555588950002,0.8135291077260314,EBA
04,sus,unsmoothed,7,0.09111519516655876,0.11368139225081533,0.8360785990766901,EBA
04,sus,unsmoothed,8,0.09657174811361027,0.10794204972042552,0.7647537080020177,EBA
04,sus,unsmoothed,9,0.1036014994629038,0.11935284561044084,0.7488387856433741,EBA
04,sus,unsmoothed,10,0.10977302358425484,0.11214698348662894,0.8070533746599138,EBA
04,sus,sm_2_vox,1,0.22239104899531928,0.23664127243406183,0.8176039069030872,EBA
04,sus,sm_2_vox,2,0.3292971230876887,0.3135218427216153,0.8412873970276835,EBA
04,sus,sm_2_vox,3,0.2554923385481825,0.26496302810615585,0.8023120525451107,EBA
04,sus,sm_2_vox,4,0.16347270929151647,0.17406879043780774,0.7188603839001011,EBA
04,sus,sm_2_vox,5,0.22171847322377297,0.22308440917460812,0.8084962167626116,EBA
04,sus,sm_2_vox,6,0.14289179148515224,0.15775432116085603,0.7576198705247013,EBA
04,sus,sm_2_vox,7,0.1941857494085712,0.20620131320649213,0.8113433062447729,EBA
04,sus,sm_2_vox,8,0.17317361991691507,0.1806208185801136,0.7304144501358798,EBA
04,sus,sm_2_vox,9,0.21525685642684372,0.2205948292156084,0.7737099507527473,EBA
04,sus,sm_2_vox,10,0.22897757044482575,0.22673825703751702,0.7707930821471336,EBA
04,miniblock,unsmoothed,1,0.07018785272481344,0.08232719175215801,0.766622103898934,EBA
04,miniblock,unsmoothed,2,0.10378207247134147,0.11162584049570189,0.7989557026288843,EBA
04,miniblock,unsmoothed,3,0.083430205478871,0.09154041458686335,0.8430070295075598,EBA
04,miniblock,unsmoothed,4,0.07592126842343797,0.08811232965485534,0.7394405219591436,EBA
04,miniblock,unsmoothed,5,0.08693009836422139,0.10859919130064248,0.8342361033762986,EBA
04,miniblock,unsmoothed,6,0.1085275178831635,0.12855560688473888,0.8363495931396352,EBA
04,miniblock,unsmoothed,7,0.08878158559331893,0.09765114210858382,0.7720236213634106,EBA
04,miniblock,unsmoothed,8,0.06870206771172406,0.08132528362665879,0.729788838299247,EBA
04,miniblock,unsmoothed,9,0.10366923659982968,0.11747523979715642,0.7278201713957693,EBA
04,miniblock,unsmoothed,10,0.08288525353677229,0.08971102338833192,0.7947278159824764,EBA
04,miniblock,sm_2_vox,1,0.13052966952988215,0.13280349908809636,0.7520733532809816,EBA
04,miniblock,sm_2_vox,2,0.19045426729843462,0.20225147310127492,0.8586995526388483,EBA
04,miniblock,sm_2_vox,3,0.16182118516841856,0.16859026029441843,0.8669432669483654,EBA
04,miniblock,sm_2_vox,4,0.1631865917298746,0.17070405489932905,0.7935207123921799,EBA
04,miniblock,sm_2_vox,5,0.19609860441324,0.21522019837891607,0.8648691107787527,EBA
04,miniblock,sm_2_vox,6,0.16468094105222095,0.18698764819721503,0.8169089528968643,EBA
04,miniblock,sm_2_vox,7,0.16889650108726437,0.17530081472451312,0.7783905100262668,EBA
04,miniblock,sm_2_vox,8,0.14496357226440235,0.14374472857620288,0.8039493758373589,EBA
04,miniblock,sm_2_vox,9,0.21931261035677382,0.2292640940303854,0.8302338700956328,EBA
04,miniblock,sm_2_vox,10,0.15825526592539355,0.15888999501288426,0.8572388064875123,EBA
04,er,unsmoothed,1,0.005293484069592604,0.006800461191267493,0.5639923767093373,EVC
04,er,unsmoothed,2,0.007880337710082775,0.010633792868682898,0.5978895280085149,EVC
04,er,unsmoothed,3,0.012449311044806819,0.015289490551454211,0.6757565650325146,EVC
04,er,unsmoothed,4,0.016044948005132335,0.01650156064142205,0.6347961847244692,EVC
04,er,unsmoothed,5,0.03099800040193091,0.03288171128645984,0.6227739485366466,EVC
04,er,unsmoothed,6,0.016476686920857662,0.01827410781882818,0.5575466889121186,EVC
04,er,unsmoothed,7,0.02532671926445914,0.026012744894303247,0.6595050550908151,EVC
04,er,unsmoothed,8,0.02870452096986192,0.028175468746802573,0.5781071656247124,EVC
04,er,unsmoothed,9,0.0039092167606464,0.006058307855568042,0.5842545688665064,EVC
04,er,unsmoothed,10,0.017964318933827106,0.018135079902603036,0.5887081675492241,EVC
04,er,sm_2_vox,1,0.08831159802361499,0.0858354105987743,0.6531022915291687,EVC
04,er,sm_2_vox,2,0.11872439921575575,0.11712709550916282,0.7241318408108329,EVC
04,er,sm_2_vox,3,0.08293359193971728,0.0833297479710261,0.6653705078156404,EVC
04,er,sm_2_vox,4,0.07003733349908092,0.07594470982748107,0.6829801444166761,EVC
04,er,sm_2_vox,5,0.10314772601950133,0.10241357667798583,0.6726996251210454,EVC
04,er,sm_2_vox,6,0.07690070029160427,0.0730831911289795,0.6126160558610112,EVC
04,er,sm_2_vox,7,0.13829180057539786,0.1348202416236213,0.7343859825743737,EVC
04,er,sm_2_vox,8,0.08790544563587749,0.08364649325954883,0.7033140941051359,EVC
04,er,sm_2_vox,9,0.027237987546615713,0.02660961282479908,0.7166056639270371,EVC
04,er,sm_2_vox,10,0.13855419371100802,0.12610134939953352,0.753151899756555,EVC
04,sus,unsmoothed,1,0.07164628137998358,0.08501206339361725,0.7720290291664103,EVC
04,sus,unsmoothed,2,0.0857234066746367,0.09459402206679493,0.7630954553093492,EVC
04,sus,unsmoothed,3,0.0849377047885363,0.09814585559144522,0.8010782567869825,EVC
04,sus,unsmoothed,4,0.07214146545110398,0.0785365631355504,0.7507152175533414,EVC
04,sus,unsmoothed,5,0.09328269200950201,0.10558229948239073,0.7905234812232398,EVC
04,sus,unsmoothed,6,0.04849958673165351,0.05832144777611127,0.7704649168123505,EVC
04,sus,unsmoothed,7,0.06680158502944797,0.07469270090278465,0.7341311323446618,EVC
04,sus,unsmoothed,8,0.054039180342794424,0.060866843694112154,0.736801586740141,EVC
04,sus,unsmoothed,9,0.0554932666976167,0.07194153306368332,0.8150314389009498,EVC
04,sus,unsmoothed,10,0.07695425071746437,0.08472106365254221,0.7791898408337465,EVC
04,sus,sm_2_vox,1,0.1324794000168772,0.15324356682828721,0.7374605907401834,EVC
04,sus,sm_2_vox,2,0.15539327964761157,0.1710028452813658,0.7518493002376878,EVC
04,sus,sm_2_vox,3,0.15670691494503336,0.1654928346913778,0.7565130033595822,EVC
04,sus,sm_2_vox,4,0.1191470859643349,0.12614329057885804,0.7273562713295965,EVC
04,sus,sm_2_vox,5,0.15702006862934187,0.16819094817085878,0.7430364134165979,EVC
04,sus,sm_2_vox,6,0.06750441821359576,0.07957062124634956,0.7107548543555162,EVC
04,sus,sm_2_vox,7,0.1166359048285032,0.12528320632206846,0.7076331253785781,EVC
04,sus,sm_2_vox,8,0.09550988365256147,0.09292492102744501,0.725502386994386,EVC
04,sus,sm_2_vox,9,0.10259994130551757,0.12172603359621945,0.8147476673405314,EVC
04,sus,sm_2_vox,10,0.18664129022650194,0.18006292501198515,0.7619405107800021,EVC
04,miniblock,unsmoothed,1,0.07067875788079941,0.08671895639479023,0.7248358325188877,EVC
04,miniblock,unsmoothed,2,0.061647793551707755,0.07882282996690668,0.7865672701627495,EVC
04,miniblock,unsmoothed,3,0.056291991873979055,0.0791822775786522,0.7799681268337386,EVC
04,miniblock,unsmoothed,4,0.06857745151262296,0.08603017016723784,0.7945549051359242,EVC
04,miniblock,unsmoothed,5,0.0769001685633291,0.0981815077922839,0.8172168718484156,EVC
04,miniblock,unsmoothed,6,0.09219665778072689,0.11315127834282702,0.8401820385471626,EVC
04,miniblock,unsmoothed,7,0.06010952097267159,0.08386036321179481,0.7817520253993103,EVC
04,miniblock,unsmoothed,8,0.065158918618364,0.08199848041870209,0.7605075185272743,EVC
04,miniblock,unsmoothed,9,0.08819245371067108,0.10512795635115113,0.7957499462304165,EVC
04,miniblock,unsmoothed,10,0.07135204671574175,0.09457476720075544,0.8088472553750928,EVC
04,miniblock,sm_2_vox,1,0.13606189542144137,0.16795235031649738,0.8186460401503142,EVC
04,miniblock,sm_2_vox,2,0.0723140917707634,0.11570266600572561,0.7944922157917571,EVC
04,miniblock,sm_2_vox,3,0.08956820579714193,0.1413977834357396,0.833951670557939,EVC
04,miniblock,sm_2_vox,4,0.12307790092481517,0.1588140957905001,0.8221676595955693,EVC
04,miniblock,sm_2_vox,5,0.15834210588108438,0.2110929086092135,0.8641251780101522,EVC
04,miniblock,sm_2_vox,6,0.18380901501968208,0.21161517880882658,0.8659513593002901,EVC
04,miniblock,sm_2_vox,7,0.09884004638476533,0.14527177273942085,0.8038026521285822,EVC
04,miniblock,sm_2_vox,8,0.10466777123693322,0.13920207060966758,0.8062239157339448,EVC
04,miniblock,sm_2_vox,9,0.16200757216884118,0.1944566931802335,0.8730955598799364,EVC
04,miniblock,sm_2_vox,10,0.13112857521845994,0.17710116948981883,0.8901923283393101,EVC
05,er,unsmoothed,1,-0.007888979531619204,-0.0067057742628457645,0.6629016623190911,visually_responsive_voxels
05,er,unsmoothed,2,-0.007970874706298321,-0.007016348109122196,0.6010127096231286,visually_responsive_voxels
05,er,unsmoothed,3,0.015045590262769085,0.015962015703489558,0.7522682224419628,visually_responsive_voxels
05,er,unsmoothed,4,0.01073418590184149,0.010980728063020573,0.684039300865569,visually_responsive_voxels
05,er,unsmoothed,5,0.009463192784868932,0.010424302043540353,0.7383820941748706,visually_responsive_voxels
05,er,unsmoothed,6,-0.011807543376019167,-0.011434907631285237,0.6496919593682101,visually_responsive_voxels
05,er,unsmoothed,7,0.009731282541868794,0.01149045460673232,0.6837946899936813,visually_responsive_voxels
05,er,unsmoothed,8,-0.0023597028651907645,-0.0006105548345372402,0.6921062135499945,visually_responsive_voxels
05,er,unsmoothed,9,-0.004517997548639876,-0.0035770060663654376,0.6711059866979728,visually_responsive_voxels
05,er,unsmoothed,10,-0.0010158113804189378,-8.66967481604735e-05,0.6757421791182745,visually_responsive_voxels
05,er,sm_2_vox,1,0.02591245268113343,0.02796737344193682,0.7730904338623762,visually_responsive_voxels
05,er,sm_2_vox,2,0.01089461432894602,0.016469791002806523,0.722376528238954,visually_responsive_voxels
05,er,sm_2_vox,3,0.04116341450211856,0.04707567420379583,0.7913363818969987,visually_responsive_voxels
05,er,sm_2_vox,4,0.04872109816371743,0.04995142194301127,0.7297421161258704,visually_responsive_voxels
05,er,sm_2_vox,5,0.05090247865336138,0.05720264219450382,0.7869885731370277,visually_responsive_voxels
05,er,sm_2_vox,6,0.021953218560837155,0.0264885092846771,0.7557101395134526,visually_responsive_voxels
05,er,sm_2_vox,7,0.03276044254209622,0.03861810842915544,0.7838964294384706,visually_responsive_voxels
05,er,sm_2_vox,8,0.024078443671114984,0.028978817049859575,0.787541390249778,visually_responsive_voxels
05,er,sm_2_vox,9,0.022575192056870003,0.0303027612898342,0.8438821310241158,visually_responsive_voxels
05,er,sm_2_vox,10,0.03479421610421092,0.04125821761478598,0.7382117057876338,visually_responsive_voxels
05,sus,unsmoothed,1,0.05828260944411587,0.0685924859956935,0.8135733403023215,visually_responsive_voxels
05,sus,unsmoothed,2,0.047493514592884194,0.05808818949039641,0.824102879525171,visually_responsive_voxels
05,sus,unsmoothed,3,0.03651833565549584,0.046678452381952576,0.8482739670072565,visually_responsive_voxels
05,sus,unsmoothed,4,0.047565210718090556,0.058637342567135084,0.8273934792788187,visually_responsive_voxels
05,sus,unsmoothed,5,0.06445918935037227,0.0765613099447736,0.8767906571421105,visually_responsive_voxels
05,sus,unsmoothed,6,0.040855145825481415,0.05635088878495438,0.8604787102059823,visually_responsive_voxels
05,sus,unsmoothed,7,0.0491832913890379,0.06358252341198142,0.8148769478870888,visually_responsive_voxels
05,sus,unsmoothed,8,0.05180522965012116,0.06343443544519729,0.8320842127608203,visually_responsive_voxels
05,sus,unsmoothed,9,0.05544227104545152,0.0707187328011171,0.8427236254781161,visually_responsive_voxels
05,sus,unsmoothed,10,0.040398118688393624,0.052707572954231355,0.8463363007064519,visually_responsive_voxels
05,sus,sm_2_vox,1,0.10002042101565575,0.11326824046765134,0.8358680279070527,visually_responsive_voxels
05,sus,sm_2_vox,2,0.09689232990737634,0.12758091295841084,0.898078412595699,visually_responsive_voxels
05,sus,sm_2_vox,3,0.08743918136539258,0.10640982037251955,0.862161553513792,visually_responsive_voxels
05,sus,sm_2_vox,4,0.1098844282694099,0.12828136562093206,0.8663966106866656,visually_responsive_voxels
05,sus,sm_2_vox,5,0.11245339570320513,0.14074603440491024,0.8709278065123329,visually_responsive_voxels
05,sus,sm_2_vox,6,0.07021411973636424,0.09546310972179518,0.8576176058478266,visually_responsive_voxels
05,sus,sm_2_vox,7,0.09791643221196944,0.12531416287581007,0.890475749901503,visually_responsive_voxels
05,sus,sm_2_vox,8,0.09798314548665568,0.11755848984953256,0.852342577229566,visually_responsive_voxels
05,sus,sm_2_vox,9,0.07584787043827287,0.10692510806334503,0.8852155535610944,visually_responsive_voxels
05,sus,sm_2_vox,10,0.09265102789788111,0.11099659864017432,0.8502135254856027,visually_responsive_voxels
05,miniblock,unsmoothed,1,0.04767834835342334,0.06132944675850293,0.8391966305432657,visually_responsive_voxels
05,miniblock,unsmoothed,2,0.025069953537510913,0.0380217101861903,0.8011615891751624,visually_responsive_voxels
05,miniblock,unsmoothed,3,0.01912802729161351,0.033500040375921074,0.8542044834400255,visually_responsive_voxels
05,miniblock,unsmoothed,4,0.012542573137619747,0.026064235568911964,0.8203800435863913,visually_responsive_voxels
05,miniblock,unsmoothed,5,0.019124343553028098,0.032278204799349015,0.8350026270383479,visually_responsive_voxels
05,miniblock,unsmoothed,6,0.03945227429147824,0.05283258838985208,0.8332368509217944,visually_responsive_voxels
05,miniblock,unsmoothed,7,0.034285211820308664,0.04706399768572507,0.8120786196924692,visually_responsive_voxels
05,miniblock,unsmoothed,8,0.039206645931511436,0.050753395701611685,0.7940491297909853,visually_responsive_voxels
05,miniblock,unsmoothed,9,0.03536946979301066,0.050595407306118736,0.8166050802777495,visually_responsive_voxels
05,miniblock,unsmoothed,10,-0.011504229433278827,0.002011577656597031,0.7875468873962176,visually_responsive_voxels
05,miniblock,sm_2_vox,1,0.10681860203799132,0.13898484788566126,0.9145390906819076,visually_responsive_voxels
05,miniblock,sm_2_vox,2,0.08160552437193111,0.11205550458938507,0.8839153746605648,visually_responsive_voxels
05,miniblock,sm_2_vox,3,0.08431701209163511,0.11941159118998138,0.895319920419448,visually_responsive_voxels
05,miniblock,sm_2_vox,4,0.08181982087337479,0.11826084653386572,0.9105144961520619,visually_responsive_voxels
05,miniblock,sm_2_vox,5,0.10024404514161332,0.12649670521354808,0.8863190114113038,visually_responsive_voxels
05,miniblock,sm_2_vox,6,0.07888369623445929,0.12043359992639831,0.8928827057086728,visually_responsive_voxels
05,miniblock,sm_2_vox,7,0.09111222321016092,0.12687095880104904,0.88465493797224,visually_responsive_voxels
05,miniblock,sm_2_vox,8,0.08024631719411875,0.10702328577883058,0.8966898185702853,visually_responsive_voxels
05,miniblock,sm_2_vox,9,0.07430279858631814,0.1105748097931922,0.9003353936668923,visually_responsive_voxels
05,miniblock,sm_2_vox,10,0.08565053090483692,0.11595609001972675,0.8519263517358939,visually_responsive_voxels
05,er,unsmoothed,1,0.1318544305342892,0.12294014018120271,0.6687652574792817,FFA
05,er,unsmoothed,2,0.09865082064763296,0.0940164784716759,0.6010127096231286,FFA
05,er,unsmoothed,3,0.11473461526525483,0.12512378201746038,0.7522682224419628,FFA
05,er,unsmoothed,4,0.08874448978634242,0.099491700965716,0.684039300865569,FFA
05,er,unsmoothed,5,0.1036112238445561,0.11048689040223893,0.7383820941748706,FFA
05,er,unsmoothed,6,0.08007341576740844,0.08712627938385904,0.6496919593682101,FFA
05,er,unsmoothed,7,0.0976917840247736,0.11470051216470958,0.6837946899936813,FFA
05,er,unsmoothed,8,0.09143514350821909,0.10360185574914847,0.6921062135499945,FFA
05,er,unsmoothed,9,0.10308614022963469,0.1050875158926091,0.6711059866979728,FFA
05,er,unsmoothed,10,0.09663646699497846,0.10390388064607442,0.6757421791182745,FFA
05,er,sm_2_vox,1,0.33833812125836227,0.31784346132798913,0.7730904338623762,FFA
05,er,sm_2_vox,2,0.27737820093733334,0.2566236938535082,0.722376528238954,FFA
05,er,sm_2_vox,3,0.3424928751299961,0.33264985836893907,0.7913363818969987,FFA
05,er,sm_2_vox,4,0.27344208295586786,0.2693204513882914,0.7023940744336897,FFA
05,er,sm_2_vox,5,0.3773523480644611,0.35510862880675287,0.7869885731370277,FFA
05,er,sm_2_vox,6,0.25968168020404525,0.2490056472243274,0.7557101395134526,FFA
05,er,sm_2_vox,7,0.31661754414283716,0.3044412918750739,0.7838964294384706,FFA
05,er,sm_2_vox,8,0.29567896516127357,0.2704898355216448,0.787541390249778,FFA
05,er,sm_2_vox,9,0.3085127447045586,0.2820555978284202,0.8438821310241158,FFA
05,er,sm_2_vox,10,0.2973276669663918,0.27108629462863204,0.7929970500237712,FFA
05,sus,unsmoothed,1,0.16282145004420684,0.18145797715770792,0.7932575409809819,FFA
05,sus,unsmoothed,2,0.17001398661384326,0.18359080509558523,0.824102879525171,FFA
05,sus,unsmoothed,3,0.1502310461616463,0.1732304888275611,0.73430446401343,FFA
05,sus,unsmoothed,4,0.19397896963227151,0.21079513844680298,0.8264538531316475,FFA
05,sus,unsmoothed,5,0.17235951624863896,0.19505806562069145,0.8767906571421105,FFA
05,sus,unsmoothed,6,0.17791700448820397,0.19766048587372,0.8513119228291464,FFA
05,sus,unsmoothed,7,0.20355682505014663,0.21230828943184288,0.8001972690988699,FFA
05,sus,unsmoothed,8,0.17826344886704304,0.19478862706942346,0.8137636542150369,FFA
05,sus,unsmoothed,9,0.19301918452663724,0.20651477673599616,0.7996762584957143,FFA
05,sus,unsmoothed,10,0.16349741559465006,0.18291923447643624,0.8159558611857323,FFA
05,sus,sm_2_vox,1,0.39668262447541,0.3578114201212401,0.8218978729073586,FFA
05,sus,sm_2_vox,2,0.4310730283972908,0.4015696381641849,0.898078412595699,FFA
05,sus,sm_2_vox,3,0.36876536171178737,0.34584083400043364,0.7726378590912026,FFA
05,sus,sm_2_vox,4,0.4920918470946419,0.44917635924601373,0.8663966106866656,FFA
05,sus,sm_2_vox,5,0.4880271127464993,0.4321923113975054,0.8565709109203218,FFA
05,sus,sm_2_vox,6,0.41043538836340376,0.3779794836464862,0.8417479364072888,FFA
05,sus,sm_2_vox,7,0.47195727241789825,0.44164280666421735,0.8557900976526349,FFA
05,sus,sm_2_vox,8,0.4400835757825576,0.40408066406968846,0.852342577229566,FFA
05,sus,sm_2_vox,9,0.44112223644141213,0.40506424297925603,0.8252692291651433,FFA
05,sus,sm_2_vox,10,0.40559501287830424,0.37715453837978763,0.832659909139294,FFA
05,miniblock,unsmoothed,1,0.21132468467096593,0.2219146372176653,0.8391966305432657,FFA
05,miniblock,unsmoothed,2,0.2205917452033665,0.22205784791422967,0.805328047989615,FFA
05,miniblock,unsmoothed,3,0.2046281148234678,0.21690608839084294,0.8542044834400255,FFA
05,miniblock,unsmoothed,4,0.19294346651903693,0.2022153765066458,0.7378502765248753,FFA
05,miniblock,unsmoothed,5,0.1862072581562342,0.18719641493271136,0.8082057715681983,FFA
05,miniblock,unsmoothed,6,0.21716528080895248,0.22326721795438306,0.8249188657966212,FFA
05,miniblock,unsmoothed,7,0.21355895127112734,0.222935315836274,0.8120786196924692,FFA
05,miniblock,unsmoothed,8,0.2251176719711707,0.21969183369588516,0.7886353168595845,FFA
05,miniblock,unsmoothed,9,0.22611595757246578,0.216924907367303,0.7852800755749063,FFA
05,miniblock,unsmoothed,10,0.18146137355020275,0.17044758698794987,0.7875468873962176,FFA
05,miniblock,sm_2_vox,1,0.5519510375013945,0.5002160843998671,0.9145390906819076,FFA
05,miniblock,sm_2_vox,2,0.5403804782139603,0.5087308294292069,0.8839153746605648,FFA
05,miniblock,sm_2_vox,3,0.5411711298185771,0.49098066243169664,0.895319920419448,FFA
05,miniblock,sm_2_vox,4,0.538790437740077,0.4972592490675091,0.9105144961520619,FFA
05,miniblock,sm_2_vox,5,0.5589505936967274,0.5073337687683256,0.8863190114113038,FFA
05,miniblock,sm_2_vox,6,0.5680722933967672,0.514406430831109,0.8928827057086728,FFA
05,miniblock,sm_2_vox,7,0.5648980112415685,0.5202329405843403,0.88465493797224,FFA
05,miniblock,sm_2_vox,8,0.535562511837204,0.48800841305393433,0.8966898185702853,FFA
05,miniblock,sm_2_vox,9,0.5383315296228377,0.4950283638795055,0.9003353936668923,FFA
05,miniblock,sm_2_vox,10,0.5191204335471997,0.4696822951010144,0.8519263517358939,FFA
05,er,unsmoothed,1,0.04534776207959538,0.049524249115768325,0.4643380401179216,PPA
05,er,unsmoothed,2,0.031702963173495136,0.022000292484148407,0.5214604275408963,PPA
05,er,unsmoothed,3,0.065263935945505,0.07151982794815973,0.45583577309976625,PPA
05,er,unsmoothed,4,0.043948897897878085,0.049171642805746395,0.46553416425166316,PPA
05,er,unsmoothed,5,0.039664554442551805,0.047155433013681726,0.46432607897758504,PPA
05,er,unsmoothed,6,0.03506375918301287,0.026142426249768067,0.49621502119308625,PPA
05,er,unsmoothed,7,0.05981247901828459,0.05905271559818191,0.4721348474670416,PPA
05,er,unsmoothed,8,0.059121950278408705,0.05502493601368158,0.4487841153492896,PPA
05,er,unsmoothed,9,0.04861451910839601,0.056535412732080896,0.5202056834541317,PPA
05,er,unsmoothed,10,0.06285921777029237,0.06290843429343258,0.5445602671482436,PPA
05,er,sm_2_vox,1,0.06951500127280544,0.06395264222364164,0.41217773514914435,PPA
05,er,sm_2_vox,2,0.060102914444347684,0.06186926201725195,0.45050424464946043,PPA
05,er,sm_2_vox,3,0.1341843260525571,0.12039833977059228,0.5610062462459933,PPA
05,er,sm_2_vox,4,0.1008478739860277,0.09211230721224034,0.5213231681401225,PPA
05,er,sm_2_vox,5,0.09273312518412011,0.08675637509410586,0.4988965585072248,PPA
05,er,sm_2_vox,6,0.1074731012101541,0.10091524746356102,0.4276701676450453,PPA
05,er,sm_2_vox,7,0.09051733353581315,0.09193808573163827,0.5340248058374449,PPA
05,er,sm_2_vox,8,0.08018202007110839,0.07429209169523454,0.4533337544722006,PPA
05,er,sm_2_vox,9,0.11353111239802988,0.11192995291304524,0.5345327582981092,PPA
05,er,sm_2_vox,10,0.15350631499572293,0.14694400519831124,0.5843847715805801,PPA
05,sus,unsmoothed,1,0.14705857249830737,0.13552358963346722,0.7068611829667377,PPA
05,sus,unsmoothed,2,0.12411831076414909,0.12080779807309897,0.5669437831545154,PPA
05,sus,unsmoothed,3,0.103388020452694,0.10649084125337843,0.5944253241812448,PPA
05,sus,unsmoothed,4,0.10352043918174283,0.09999835062935344,0.4671587772204921,PPA
05,sus,unsmoothed,5,0.1088352140300698,0.10665127034505538,0.5613259884202997,PPA
05,sus,unsmoothed,6,0.08621871413926022,0.09233270822971322,0.6149420366705263,PPA
05,sus,unsmoothed,7,0.14458484594708348,0.11573751499160292,0.5567864556700535,PPA
05,sus,unsmoothed,8,0.10097056572093749,0.09734308607487294,0.5060102662347095,PPA
05,sus,unsmoothed,9,0.12767362936529175,0.11679219103853274,0.5966165140218985,PPA
05,sus,unsmoothed,10,0.12020412357759018,0.11094914633442933,0.5589754921145746,PPA
05,sus,sm_2_vox,1,0.31971802940663646,0.2832857357643863,0.6812806620592222,PPA
05,sus,sm_2_vox,2,0.2844092970298119,0.286179682016864,0.7220310578684579,PPA
05,sus,sm_2_vox,3,0.2404143400615739,0.21950391853415505,0.6952264449179348,PPA
05,sus,sm_2_vox,4,0.2681911510120775,0.24575054758298356,0.6264956149633644,PPA
05,sus,sm_2_vox,5,0.3011451764961518,0.24416852280514412,0.644715868615326,PPA
05,sus,sm_2_vox,6,0.17929136223842873,0.16578016182115415,0.6180442673829227,PPA
05,sus,sm_2_vox,7,0.3014769141805622,0.2774389589713357,0.7319821180774564,PPA
05,sus,sm_2_vox,8,0.24886654744366776,0.2187052475582672,0.6577061331087575,PPA
05,sus,sm_2_vox,9,0.27298824255980303,0.2378936259224956,0.6933606174194692,PPA
05,sus,sm_2_vox,10,0.28462183896570503,0.25796935131816623,0.5941964921553643,PPA
05,miniblock,unsmoothed,1,0.13103352622525705,0.1326191059773717,0.7841199944156979,PPA
05,miniblock,unsmoothed,2,0.08034046452886363,0.08310070866965168,0.6103513010062523,PPA
05,miniblock,unsmoothed,3,0.11687431402145446,0.11374182916226745,0.6492704668123467,PPA
05,miniblock,unsmoothed,4,0.09269498964379727,0.09355660699976863,0.522553059016061,PPA
05,miniblock,unsmoothed,5,0.10392781439009927,0.10626577681461079,0.5322877992290088,PPA
05,miniblock,unsmoothed,6,0.15326405228725332,0.15085499156177865,0.6247225705519852,PPA
05,miniblock,unsmoothed,7,0.126464810358781,0.13382392918707642,0.5647635298089092,PPA
05,miniblock,unsmoothed,8,0.12252116106033409,0.11632629675850173,0.6029700666960591,PPA
05,miniblock,unsmoothed,9,0.10733539870887561,0.11380733506717984,0.6281423613835795,PPA
05,miniblock,unsmoothed,10,0.054269070697246964,0.0582281615449886,0.5171310493585509,PPA
05,miniblock,sm_2_vox,1,0.2394220858311533,0.2533485819635456,0.7629895702338124,PPA
05,miniblock,sm_2_vox,2,0.22549320816270046,0.24437155771281868,0.686795338347632,PPA
05,miniblock,sm_2_vox,3,0.33863166288403224,0.30075197620113814,0.7227209005554196,PPA
05,miniblock,sm_2_vox,4,0.3878850017372542,0.33801040114644526,0.7163921449982522,PPA
05,miniblock,sm_2_vox,5,0.3279919827123049,0.29952043479602974,0.7304441561779438,PPA
05,miniblock,sm_2_vox,6,0.359737882116988,0.33249354070859893,0.7735662506989387,PPA
05,miniblock,sm_2_vox,7,0.35958414859670296,0.33821476122885463,0.7165763956493263,PPA
05,miniblock,sm_2_vox,8,0.2823686827460781,0.2719267277196036,0.6865265616896986,PPA
05,miniblock,sm_2_vox,9,0.2782125722843651,0.28248920292338014,0.7297366922627524,PPA
05,miniblock,sm_2_vox,10,0.2413493728774181,0.23268620158796702,0.7308429530686718,PPA
05,er,unsmoothed,1,0.014048090114230912,0.01053159428350259,0.4957979130898147,EBA
05,er,unsmoothed,2,0.007273839256300018,0.007899873548121411,0.528619896801714,EBA
05,er,unsmoothed,3,0.03383751348979895,0.03850125812351965,0.5975736820189385,EBA
05,er,unsmoothed,4,0.02825645276731806,0.030498475969306153,0.5240411973493118,EBA
05,er,unsmoothed,5,0.0409134710676583,0.043014361840718336,0.5387430328947865,EBA
05,er,unsmoothed,6,0.0014202745789558824,0.002250823726767194,0.4869605132655094,EBA
05,er,unsmoothed,7,0.030926215391113412,0.032162746891729085,0.6165445832346601,EBA
05,er,unsmoothed,8,0.028766670891499705,0.035508474564410496,0.55255140671237,EBA
05,er,unsmoothed,9,0.013263247139895696,0.01598630545343663,0.6027456551251995,EBA
05,er,unsmoothed,10,0.014643799548098605,0.010967097971907454,0.48355174224211284,EBA
05,er,sm_2_vox,1,0.1006478874188433,0.0950912151901904,0.5612225579054229,EBA
05,er,sm_2_vox,2,0.0793665774466768,0.08595793724384332,0.6121480435787365,EBA
05,er,sm_2_vox,3,0.14399301845856893,0.14959642177171903,0.7039144364280767,EBA
05,er,sm_2_vox,4,0.10303140710651101,0.11267955668114055,0.7297421161258704,EBA
05,er,sm_2_vox,5,0.18869863798987416,0.18848731423994244,0.5729534380443075,EBA
05,er,sm_2_vox,6,0.09970135808338992,0.11257209652146591,0.5738187313205815,EBA
05,er,sm_2_vox,7,0.12698684084935558,0.12561307689378143,0.5881738021756089,EBA
05,er,sm_2_vox,8,0.13100326572495744,0.13406108684114307,0.6797694175337066,EBA
05,er,sm_2_vox,9,0.11880089599342358,0.1244155441069839,0.5890962498150418,EBA
05,er,sm_2_vox,10,0.1087920760713395,0.11105998379246394,0.647816188663582,EBA
05,sus,unsmoothed,1,0.10527754370793349,0.11652857107380712,0.7177610551364975,EBA
05,sus,unsmoothed,2,0.091318809374353,0.11078075696689363,0.7355156736699462,EBA
05,sus,unsmoothed,3,0.0758097765378713,0.09367756343580934,0.7166673178362047,EBA
05,sus,unsmoothed,4,0.1187552973011376,0.12719853386288882,0.7607428367971498,EBA
05,sus,unsmoothed,5,0.1340851378963959,0.15385428613223537,0.8045015286528991,EBA
05,sus,unsmoothed,6,0.09889668001754384,0.11408386044036144,0.7156533903229991,EBA
05,sus,unsmoothed,7,0.09807944753309297,0.11811837617233198,0.7611464496931832,EBA
05,sus,unsmoothed,8,0.10299462073681824,0.11535203793839006,0.742351763381768,EBA
05,sus,unsmoothed,9,0.10130325381040363,0.11939543316671979,0.7833611650388517,EBA
05,sus,unsmoothed,10,0.08952866183299718,0.10447289393796812,0.7375464306447777,EBA
05,sus,sm_2_vox,1,0.2254243896673574,0.22729066733017292,0.7585489604631815,EBA
05,sus,sm_2_vox,2,0.2794281575689419,0.27385471020874264,0.8229046434422236,EBA
05,sus,sm_2_vox,3,0.20893745260582963,0.22262724993304936,0.7878922487821842,EBA
05,sus,sm_2_vox,4,0.27748491346817317,0.2752516253070693,0.8246538517925444,EBA
05,sus,sm_2_vox,5,0.32961768155565535,0.31984368055673545,0.8430479778872106,EBA
05,sus,sm_2_vox,6,0.23705189648412173,0.2431195093534412,0.8062051069753844,EBA
05,sus,sm_2_vox,7,0.2602768279589032,0.27419205053098933,0.8537541425360231,EBA
05,sus,sm_2_vox,8,0.2336310249528061,0.23538556802489335,0.8354921793035064,EBA
05,sus,sm_2_vox,9,0.20708015032209057,0.21768107689589342,0.8093545264571599,EBA
05,sus,sm_2_vox,10,0.21755826687236496,0.23660781500087436,0.8149095551894946,EBA
05,miniblock,unsmoothed,1,0.09464759602933523,0.10977840734732153,0.7340078011730402,EBA
05,miniblock,unsmoothed,2,0.08494156360381191,0.09843086299583191,0.7903213499464965,EBA
05,miniblock,unsmoothed,3,0.05274338987416506,0.07211922235962176,0.7534600778794562,EBA
05,miniblock,unsmoothed,4,0.0547337401038884,0.06812114806363781,0.7262027737934053,EBA
05,miniblock,unsmoothed,5,0.05575126058658314,0.06981143608242564,0.814502066380345,EBA
05,miniblock,unsmoothed,6,0.06261189442644688,0.08373429691040395,0.8232616004068494,EBA
05,miniblock,unsmoothed,7,0.06709481899064337,0.08668673177657789,0.7453624930141678,EBA
05,miniblock,unsmoothed,8,0.08336425554274676,0.09600406468152009,0.7641791942685936,EBA
05,miniblock,unsmoothed,9,0.08743942766105484,0.10577656371957858,0.8064533033465939,EBA
05,miniblock,unsmoothed,10,0.012642628079199227,0.027643130504974685,0.7967439825612139,EBA
05,miniblock,sm_2_vox,1,0.3075401136213728,0.30638217671675266,0.8349465684805875,EBA
05,miniblock,sm_2_vox,2,0.32678226313832837,0.32979712742806955,0.8667574880637068,EBA
05,miniblock,sm_2_vox,3,0.335926000077858,0.32209751998149255,0.8455896416832991,EBA
05,miniblock,sm_2_vox,4,0.34404510613221495,0.3333838315727287,0.8518725375878143,EBA
05,miniblock,sm_2_vox,5,0.3684494778650736,0.3521166534294528,0.8736872220345395,EBA
05,miniblock,sm_2_vox,6,0.30674473225305743,0.30513081161792144,0.8094617556140116,EBA
05,miniblock,sm_2_vox,7,0.3126991113979306,0.30206403872802073,0.857344518643439,EBA
05,miniblock,sm_2_vox,8,0.29021315296977773,0.2910226483534299,0.8312113856134472,EBA
05,miniblock,sm_2_vox,9,0.3278989579571161,0.3289638955812211,0.8516225392248853,EBA
05,miniblock,sm_2_vox,10,0.2903910444867801,0.29557109998975906,0.8314193442000724,EBA
05,er,unsmoothed,1,0.009186069480223893,0.011924966772906553,0.6158258684532012,EVC
05,er,unsmoothed,2,0.00971400590722575,0.011157957745387338,0.5871107341322472,EVC
05,er,unsmoothed,3,0.028271095158012058,0.02954164600170093,0.618704642025115,EVC
05,er,unsmoothed,4,0.026079987081165087,0.02781895980771418,0.5925230882909993,EVC
05,er,unsmoothed,5,0.025673709740518386,0.028559888548997554,0.6282929732428983,EVC
05,er,unsmoothed,6,-0.00855135199988856,-0.008626588841954679,0.6031912519761984,EVC
05,er,unsmoothed,7,0.033740627406044596,0.03760332730303122,0.6300427426389246,EVC
05,er,unsmoothed,8,0.009825945940292992,0.012730118996178149,0.6437916522748481,EVC
05,er,unsmoothed,9,0.005274157311125613,0.007772792516144499,0.5962638783084134,EVC
05,er,unsmoothed,10,0.014127710151034617,0.015277123512026687,0.5728100878504174,EVC
05,er,sm_2_vox,1,0.08442485314548834,0.08481452132477019,0.6132475029675141,EVC
05,er,sm_2_vox,2,0.04227160590733419,0.0512368879905776,0.6430725273067137,EVC
05,er,sm_2_vox,3,0.0790710010483365,0.08429027394525829,0.6784469955915973,EVC
05,er,sm_2_vox,4,0.08727187004509487,0.08056888916483947,0.5952082562822371,EVC
05,er,sm_2_vox,5,0.08820654850636052,0.09081935397414914,0.6834960922140189,EVC
05,er,sm_2_vox,6,0.02661357591045417,0.0328069854801589,0.5993079208212658,EVC
05,er,sm_2_vox,7,0.07729303400817508,0.08299856170007539,0.6206238828120968,EVC
05,er,sm_2_vox,8,0.06181693860290691,0.06872692666231761,0.6606029083922231,EVC
05,er,sm_2_vox,9,0.06778261172823011,0.07237264290577841,0.6423050972196507,EVC
05,er,sm_2_vox,10,0.0502072222249877,0.06475960999182008,0.6210056165859084,EVC
05,sus,unsmoothed,1,0.10873907361660809,0.1252705149021128,0.8135733403023215,EVC
05,sus,unsmoothed,2,0.0934992142308644,0.11528907085482439,0.8162367776204124,EVC
05,sus,unsmoothed,3,0.09005654637720983,0.1083422979770785,0.8482739670072565,EVC
05,sus,unsmoothed,4,0.10076033226331943,0.11535480791720702,0.8132849286838959,EVC
05,sus,unsmoothed,5,0.11517939752310602,0.13645232355848114,0.8619665799287106,EVC
05,sus,unsmoothed,6,0.10478644226005697,0.12942964023331158,0.8604787102059823,EVC
05,sus,unsmoothed,7,0.10835415338648353,0.13457145323969233,0.8148769478870888,EVC
05,sus,unsmoothed,8,0.10067028626780622,0.12258318349654347,0.8320842127608203,EVC
05,sus,unsmoothed,9,0.11075503794391572,0.13569676194361496,0.8427236254781161,EVC
05,sus,unsmoothed,10,0.08882613464228217,0.11137032283051061,0.8463363007064519,EVC
05,sus,sm_2_vox,1,0.17432750184711476,0.1984171537120221,0.8358680279070527,EVC
05,sus,sm_2_vox,2,0.17984835196826982,0.22023936660400803,0.8593497471373532,EVC
05,sus,sm_2_vox,3,0.19675485457012998,0.22421819599257442,0.862161553513792,EVC
05,sus,sm_2_vox,4,0.22212824173924767,0.23722389156549967,0.8657110503098095,EVC
05,sus,sm_2_vox,5,0.20288545246234346,0.23363814380001494,0.8709278065123329,EVC
05,sus,sm_2_vox,6,0.20479098287876166,0.22416315328414824,0.864426856638193,EVC
05,sus,sm_2_vox,7,0.21369297484971833,0.25375531372182075,0.890475749901503,EVC
05,sus,sm_2_vox,8,0.18153768883894944,0.21806048786384033,0.8278740060127796,EVC
05,sus,sm_2_vox,9,0.18284151175336488,0.21513869501712046,0.8852155535610944,EVC
05,sus,sm_2_vox,10,0.1918696370960109,0.21921356774587428,0.8502135254856027,EVC
05,miniblock,unsmoothed,1,0.08703143770310162,0.1132843408959383,0.8129657650967512,EVC
05,miniblock,unsmoothed,2,0.08480046792617657,0.1066956475969233,0.8011615891751624,EVC
05,miniblock,unsmoothed,3,0.06827151073448391,0.09559363357058058,0.805566393033017,EVC
05,miniblock,unsmoothed,4,0.07171004714100976,0.09440387610024546,0.8590148983032821,EVC
05,miniblock,unsmoothed,5,0.06846927978807354,0.09490485484585119,0.8350026270383479,EVC
05,miniblock,unsmoothed,6,0.09345403676507513,0.11959851515114502,0.8332368509217944,EVC
05,miniblock,unsmoothed,7,0.0806058193242579,0.10673005627484139,0.7658653678675099,EVC
05,miniblock,unsmoothed,8,0.080560077840483,0.10235122718844179,0.7824024596738486,EVC
05,miniblock,unsmoothed,9,0.08365733636623329,0.11358659084079926,0.8425963261073506,EVC
05,miniblock,unsmoothed,10,0.05785364135790724,0.0789092394240245,0.7936877791601751,EVC
05,miniblock,sm_2_vox,1,0.2190261810824544,0.2648328814272691,0.8861213577650916,EVC
05,miniblock,sm_2_vox,2,0.18304004617798555,0.22290425631223196,0.8729616751022891,EVC
05,miniblock,sm_2_vox,3,0.1833909116574595,0.23293190804419034,0.8859366875905741,EVC
05,miniblock,sm_2_vox,4,0.21200824516730354,0.2362085725828559,0.8530155941944857,EVC
05,miniblock,sm_2_vox,5,0.18840796123409362,0.22354340351534763,0.8183388944419323,EVC
05,miniblock,sm_2_vox,6,0.1963351622092216,0.23256599633940223,0.875760805081104,EVC
05,miniblock,sm_2_vox,7,0.22690998750357558,0.25617901093913376,0.8518806221611123,EVC
05,miniblock,sm_2_vox,8,0.16928432135344615,0.19628157202051671,0.8482838401553126,EVC
05,miniblock,sm_2_vox,9,0.196216233689717,0.2317305682651739,0.9203240660468043,EVC
05,miniblock,sm_2_vox,10,0.2151990345553609,0.24957318194636094,0.8494231901087788,EVC
06,er,unsmoothed,1,0.04491396852863136,0.044889045930233205,0.6033199764829256,visually_responsive_voxels
06,er,unsmoothed,2,0.028952427257793588,0.03031516704371246,0.626554528696704,visually_responsive_voxels
06,er,unsmoothed,3,0.019549137176426833,0.021187946153053715,0.6339985888676732,visually_responsive_voxels
06,er,unsmoothed,4,0.023639768325029877,0.025339702080908126,0.6104052517162318,visually_responsive_voxels
06,er,unsmoothed,5,0.02351251791370913,0.02445359192098751,0.6038105231078224,visually_responsive_voxels
06,er,unsmoothed,6,0.03785879009498372,0.039079365059479794,0.6527303681164467,visually_responsive_voxels
06,er,unsmoothed,7,0.03072784596335942,0.03163117511211146,0.6275302214298171,visually_responsive_voxels
06,er,unsmoothed,8,0.0422120779693983,0.04561735882317321,0.7461759415241691,visually_responsive_voxels
06,er,unsmoothed,9,0.03161325403298003,0.031726199453692906,0.6115441895196443,visually_responsive_voxels
06,er,unsmoothed,10,0.03984738806498839,0.04019993421908903,0.5797196693143001,visually_responsive_voxels
06,er,sm_2_vox,1,0.0338741071458348,0.03924218631621611,0.7265837809538337,visually_responsive_voxels
06,er,sm_2_vox,2,0.044895744811873806,0.049632902582365364,0.735249468643195,visually_responsive_voxels
06,er,sm_2_vox,3,0.04504424722893236,0.05193494033751695,0.7539115810537961,visually_responsive_voxels
06,er,sm_2_vox,4,0.04212381182259611,0.04603702191826175,0.7022418605409011,visually_responsive_voxels
06,er,sm_2_vox,5,0.02962162562184497,0.03672572156562064,0.7201609662270623,visually_responsive_voxels
06,er,sm_2_vox,6,0.05285594065119937,0.05663859464467176,0.6962456081860766,visually_responsive_voxels
06,er,sm_2_vox,7,0.03793708892536712,0.043718858522876526,0.7848202955163436,visually_responsive_voxels
06,er,sm_2_vox,8,0.028369681257897773,0.03663078887558023,0.759279680016282,visually_responsive_voxels
06,er,sm_2_vox,9,0.03666711573852361,0.042365699164145426,0.7185838490416819,visually_responsive_voxels
06,er,sm_2_vox,10,0.05651091530738474,0.059374859553684864,0.7043745657885023,visually_responsive_voxels
06,sus,unsmoothed,1,0.03488668007919799,0.04613181213453125,0.8069585008891591,visually_responsive_voxels
06,sus,unsmoothed,2,0.04316829493270148,0.0501248663846777,0.8081744574392409,visually_responsive_voxels
06,sus,unsmoothed,3,0.03999681688855822,0.0494134422712332,0.88319121017066,visually_responsive_voxels
06,sus,unsmoothed,4,0.0385739838019315,0.04825346902586894,0.8179660118048937,visually_responsive_voxels
06,sus,unsmoothed,5,0.04800926669829941,0.05385796024555516,0.8038720809377984,visually_responsive_voxels
06,sus,unsmoothed,6,0.05681742593207176,0.06490790716867935,0.8091587730000274,visually_responsive_voxels
06,sus,unsmoothed,7,0.040301977895417215,0.049420985129864814,0.7821976894494764,visually_responsive_voxels
06,sus,unsmoothed,8,0.04582812855328462,0.05566165888784633,0.7866667198723086,visually_responsive_voxels
06,sus,unsmoothed,9,0.037722183113473265,0.047027776397392425,0.805719904194999,visually_responsive_voxels
06,sus,unsmoothed,10,0.038164398947770184,0.0470804343902743,0.8220571528853144,visually_responsive_voxels
06,sus,sm_2_vox,1,0.06059547426643332,0.08598804345733026,0.882626119798726,visually_responsive_voxels
06,sus,sm_2_vox,2,0.07036978716418406,0.09599260390470318,0.863925259623565,visually_responsive_voxels
06,sus,sm_2_vox,3,0.07324986200535527,0.09926172588814582,0.8568373977803783,visually_responsive_voxels
06,sus,sm_2_vox,4,0.05738235839884125,0.08966077048295021,0.8831906628981104,visually_responsive_voxels
06,sus,sm_2_vox,5,0.07115896514627695,0.09909607314308808,0.8679481017663608,visually_responsive_voxels
06,sus,sm_2_vox,6,0.08564345435049313,0.11502592075877996,0.879572018795288,visually_responsive_voxels
06,sus,sm_2_vox,7,0.06940259512050229,0.09095135603410506,0.8706128216496182,visually_responsive_voxels
06,sus,sm_2_vox,8,0.07719161423658677,0.10345983628629733,0.9013028336033023,visually_responsive_voxels
06,sus,sm_2_vox,9,0.07285261040087716,0.09576316454755784,0.8386953161907929,visually_responsive_voxels
06,sus,sm_2_vox,10,0.06794900561893066,0.09483673709423371,0.8772860357894905,visually_responsive_voxels
06,miniblock,unsmoothed,1,0.00728174426954872,0.012229260329356388,0.7829907364947409,visually_responsive_voxels
06,miniblock,unsmoothed,2,0.012077343579384836,0.016687078748609818,0.7600189771308379,visually_responsive_voxels
06,miniblock,unsmoothed,3,0.021249335386299445,0.027501750858593497,0.74776230661119,visually_responsive_voxels
06,miniblock,unsmoothed,4,0.019459397646052416,0.026284241061749158,0.7735857336981773,visually_responsive_voxels
06,miniblock,unsmoothed,5,0.02481297205595083,0.031142679711127788,0.812779751562602,visually_responsive_voxels
06,miniblock,unsmoothed,6,0.014733918173155234,0.02280451624262799,0.7886016252482636,visually_responsive_voxels
06,miniblock,unsmoothed,7,0.02224375016066614,0.027949578424903428,0.776189870944258,visually_responsive_voxels
06,miniblock,unsmoothed,8,0.02761629652042668,0.03465706064726522,0.8397871485288508,visually_responsive_voxels
06,miniblock,unsmoothed,9,0.010971914611215515,0.019107789460824934,0.7841176480596681,visually_responsive_voxels
06,miniblock,unsmoothed,10,0.02719395521458037,0.03315151090857359,0.7856267740751949,visually_responsive_voxels
06,miniblock,sm_2_vox,1,0.03545605031003639,0.0549197980145403,0.8789853807193477,visually_responsive_voxels
06,miniblock,sm_2_vox,2,0.045352848748083874,0.06141874589293232,0.8566257232804677,visually_responsive_voxels
06,miniblock,sm_2_vox,3,0.03728452459655906,0.05720141071426767,0.7874500084756455,visually_responsive_voxels
06,miniblock,sm_2_vox,4,0.028038809002031678,0.05329602788016958,0.8793975392325943,visually_responsive_voxels
06,miniblock,sm_2_vox,5,0.055404151961308754,0.0749207342425731,0.8421729584206055,visually_responsive_voxels
06,miniblock,sm_2_vox,6,0.060560460387780166,0.08120401554920278,0.8937229628004251,visually_responsive_voxels
06,miniblock,sm_2_vox,7,0.06526332751227203,0.08108750849553117,0.8985930755764404,visually_responsive_voxels
06,miniblock,sm_2_vox,8,0.07776217078495193,0.09555471301527543,0.851335234208386,visually_responsive_voxels
06,miniblock,sm_2_vox,9,0.04928325394437426,0.07223720120088475,0.8409342835609179,visually_responsive_voxels
06,miniblock,sm_2_vox,10,0.07516247509665919,0.09527119226004463,0.8752676117609917,visually_responsive_voxels
06,er,unsmoothed,1,0.11952735838249968,0.11161692020458144,0.5570515174613957,FFA
06,er,unsmoothed,2,0.08576470477584647,0.08772417802387676,0.626554528696704,FFA
06,er,unsmoothed,3,0.06783282274575939,0.07975199820490723,0.630202280810675,FFA
06,er,unsmoothed,4,0.07229162747128198,0.07410998521526217,0.5519819542577892,FFA
06,er,unsmoothed,5,0.08985967968711689,0.08290463322709057,0.5590707238345375,FFA
06,er,unsmoothed,6,0.06772962043758649,0.0837275502610842,0.5464194292841122,FFA
06,er,unsmoothed,7,0.08344309843442453,0.07651848131916596,0.457928327268517,FFA
06,er,unsmoothed,8,0.06166440403976355,0.06765390669257482,0.5257052981951021,FFA
06,er,unsmoothed,9,0.08119554375583807,0.08170509786899278,0.4704858617998581,FFA
06,er,unsmoothed,10,0.08429345567192104,0.08443116547874262,0.535473205011178,FFA
06,er,sm_2_vox,1,0.20889972152540462,0.20477205959224729,0.6266421982549888,FFA
06,er,sm_2_vox,2,0.206415237529344,0.1857512666936559,0.5966140792946059,FFA
06,er,sm_2_vox,3,0.22163930350835043,0.22011986978840845,0.7452426670930308,FFA
06,er,sm_2_vox,4,0.2298010008419185,0.1979455647585198,0.613682352593121,FFA
06,er,sm_2_vox,5,0.25631338100194345,0.23513855641265646,0.6299991340786153,FFA
06,er,sm_2_vox,6,0.19891583505135937,0.19352695397343386,0.5532434886442926,FFA
06,er,sm_2_vox,7,0.2108601581733202,0.20709522897118465,0.7082912169414608,FFA
06,er,sm_2_vox,8,0.18422588612439517,0.17961421949074968,0.603705728779852,FFA
06,er,sm_2_vox,9,0.21685745915420357,0.1987089274573154,0.5534614044028368,FFA
06,er,sm_2_vox,10,0.26425175136110957,0.2462788014476465,0.6914568209125682,FFA
06,sus,unsmoothed,1,0.14668200371870252,0.16217073481098485,0.7536175225061746,FFA
06,sus,unsmoothed,2,0.1156205615661232,0.1539010335215264,0.8097749278611233,FFA
06,sus,unsmoothed,3,0.14163451956635303,0.1666325937265984,0.79402669520036,FFA
06,sus,unsmoothed,4,0.14181813634618884,0.15865728594452103,0.7530686829711972,FFA
06,sus,unsmoothed,5,0.1511350353438844,0.16963527873988085,0.7588266532156358,FFA
06,sus,unsmoothed,6,0.15178614109493768,0.15824915816299992,0.7201528938405546,FFA
06,sus,unsmoothed,7,0.15138864292115162,0.1584257010836429,0.8394223238843049,FFA
06,sus,unsmoothed,8,0.12571486853689473,0.1528808553793547,0.8065751306212727,FFA
06,sus,unsmoothed,9,0.13460246696847442,0.1538662361029832,0.7100818694079567,FFA
06,sus,unsmoothed,10,0.14436289767137114,0.16262348571436255,0.8610876514734005,FFA
06,sus,sm_2_vox,1,0.4531889447713464,0.4317215271293043,0.826610219996595,FFA
06,sus,sm_2_vox,2,0.4378588906048638,0.4253724510207543,0.8452279383700966,FFA
06,sus,sm_2_vox,3,0.44028584459203957,0.4327417651048966,0.8553334579692962,FFA
06,sus,sm_2_vox,4,0.4733540831625953,0.42809433242700407,0.8798637888352178,FFA
06,sus,sm_2_vox,5,0.44890093703961165,0.4451926894623581,0.863882133351475,FFA
06,sus,sm_2_vox,6,0.5000208716407732,0.437997784694202,0.8112366591193958,FFA
06,sus,sm_2_vox,7,0.4633410621322502,0.44896291273133043,0.8837234692763332,FFA
06,sus,sm_2_vox,8,0.43430840961507183,0.4352635843831154,0.8484504205627408,FFA
06,sus,sm_2_vox,9,0.46816290606123,0.42348093331286224,0.8103197528715169,FFA
06,sus,sm_2_vox,10,0.48089577455784505,0.45726211151841256,0.8779524781506154,FFA
06,miniblock,unsmoothed,1,0.09308508632754009,0.11026890435784305,0.789822946855915,FFA
06,miniblock,unsmoothed,2,0.07195608527739869,0.09842734704185256,0.8159323959492055,FFA
06,miniblock,unsmoothed,3,0.10722205847522129,0.13000361916178016,0.7964832284176099,FFA
06,miniblock,unsmoothed,4,0.09478578363628393,0.10571436135939334,0.7509515076621149,FFA
06,miniblock,unsmoothed,5,0.08483738012783962,0.11322812675795596,0.8277382872450705,FFA
06,miniblock,unsmoothed,6,0.08360680569202802,0.1082812000697732,0.7450172226644938,FFA
06,miniblock,unsmoothed,7,0.08650936730002404,0.11402497749180665,0.7672521123742342,FFA
06,miniblock,unsmoothed,8,0.06526838677317144,0.09043645761446314,0.7414804556892878,FFA
06,miniblock,unsmoothed,9,0.07285552293874818,0.10489182495069842,0.8453200204104905,FFA
06,miniblock,unsmoothed,10,0.10135081564441953,0.11589987341400639,0.7179668319938259,FFA
06,miniblock,sm_2_vox,1,0.3470532470587707,0.343072788348739,0.8084697072497176,FFA
06,miniblock,sm_2_vox,2,0.31158340447566996,0.33454088689962097,0.8516329927499403,FFA
06,miniblock,sm_2_vox,3,0.3849628118764571,0.35613791704159203,0.8122757094038062,FFA
06,miniblock,sm_2_vox,4,0.3082972449371015,0.29463484221565006,0.7773854295488544,FFA
06,miniblock,sm_2_vox,5,0.34615352428175017,0.3666555265762293,0.8835847933932273,FFA
06,miniblock,sm_2_vox,6,0.2967773716836464,0.31917864709770233,0.8339195312833318,FFA
06,miniblock,sm_2_vox,7,0.32071716095160385,0.33677837788125015,0.8008580691024403,FFA
06,miniblock,sm_2_vox,8,0.3459707932878918,0.3401427318417239,0.8268585404835622,FFA
06,miniblock,sm_2_vox,9,0.34217124077078576,0.3262222013943993,0.8975484180962587,FFA
06,miniblock,sm_2_vox,10,0.34801030148577866,0.3446151197979083,0.8752676117609917,FFA
06,er,unsmoothed,1,2.729062334329421e-05,0.006886721211542015,0.48981694668432907,PPA
06,er,unsmoothed,2,0.006442139326424866,0.011364573790277374,0.46336147072593864,PPA
06,er,unsmoothed,3,0.009624419571097675,0.009558226368417895,0.4996967269974647,PPA
06,er,unsmoothed,4,-0.0057229931897032895,-0.00047196515095032117,0.5139420025502497,PPA
06,er,unsmoothed,5,0.009603833091741211,0.011428309333538127,0.5050891544871257,PPA
06,er,unsmoothed,6,0.0007191892663533875,-0.0022267326386104743,0.4402947487910065,PPA
06,er,unsmoothed,7,0.0021328009093243886,-0.0003506602865013919,0.46550264478167686,PPA
06,er,unsmoothed,8,0.0019124643137303065,-0.00018763365014027342,0.4579536816156312,PPA
06,er,unsmoothed,9,-0.0026599033008058983,0.0013379549642637582,0.5276330993202584,PPA
06,er,unsmoothed,10,0.020721043891822367,0.010406739367940862,0.4749824673763384,PPA
06,er,sm_2_vox,1,-0.04675936318167108,-0.03948169741601925,0.5255766440219172,PPA
06,er,sm_2_vox,2,0.07686654732677844,0.072038407265832,0.5859500098280216,PPA
06,er,sm_2_vox,3,-0.027729572824793713,-0.00660450430587139,0.5340877037355032,PPA
06,er,sm_2_vox,4,0.006007738108778034,0.02565306218533612,0.5355922319000559,PPA
06,er,sm_2_vox,5,-0.01056733088523241,-0.00020672584738635387,0.47974785857712066,PPA
06,er,sm_2_vox,6,-0.03971962550233524,-0.021374273653208053,0.43583419002215396,PPA
06,er,sm_2_vox,7,-0.029131165064961953,-0.01964024825296711,0.6435338116200706,PPA
06,er,sm_2_vox,8,-0.044492852611458376,-0.04098351326709269,0.46067904504754,PPA
06,er,sm_2_vox,9,-0.012310555274368213,-0.023846733021957084,0.39361214442461834,PPA
06,er,sm_2_vox,10,0.0018201591012358999,-0.003568275603911131,0.45131589179002585,PPA
06,sus,unsmoothed,1,0.07915589050438113,0.08278810615731534,0.5556807338872337,PPA
06,sus,unsmoothed,2,0.07508574763859376,0.08345522603305401,0.6219250323212506,PPA
06,sus,unsmoothed,3,0.07159440109309984,0.07964450079046859,0.6483178310735846,PPA
06,sus,unsmoothed,4,0.0885839775149079,0.08975281513445978,0.6545743616566901,PPA
06,sus,unsmoothed,5,0.06966462256107621,0.07772650623308106,0.5703928945413139,PPA
06,sus,unsmoothed,6,0.08402254856644793,0.09114623477793066,0.6593860303705815,PPA
06,sus,unsmoothed,7,0.08240018455923938,0.0784422014780348,0.6167879329553837,PPA
06,sus,unsmoothed,8,0.08539883858202765,0.08816761960940875,0.6496405794268817,PPA
06,sus,unsmoothed,9,0.09024192056733221,0.08919111981891525,0.5867034201839535,PPA
06,sus,unsmoothed,10,0.078425021587612,0.08385606882625146,0.6558955747226097,PPA
06,sus,sm_2_vox,1,0.18236262016876142,0.17654803422934504,0.6321003634721862,PPA
06,sus,sm_2_vox,2,0.17275699115280452,0.17545312674401578,0.668873136225095,PPA
06,sus,sm_2_vox,3,0.17986845737567614,0.17492982595941103,0.6528443099533316,PPA
06,sus,sm_2_vox,4,0.19038000477329853,0.1988510821836774,0.7279381632205727,PPA
06,sus,sm_2_vox,5,0.19044286997751092,0.20775640296792808,0.7831930400703401,PPA
06,sus,sm_2_vox,6,0.17054109872376738,0.18409540859622753,0.6603019643051145,PPA
06,sus,sm_2_vox,7,0.18725932680932922,0.1848146552808651,0.6824944889432312,PPA
06,sus,sm_2_vox,8,0.20781557210768697,0.20652386930608746,0.748392947409912,PPA
06,sus,sm_2_vox,9,0.21412333315463747,0.22101882482525143,0.678781232948732,PPA
06,sus,sm_2_vox,10,0.1996759132288375,0.21424111472861374,0.7554550135074378,PPA
06,miniblock,unsmoothed,1,0.029431202241139195,0.036663885748126165,0.6444915850831469,PPA
06,miniblock,unsmoothed,2,0.04712603229638972,0.04808214323664723,0.5637655865612126,PPA
06,miniblock,unsmoothed,3,0.05444499701385086,0.05244094146039598,0.5403954623552372,PPA
06,miniblock,unsmoothed,4,0.04019973635654114,0.03231323820821993,0.5959467681067654,PPA
06,miniblock,unsmoothed,5,0.06203265140248528,0.06327981841059639,0.601193544959493,PPA
06,miniblock,unsmoothed,6,0.021179057962073485,0.03500188512125035,0.7321773657918316,PPA
06,miniblock,unsmoothed,7,0.03809000286365285,0.04961818999194334,0.6200445476802059,PPA
06,miniblock,unsmoothed,8,0.055326390832650396,0.07027067024436716,0.6267910606200056,PPA
06,miniblock,unsmoothed,9,0.04638046590940442,0.0575347680824776,0.6367675660082331,PPA
06,miniblock,unsmoothed,10,0.0383692884700917,0.05111330665615351,0.6326569803208073,PPA
06,miniblock,sm_2_vox,1,0.117784740371834,0.11704197418703194,0.6222621303369649,PPA
06,miniblock,sm_2_vox,2,0.15214617488486737,0.16352679416976218,0.6419190678731355,PPA
06,miniblock,sm_2_vox,3,0.06031083907813251,0.07425531862294946,0.5847701924560231,PPA
06,miniblock,sm_2_vox,4,0.05765200531912264,0.07660705565170181,0.6442106820262157,PPA
06,miniblock,sm_2_vox,5,0.13138278503332862,0.14803818674463223,0.6540496306872305,PPA
06,miniblock,sm_2_vox,6,0.08782024100697777,0.10287902269021976,0.7176222318788328,PPA
06,miniblock,sm_2_vox,7,0.09274433229843879,0.12128193287487944,0.6756728440197434,PPA
06,miniblock,sm_2_vox,8,0.143803819854825,0.1677295669872927,0.6726185665124335,PPA
06,miniblock,sm_2_vox,9,0.15308017893027037,0.1630225167800055,0.6702015885970826,PPA
06,miniblock,sm_2_vox,10,0.1187468804059735,0.12041130179345205,0.6449510098812521,PPA
06,er,unsmoothed,1,0.0627251889748955,0.061312173046191576,0.5432377710835137,EBA
06,er,unsmoothed,2,0.037709189107504024,0.037528961356086354,0.48873632683555457,EBA
06,er,unsmoothed,3,0.032037728797275546,0.03543550309931162,0.5010389571328787,EBA
06,er,unsmoothed,4,0.02096593001985964,0.02491385350967519,0.5145633612598509,EBA
06,er,unsmoothed,5,0.04616014124083741,0.04932402859619158,0.5048937667127196,EBA
06,er,unsmoothed,6,0.042507549256415485,0.042582666171785036,0.49122089907523325,EBA
06,er,unsmoothed,7,0.05127772348018261,0.05259376887031598,0.5372082606106405,EBA
06,er,unsmoothed,8,0.061261245517572685,0.05825335439032137,0.5831437470101674,EBA
06,er,unsmoothed,9,0.032579366347021785,0.03398675548778039,0.49359489273048374,EBA
06,er,unsmoothed,10,0.050261285694603634,0.0510748764983486,0.5375597555910084,EBA
06,er,sm_2_vox,1,0.061413078776162755,0.05892685968722089,0.5676983715405863,EBA
06,er,sm_2_vox,2,0.06523417991226833,0.07801183993428705,0.6629767757570861,EBA
06,er,sm_2_vox,3,0.08876536189018926,0.09353289568708269,0.5595455826682028,EBA
06,er,sm_2_vox,4,0.05361924932193175,0.053115263497275765,0.5703426899362576,EBA
06,er,sm_2_vox,5,0.04881545804939665,0.05684355348320071,0.5144969808134523,EBA
06,er,sm_2_vox,6,0.0506545871915723,0.05768939193400126,0.5597374808014874,EBA
06,er,sm_2_vox,7,0.09948695377812819,0.09426604573208071,0.5185132258630369,EBA
06,er,sm_2_vox,8,0.06060426202542588,0.06391946034211385,0.5134293964154379,EBA
06,er,sm_2_vox,9,0.0713786843102339,0.0617291727985291,0.5924612989132674,EBA
06,er,sm_2_vox,10,0.11791669842101175,0.11351386274398373,0.5681921629667852,EBA
06,sus,unsmoothed,1,0.10579448769471106,0.11045572191497306,0.6501866359180688,EBA
06,sus,unsmoothed,2,0.09489519345311684,0.10069159593319184,0.7225985556480816,EBA
06,sus,unsmoothed,3,0.09811358601872475,0.10614358256031374,0.6932203697603609,EBA
06,sus,unsmoothed,4,0.10523729010678533,0.1104226212617786,0.6173392724197211,EBA
06,sus,unsmoothed,5,0.10031763666453676,0.11068513822004246,0.6511474863217223,EBA
06,sus,unsmoothed,6,0.11682715345413455,0.12721315090409394,0.71941248964562,EBA
06,sus,unsmoothed,7,0.0874281461552554,0.09971823142674899,0.7004484417999269,EBA
06,sus,unsmoothed,8,0.08896892871774445,0.09725936088102609,0.6316625683944852,EBA
06,sus,unsmoothed,9,0.09580887867418836,0.09520376853366853,0.6656969784709177,EBA
06,sus,unsmoothed,10,0.08897703997873485,0.10552499424953651,0.6775675912857384,EBA
06,sus,sm_2_vox,1,0.24931345994120843,0.252936785572322,0.7714675502073807,EBA
06,sus,sm_2_vox,2,0.24046684937977614,0.246731807341158,0.7467265775387156,EBA
06,sus,sm_2_vox,3,0.28109183887767386,0.2771154123969223,0.7369180804895545,EBA
06,sus,sm_2_vox,4,0.2928706833375761,0.2933970546303753,0.7172248126510326,EBA
06,sus,sm_2_vox,5,0.25745093785478673,0.270953595743854,0.7848109588126201,EBA
06,sus,sm_2_vox,6,0.2783293351953548,0.27762523483184204,0.8162931557988147,EBA
06,sus,sm_2_vox,7,0.27124271074153816,0.2666342980647935,0.774758518814922,EBA
06,sus,sm_2_vox,8,0.2422922884689272,0.23170216873754712,0.7757189190415763,EBA
06,sus,sm_2_vox,9,0.226446190237712,0.22872024145379075,0.7170899845203823,EBA
06,sus,sm_2_vox,10,0.24849378133764982,0.2604537716975323,0.7634176151999119,EBA
06,miniblock,unsmoothed,1,0.0336220690102337,0.04497389416634495,0.6127360898044022,EBA
06,miniblock,unsmoothed,2,0.04826121816244438,0.05580554027974732,0.6549055115493048,EBA
06,miniblock,unsmoothed,3,0.04429585893287618,0.055693239559685095,0.6409905781208829,EBA
06,miniblock,unsmoothed,4,0.03940384114023372,0.05675534138093477,0.70810018537246,EBA
06,miniblock,unsmoothed,5,0.05890676649077099,0.0762076747608121,0.728717836471034,EBA
06,miniblock,unsmoothed,6,0.043975424589943496,0.04925952286361414,0.6311037931752677,EBA
06,miniblock,unsmoothed,7,0.02941723230369797,0.036066694315239685,0.6116319124645,EBA
06,miniblock,unsmoothed,8,0.04923536182073023,0.06380413187299531,0.7658617090364684,EBA
06,miniblock,unsmoothed,9,0.03503470664316831,0.041046726034201474,0.6390290063500601,EBA
06,miniblock,unsmoothed,10,0.04467877314148806,0.0530359640623717,0.6131112671098597,EBA
06,miniblock,sm_2_vox,1,0.13862422460566443,0.14850901290213864,0.7106289831861858,EBA
06,miniblock,sm_2_vox,2,0.15034361412280853,0.17247757253225054,0.7496088673035095,EBA
06,miniblock,sm_2_vox,3,0.13639513782399462,0.12659015826583644,0.6022424947198588,EBA
06,miniblock,sm_2_vox,4,0.08790932486352021,0.11816646495035843,0.73981524807454,EBA
06,miniblock,sm_2_vox,5,0.1979031795618013,0.19573976187546963,0.7569642618406467,EBA
06,miniblock,sm_2_vox,6,0.1118801403723298,0.14569991732617135,0.773018313648532,EBA
06,miniblock,sm_2_vox,7,0.11486218307216704,0.12356574322465322,0.641930772016037,EBA
06,miniblock,sm_2_vox,8,0.18775975506429657,0.2085400748974182,0.7119750939650692,EBA
06,miniblock,sm_2_vox,9,0.11139772360125424,0.1307341969672638,0.7124836947425979,EBA
06,miniblock,sm_2_vox,10,0.1655191788691288,0.18028173246030754,0.7352927619288504,EBA
06,er,unsmoothed,1,0.059827341631270625,0.05917462510936785,0.6398763980287208,EVC
06,er,unsmoothed,2,0.04919131764027933,0.052114387621696186,0.5896021036900254,EVC
06,er,unsmoothed,3,0.04182135483342393,0.044811130690566026,0.6421865425842459,EVC
06,er,unsmoothed,4,0.054503658900536336,0.05745297662646811,0.6537847667398813,EVC
06,er,unsmoothed,5,0.05777973240052058,0.06171508630232573,0.6597904626044955,EVC
06,er,unsmoothed,6,0.060034258929794054,0.061828243031559184,0.6527303681164467,EVC
06,er,unsmoothed,7,0.0581954227162418,0.06058464467753173,0.730308093513141,EVC
06,er,unsmoothed,8,0.06617732060427597,0.06760693279230523,0.7461759415241691,EVC
06,er,unsmoothed,9,0.055978709201657775,0.05843669020793447,0.6388654414307963,EVC
06,er,unsmoothed,10,0.056604849316172975,0.05959507205230482,0.6152303618377195,EVC
06,er,sm_2_vox,1,0.0868494257059696,0.09434938326711717,0.7265837809538337,EVC
06,er,sm_2_vox,2,0.09965630217584517,0.1104662887331671,0.735249468643195,EVC
06,er,sm_2_vox,3,0.10505649660425728,0.11408527427512,0.7539115810537961,EVC
06,er,sm_2_vox,4,0.11695439818613712,0.12281390576782746,0.7325402738402582,EVC
06,er,sm_2_vox,5,0.10507374393703231,0.11628182452589618,0.7201609662270623,EVC
06,er,sm_2_vox,6,0.09696261936323244,0.10322557891833968,0.6962456081860766,EVC
06,er,sm_2_vox,7,0.09417578925571536,0.10943862355926895,0.7848202955163436,EVC
06,er,sm_2_vox,8,0.08448660933565788,0.10174946589068645,0.759279680016282,EVC
06,er,sm_2_vox,9,0.08785619495087965,0.09154179451208949,0.7185838490416819,EVC
06,er,sm_2_vox,10,0.11353019026496997,0.1213105240173424,0.7043745657885023,EVC
06,sus,unsmoothed,1,0.09465067807381276,0.10904150863450489,0.8069585008891591,EVC
06,sus,unsmoothed,2,0.09561064872701794,0.10839902205312597,0.8081744574392409,EVC
06,sus,unsmoothed,3,0.09778554055163652,0.1121206396125561,0.88319121017066,EVC
06,sus,unsmoothed,4,0.10410553966385759,0.12023892019196404,0.9167714457110672,EVC
06,sus,unsmoothed,5,0.09034196564533814,0.10578460949221648,0.8316186309130748,EVC
06,sus,unsmoothed,6,0.10293252201514258,0.12042450371527164,0.8365977967348177,EVC
06,sus,unsmoothed,7,0.09427614464550568,0.11036251530554948,0.8414483291072397,EVC
06,sus,unsmoothed,8,0.1077479612635262,0.12027576522859844,0.8130456567831432,EVC
06,sus,unsmoothed,9,0.08564563827519944,0.10240524923189506,0.8135855918341108,EVC
06,sus,unsmoothed,10,0.09382047410003269,0.10997964354304812,0.847927828743017,EVC
06,sus,sm_2_vox,1,0.2106672327133157,0.23688938786840977,0.882626119798726,EVC
06,sus,sm_2_vox,2,0.1893575176578015,0.21781469389616318,0.8584050425793449,EVC
06,sus,sm_2_vox,3,0.16679930178424696,0.20356859713178718,0.8773793883060576,EVC
06,sus,sm_2_vox,4,0.20035440628886309,0.23332225151402258,0.8831906628981104,EVC
06,sus,sm_2_vox,5,0.18574534041272853,0.21423387074022673,0.8679481017663608,EVC
06,sus,sm_2_vox,6,0.2110979922461232,0.24651439037452774,0.879572018795288,EVC
06,sus,sm_2_vox,7,0.18906405438512466,0.21555566295661674,0.8829539225331318,EVC
06,sus,sm_2_vox,8,0.19813710581594893,0.22666706543809625,0.9013028336033023,EVC
06,sus,sm_2_vox,9,0.17342189463145524,0.20834006886347192,0.8386953161907929,EVC
06,sus,sm_2_vox,10,0.1928166049896863,0.21999885997781002,0.8772860357894905,EVC
06,miniblock,unsmoothed,1,0.04314759898898063,0.06263080232585863,0.7829907364947409,EVC
06,miniblock,unsmoothed,2,0.06405905004166576,0.07769899244854499,0.7876181698932938,EVC
06,miniblock,unsmoothed,3,0.07213361806950819,0.08682313448156379,0.802727590849424,EVC
06,miniblock,unsmoothed,4,0.0695534625300473,0.08361997528345577,0.8161973676446985,EVC
06,miniblock,unsmoothed,5,0.08063058932468095,0.09274675008874521,0.7659064570650549,EVC
06,miniblock,unsmoothed,6,0.06669919102596478,0.08632142994514097,0.7940308605469284,EVC
06,miniblock,unsmoothed,7,0.06610409070928377,0.08570238563511343,0.8006114563139014,EVC
06,miniblock,unsmoothed,8,0.07453803234915704,0.09022484066679663,0.7929194394812965,EVC
06,miniblock,unsmoothed,9,0.05106602747360006,0.06980323659335183,0.7960275390185227,EVC
06,miniblock,unsmoothed,10,0.06671123033521091,0.08410922802639284,0.8417760737208445,EVC
06,miniblock,sm_2_vox,1,0.1053587563345703,0.13893043616007802,0.8789853807193477,EVC
06,miniblock,sm_2_vox,2,0.14967877385780293,0.17373755498356952,0.8791225385380866,EVC
06,miniblock,sm_2_vox,3,0.13211536914791258,0.15501256472876934,0.7800727877479201,EVC
06,miniblock,sm_2_vox,4,0.12601285213846034,0.15087789707408564,0.8793975392325943,EVC
06,miniblock,sm_2_vox,5,0.1543476235089396,0.17495258827257773,0.801643166382507,EVC
06,miniblock,sm_2_vox,6,0.16143685659279636,0.19126799164827388,0.8992909074066999,EVC
06,miniblock,sm_2_vox,7,0.14962210532980785,0.1721515728770584,0.8985930755764404,EVC
06,miniblock,sm_2_vox,8,0.16163340480664773,0.18717476764363344,0.851335234208386,EVC
06,miniblock,sm_2_vox,9,0.12515969700532897,0.15868714566159436,0.8674139998337516,EVC
06,miniblock,sm_2_vox,10,0.16642802650979738,0.18739938630527525,0.8791701207305299,EVC
07,er,unsmoothed,1,0.01543623173655725,0.017212629845400097,0.739911494898274,visually_responsive_voxels
07,er,unsmoothed,2,0.020889656776522825,0.022849758664871846,0.6922410892431399,visually_responsive_voxels
07,er,unsmoothed,3,0.01648716030184755,0.01807026888497495,0.6513565149601933,visually_responsive_voxels
07,er,unsmoothed,4,0.0057213351422456885,0.007644088224589125,0.7518272310092262,visually_responsive_voxels
07,er,unsmoothed,5,0.022831179523132492,0.02422713479234816,0.7326765769522867,visually_responsive_voxels
07,er,unsmoothed,6,0.02641158121099889,0.029352500327120307,0.8033063913236502,visually_responsive_voxels
07,er,unsmoothed,7,0.015383869918552534,0.017978893930887054,0.8169052428095541,visually_responsive_voxels
07,er,unsmoothed,8,0.012338763181937107,0.015412949762166448,0.7612112110797619,visually_responsive_voxels
07,er,unsmoothed,9,0.018021817764791802,0.01881487338824507,0.7544550942339127,visually_responsive_voxels
07,er,unsmoothed,10,0.0075544942675307945,0.010064946871655508,0.7210396056480042,visually_responsive_voxels
07,er,sm_2_vox,1,0.05282835743473044,0.055161111030566715,0.7712243769472291,visually_responsive_voxels
07,er,sm_2_vox,2,0.06447094912859247,0.07252484743119807,0.7575385513097412,visually_responsive_voxels
07,er,sm_2_vox,3,0.03628858614494114,0.04345870940531463,0.7368594723114761,visually_responsive_voxels
07,er,sm_2_vox,4,0.03281322182687829,0.0398086254339502,0.8518735450476114,visually_responsive_voxels
07,er,sm_2_vox,5,0.0527995155377132,0.05651803151617665,0.7829306054547452,visually_responsive_voxels
07,er,sm_2_vox,6,0.07082730257088643,0.07673836646007892,0.8034212250532791,visually_responsive_voxels
07,er,sm_2_vox,7,0.02838324581630895,0.04246553990317524,0.8084780388290669,visually_responsive_voxels
07,er,sm_2_vox,8,0.024135746847219582,0.031872716393105835,0.7400674604158488,visually_responsive_voxels
07,er,sm_2_vox,9,0.03793668078073935,0.047512528877524204,0.8531919904558349,visually_responsive_voxels
07,er,sm_2_vox,10,0.030722809207933254,0.03664659908140848,0.7579327675099357,visually_responsive_voxels
07,sus,unsmoothed,1,0.02214853692017872,0.03443009492753566,0.8636026463426747,visually_responsive_voxels
07,sus,unsmoothed,2,0.033308817266071856,0.0439475983099445,0.8630734160674208,visually_responsive_voxels
07,sus,unsmoothed,3,0.03525482509748784,0.045518679250913865,0.878118407767311,visually_responsive_voxels
07,sus,unsmoothed,4,0.0366274715998589,0.04906555871149469,0.897123798850914,visually_responsive_voxels
07,sus,unsmoothed,5,0.030992908559849916,0.042509530320796796,0.8535034941868135,visually_responsive_voxels
07,sus,unsmoothed,6,0.03584122476531893,0.04711821081011203,0.8825495273407533,visually_responsive_voxels
07,sus,unsmoothed,7,0.04092551694561505,0.053387875257995814,0.8841151135143683,visually_responsive_voxels
07,sus,unsmoothed,8,0.030548876099480766,0.042670059662347395,0.8590813318854085,visually_responsive_voxels
07,sus,unsmoothed,9,0.025920243431261668,0.03993991912944013,0.8713310293717572,visually_responsive_voxels
07,sus,unsmoothed,10,0.03513291935429069,0.04632938187402705,0.8739374616251622,visually_responsive_voxels
07,sus,sm_2_vox,1,0.04880298727668202,0.07001116865374037,0.8499523809476692,visually_responsive_voxels
07,sus,sm_2_vox,2,0.06938620411096441,0.09469959805585108,0.8655509455278587,visually_responsive_voxels
07,sus,sm_2_vox,3,0.05164950989487868,0.07560774122282621,0.8800767003497811,visually_responsive_voxels
07,sus,sm_2_vox,4,0.062472840170230075,0.09046987393429928,0.9106792944316637,visually_responsive_voxels
07,sus,sm_2_vox,5,0.06048150987611162,0.0799720344825114,0.8728596474635413,visually_responsive_voxels
07,sus,sm_2_vox,6,0.0593573597986963,0.08690532401361692,0.9066900713482207,visually_responsive_voxels
07,sus,sm_2_vox,7,0.08244920668707437,0.10358746488482833,0.8942392448573886,visually_responsive_voxels
07,sus,sm_2_vox,8,0.0534468457977417,0.0808399924729105,0.8801372066583492,visually_responsive_voxels
07,sus,sm_2_vox,9,0.058818555576327494,0.08078971891631884,0.8734122884504505,visually_responsive_voxels
07,sus,sm_2_vox,10,0.07054832112533216,0.08717724124347585,0.8826722122114063,visually_responsive_voxels
07,miniblock,unsmoothed,1,0.024743482171376216,0.034395532790393216,0.8305324276751599,visually_responsive_voxels
07,miniblock,unsmoothed,2,0.03584659600223664,0.04596524481094342,0.8486627148421086,visually_responsive_voxels
07,miniblock,unsmoothed,3,0.028323256328149318,0.03733676524638693,0.8571093142447099,visually_responsive_voxels
07,miniblock,unsmoothed,4,0.03544910047968068,0.04556336831056396,0.8966920306303383,visually_responsive_voxels
07,miniblock,unsmoothed,5,0.018803218167865926,0.029216183249200216,0.830438376232423,visually_responsive_voxels
07,miniblock,unsmoothed,6,0.04345077972928299,0.05234418037776167,0.8692899735700342,visually_responsive_voxels
07,miniblock,unsmoothed,7,0.012062602007607955,0.020885152881102816,0.8295669219551111,visually_responsive_voxels
07,miniblock,unsmoothed,8,0.029396744127879376,0.04138787608229584,0.8902128365116351,visually_responsive_voxels
07,miniblock,unsmoothed,9,0.03246827453917832,0.04289498040210742,0.860861160653746,visually_responsive_voxels
07,miniblock,unsmoothed,10,0.026946436178186657,0.03732182202800637,0.8554940676329419,visually_responsive_voxels
07,miniblock,sm_2_vox,1,0.10638573726682267,0.13454076452615568,0.890105292002573,visually_responsive_voxels
07,miniblock,sm_2_vox,2,0.1028489888667102,0.13016821972830134,0.9324121003571262,visually_responsive_voxels
07,miniblock,sm_2_vox,3,0.09326019124627627,0.12421443905723117,0.9018452352056603,visually_responsive_voxels
07,miniblock,sm_2_vox,4,0.08863796596852362,0.12236210777390537,0.9212483724625149,visually_responsive_voxels
07,miniblock,sm_2_vox,5,0.0861920438698932,0.1112233399783469,0.9193962997512,visually_responsive_voxels
07,miniblock,sm_2_vox,6,0.09495693878718031,0.12056586142380961,0.8963499545477059,visually_responsive_voxels
07,miniblock,sm_2_vox,7,0.08070760450208472,0.10900436067764652,0.8780159788789852,visually_responsive_voxels
07,miniblock,sm_2_vox,8,0.09473456475958164,0.12732139657492383,0.9312116555495327,visually_responsive_voxels
07,miniblock,sm_2_vox,9,0.08499027477437468,0.11115733723171632,0.878977310411504,visually_responsive_voxels
07,miniblock,sm_2_vox,10,0.10725039521029231,0.1357772507426899,0.8703916924138396,visually_responsive_voxels
07,er,unsmoothed,1,0.07785670704801581,0.07412636909092443,0.6270004534003197,FFA
07,er,unsmoothed,2,0.06956467744619421,0.07750407781905624,0.5674342322922077,FFA
07,er,unsmoothed,3,0.07700448450594621,0.08703599852559255,0.6216927527680824,FFA
07,er,unsmoothed,4,0.0781405434161491,0.07960264858620415,0.7083175990428217,FFA
07,er,unsmoothed,5,0.09607689861696085,0.09172691297649953,0.7326765769522867,FFA
07,er,unsmoothed,6,0.08890600192714104,0.09398475087881256,0.799997730717233,FFA
07,er,unsmoothed,7,0.07923466000792606,0.09669761827301451,0.7526114286673248,FFA
07,er,unsmoothed,8,0.0842187137157207,0.09282336463162476,0.7534060493054859,FFA
07,er,unsmoothed,9,0.0703618170484651,0.07217842806987042,0.658800679920734,FFA
07,er,unsmoothed,10,0.06721792527865394,0.0671576458240033,0.578381064178553,FFA
07,er,sm_2_vox,1,0.29015908817913005,0.2910374293744572,0.793033220140354,FFA
07,er,sm_2_vox,2,0.3125607556817137,0.2980790418330441,0.7575385513097412,FFA
07,er,sm_2_vox,3,0.2875747864142805,0.29834754025204907,0.7368594723114761,FFA
07,er,sm_2_vox,4,0.2906555471540688,0.2955968120577147,0.8518735450476114,FFA
07,er,sm_2_vox,5,0.3135128692758949,0.3152474148187487,0.7829306054547452,FFA
07,er,sm_2_vox,6,0.2984254559827374,0.3170247646590871,0.8040051532275216,FFA
07,er,sm_2_vox,7,0.3233145967624229,0.3227745330890517,0.8084780388290669,FFA
07,er,sm_2_vox,8,0.32477567680848507,0.31429380138246027,0.766793550118661,FFA
07,er,sm_2_vox,9,0.3200384873940053,0.3262160194541584,0.8531919904558349,FFA
07,er,sm_2_vox,10,0.3042792705719046,0.30935048771283696,0.7634785227494552,FFA
07,sus,unsmoothed,1,0.08950613148244216,0.09363029187023064,0.7454610458672343,FFA
07,sus,unsmoothed,2,0.11714689536405615,0.13495956410576868,0.7308638058135505,FFA
07,sus,unsmoothed,3,0.12367206770188394,0.12692646354175952,0.736464832368784,FFA
07,sus,unsmoothed,4,0.10599499694964487,0.13076697258402167,0.7705930749641402,FFA
07,sus,unsmoothed,5,0.11276866332239818,0.13068386416930886,0.8042402043471935,FFA
07,sus,unsmoothed,6,0.11269668701180399,0.13255866672793543,0.7123922952537922,FFA
07,sus,unsmoothed,7,0.10736804112845748,0.11503760833584624,0.7640408261877805,FFA
07,sus,unsmoothed,8,0.10419850767264682,0.11018013320923942,0.7721205353964457,FFA
07,sus,unsmoothed,9,0.10916547397839967,0.12078831308236673,0.7686921616060447,FFA
07,sus,unsmoothed,10,0.11607619110273715,0.12756366929633164,0.8002799720886868,FFA
07,sus,sm_2_vox,1,0.283939310916546,0.30986508415213326,0.8166303169412163,FFA
07,sus,sm_2_vox,2,0.3883236296558623,0.3775149684679448,0.8614781848068656,FFA
07,sus,sm_2_vox,3,0.3087234609441223,0.31656029305127725,0.7753688539080407,FFA
07,sus,sm_2_vox,4,0.37930726793815817,0.37844968026325776,0.8382168621128017,FFA
07,sus,sm_2_vox,5,0.3851263268900602,0.36788702484099534,0.8021691931668736,FFA
07,sus,sm_2_vox,6,0.3792945685035707,0.35023953737464963,0.7528468736531959,FFA
07,sus,sm_2_vox,7,0.3346264769290942,0.3275690665575488,0.7907756778359545,FFA
07,sus,sm_2_vox,8,0.33154419223691217,0.3177827016261834,0.7739896164248741,FFA
07,sus,sm_2_vox,9,0.3572085268833068,0.35013148769898067,0.828220218583013,FFA
07,sus,sm_2_vox,10,0.36272348443701724,0.35191454947360407,0.859072476860238,FFA
07,miniblock,unsmoothed,1,0.07115307184359018,0.1047671114693377,0.7321621579888644,FFA
07,miniblock,unsmoothed,2,0.0944997714944913,0.10806780733476866,0.7450282307779243,FFA
07,miniblock,unsmoothed,3,0.10958612021841561,0.12729560499378276,0.8033181297274189,FFA
07,miniblock,unsmoothed,4,0.10207843406037692,0.11141724568799906,0.7350124872648557,FFA
07,miniblock,unsmoothed,5,0.09632385244328752,0.1156542618234387,0.7935892499355588,FFA
07,miniblock,unsmoothed,6,0.09691481484578698,0.11069081619947646,0.7253443022482219,FFA
07,miniblock,unsmoothed,7,0.07932830042698799,0.08699633873413878,0.7033102078744248,FFA
07,miniblock,unsmoothed,8,0.11920694905080659,0.12762549927318056,0.8004093174047406,FFA
07,miniblock,unsmoothed,9,0.1134322812052207,0.12044019503009916,0.8154475765122878,FFA
07,miniblock,unsmoothed,10,0.0968762586619478,0.10052124047300742,0.6686656209097062,FFA
07,miniblock,sm_2_vox,1,0.4373562788630425,0.4040394804255525,0.9091897622384888,FFA
07,miniblock,sm_2_vox,2,0.44523697290272257,0.4096708243775119,0.8594683168613533,FFA
07,miniblock,sm_2_vox,3,0.42703172564081476,0.4137852485427068,0.901791483979133,FFA
07,miniblock,sm_2_vox,4,0.41707841462143924,0.40020325044554017,0.885604794490771,FFA
07,miniblock,sm_2_vox,5,0.39513090537785617,0.3925985804754748,0.8987419684659623,FFA
07,miniblock,sm_2_vox,6,0.415284119324937,0.3895582562248393,0.8663579437318668,FFA
07,miniblock,sm_2_vox,7,0.38770219711487364,0.3679048676268723,0.8715756007245898,FFA
07,miniblock,sm_2_vox,8,0.47040378938775007,0.44168869861122384,0.9312116555495327,FFA
07,miniblock,sm_2_vox,9,0.4064499034988017,0.38117580357912145,0.8479177007221883,FFA
07,miniblock,sm_2_vox,10,0.4068448026662379,0.39120130540430603,0.8539476994917565,FFA
07,er,unsmoothed,1,0.04549691724204939,0.03578220744915127,0.5442669221313157,PPA
07,er,unsmoothed,2,0.03898422361330421,0.03434851853191747,0.4980436996040973,PPA
07,er,unsmoothed,3,0.03899088052048377,0.04274078525325239,0.5294276525648087,PPA
07,er,unsmoothed,4,0.0410994871389789,0.03998357276461534,0.5435290066614117,PPA
07,er,unsmoothed,5,0.03344224371024601,0.03486438300847886,0.5107409274219075,PPA
07,er,unsmoothed,6,0.02795325027499119,0.0380637365743685,0.569675600693764,PPA
07,er,unsmoothed,7,0.03517657744902958,0.03279240146090795,0.45741523200144585,PPA
07,er,unsmoothed,8,0.04382900651519474,0.04799587594386472,0.5578249397586166,PPA
07,er,unsmoothed,9,0.0401160837279205,0.029210166408731666,0.5144054266218988,PPA
07,er,unsmoothed,10,0.033337298666475015,0.02711090787156509,0.4384153058651783,PPA
07,er,sm_2_vox,1,0.1196737129201676,0.11653053015624801,0.5664584871962053,PPA
07,er,sm_2_vox,2,0.13284057364248314,0.1277967933575483,0.6516084749878848,PPA
07,er,sm_2_vox,3,0.13937723539741143,0.13249122991785955,0.5847246471206076,PPA
07,er,sm_2_vox,4,0.12575595160206715,0.13298566522736313,0.67346149932928,PPA
07,er,sm_2_vox,5,0.12458103375236912,0.11998916034139437,0.5795615970409669,PPA
07,er,sm_2_vox,6,0.13128929136358883,0.13797300900899329,0.6163346551337227,PPA
07,er,sm_2_vox,7,0.10433935335439598,0.1033503714268631,0.5980781378979435,PPA
07,er,sm_2_vox,8,0.11410639169931522,0.12287482542318698,0.5900164289148502,PPA
07,er,sm_2_vox,9,0.1023703758129949,0.09537615350829441,0.46736652410281465,PPA
07,er,sm_2_vox,10,0.07546803895121673,0.0828852769886448,0.5200305684829829,PPA
07,sus,unsmoothed,1,0.05575475932069531,0.0663394807026729,0.6751254927605981,PPA
07,sus,unsmoothed,2,0.06290763980556469,0.07401220156635928,0.6121837507881329,PPA
07,sus,unsmoothed,3,0.04637761884337236,0.05446665160976355,0.6344902919498947,PPA
07,sus,unsmoothed,4,0.054756341058293426,0.0700513401966559,0.6150679719127212,PPA
07,sus,unsmoothed,5,0.05992946473159234,0.0673255150485798,0.5875599324753651,PPA
07,sus,unsmoothed,6,0.06119163204369932,0.0694254971888971,0.6911048314025212,PPA
07,sus,unsmoothed,7,0.054658990777858255,0.054629359402645405,0.5417413220803318,PPA
07,sus,unsmoothed,8,0.045285537175019236,0.05524434882569015,0.6920713729986463,PPA
07,sus,unsmoothed,9,0.05937505823000823,0.06101288058701105,0.6080195038408631,PPA
07,sus,unsmoothed,10,0.059393644579142015,0.06546548557009772,0.7323222493096673,PPA
07,sus,sm_2_vox,1,0.2105352069417465,0.21500206408541467,0.7486978843395073,PPA
07,sus,sm_2_vox,2,0.22051056923560697,0.22666656700522142,0.7159502948634173,PPA
07,sus,sm_2_vox,3,0.15962819617760793,0.16475738182251315,0.6580144746933947,PPA
07,sus,sm_2_vox,4,0.1943174173618657,0.20824007817169926,0.6727843585392113,PPA
07,sus,sm_2_vox,5,0.17845998851195422,0.20206671470835647,0.7092809194075553,PPA
07,sus,sm_2_vox,6,0.16116351427277292,0.16878643940611407,0.6713402497802464,PPA
07,sus,sm_2_vox,7,0.1746602490052668,0.175692732686113,0.7025129874385089,PPA
07,sus,sm_2_vox,8,0.16149493858816583,0.17284138972567067,0.6584721384872328,PPA
07,sus,sm_2_vox,9,0.18951139852367146,0.19420835243873702,0.7183107423229029,PPA
07,sus,sm_2_vox,10,0.197868351501731,0.20094779634832308,0.6725731825860719,PPA
07,miniblock,unsmoothed,1,0.059459734801089056,0.0730811201881613,0.7365949343949951,PPA
07,miniblock,unsmoothed,2,0.07662937006583441,0.08753568939539919,0.6998037120472821,PPA
07,miniblock,unsmoothed,3,0.08174509428318838,0.08726137343038652,0.7858439919406868,PPA
07,miniblock,unsmoothed,4,0.05379210702287311,0.07280326215726353,0.7624457125035411,PPA
07,miniblock,unsmoothed,5,0.06112209974857194,0.07899764813328995,0.741721023010238,PPA
07,miniblock,unsmoothed,6,0.05611394119828342,0.08079755181483671,0.7264080881551804,PPA
07,miniblock,unsmoothed,7,0.0448092275830074,0.05793994885429051,0.7090450502672516,PPA
07,miniblock,unsmoothed,8,0.048480826931527735,0.06809358876787006,0.8079694628722809,PPA
07,miniblock,unsmoothed,9,0.06408632460818708,0.07433777056930069,0.7667702230425621,PPA
07,miniblock,unsmoothed,10,0.06705774026306989,0.07960918937908106,0.7244220002259742,PPA
07,miniblock,sm_2_vox,1,0.2387382169834582,0.24277680177875177,0.8348156896455141,PPA
07,miniblock,sm_2_vox,2,0.2589945976361274,0.2664187589123791,0.8296933564839497,PPA
07,miniblock,sm_2_vox,3,0.2351668166597816,0.23117715086055068,0.7672362269533628,PPA
07,miniblock,sm_2_vox,4,0.2090057464503457,0.229445988848537,0.8095158537511258,PPA
07,miniblock,sm_2_vox,5,0.21149778972519007,0.22276128582615096,0.7984331269456384,PPA
07,miniblock,sm_2_vox,6,0.23962853478823565,0.2534319818574622,0.8281139617761133,PPA
07,miniblock,sm_2_vox,7,0.2036424275803284,0.2171340862229354,0.7868741989331667,PPA
07,miniblock,sm_2_vox,8,0.17818300746069826,0.20488255531614677,0.8625053261366384,PPA
07,miniblock,sm_2_vox,9,0.2172203382119074,0.2290148202117605,0.8380138762957932,PPA
07,miniblock,sm_2_vox,10,0.2635838038520438,0.25756119113530446,0.7899237136744415,PPA
07,er,unsmoothed,1,0.027088972191472417,0.0347496530390684,0.6408037991131217,EBA
07,er,unsmoothed,2,0.03549269634031878,0.0355063097407428,0.5897241506051496,EBA
07,er,unsmoothed,3,0.029012929553896914,0.03380684724753463,0.606155210176764,EBA
07,er,unsmoothed,4,0.022148283551179877,0.026179359491203424,0.6132418846202756,EBA
07,er,unsmoothed,5,0.035075172677395114,0.03988228819185611,0.5918684360573792,EBA
07,er,unsmoothed,6,0.041357799829760636,0.04261631089266773,0.7443684223740922,EBA
07,er,unsmoothed,7,0.034212758857712855,0.03851779016499386,0.6296828195797013,EBA
07,er,unsmoothed,8,0.020512526139102774,0.027418111458702675,0.6163065709152931,EBA
07,er,unsmoothed,9,0.03615085227733863,0.03666301090319955,0.7165214524540131,EBA
07,er,unsmoothed,10,0.013369031544900021,0.02021243641064309,0.6440365538539086,EBA
07,er,sm_2_vox,1,0.08769945732954074,0.11656627493610212,0.7624084737877082,EBA
07,er,sm_2_vox,2,0.1045492493342951,0.12322476647267427,0.6868860857466765,EBA
07,er,sm_2_vox,3,0.07098127603742424,0.09359858307964247,0.6815274250797211,EBA
07,er,sm_2_vox,4,0.07816874342471385,0.09755499309974974,0.8053511841793679,EBA
07,er,sm_2_vox,5,0.09662172131495245,0.11108793116975985,0.7926693732489838,EBA
07,er,sm_2_vox,6,0.11515037333845886,0.14356157752588725,0.7897404904476157,EBA
07,er,sm_2_vox,7,0.08319854712560136,0.11024311884307789,0.7764821516059852,EBA
07,er,sm_2_vox,8,0.06104196412858504,0.07803682153563354,0.6652707908671261,EBA
07,er,sm_2_vox,9,0.11351213333227417,0.12699010817842424,0.7696534996157899,EBA
07,er,sm_2_vox,10,0.06103524236918017,0.08675836684337,0.7399754776956478,EBA
07,sus,unsmoothed,1,0.050459112636084436,0.06766209624730479,0.7824989605344028,EBA
07,sus,unsmoothed,2,0.07144044470083445,0.08212468634317804,0.755036553172822,EBA
07,sus,unsmoothed,3,0.07835513333084469,0.08405244363952602,0.7339959750946219,EBA
07,sus,unsmoothed,4,0.09602772172856897,0.10880104867887833,0.7876108561053534,EBA
07,sus,unsmoothed,5,0.07098746603867931,0.08143093524046606,0.7440533959102689,EBA
07,sus,unsmoothed,6,0.07057469074724665,0.08015062300939464,0.7368232014797085,EBA
07,sus,unsmoothed,7,0.08491366753830334,0.08933790633106507,0.7614360587594909,EBA
07,sus,unsmoothed,8,0.060842866111462626,0.06981238211992483,0.7625663050324041,EBA
07,sus,unsmoothed,9,0.06447949677039393,0.07467133604353049,0.8250365479328351,EBA
07,sus,unsmoothed,10,0.07383286103957254,0.08488959295492014,0.7861527846113877,EBA
07,sus,sm_2_vox,1,0.16307387629428777,0.19162526403426944,0.8174000077870887,EBA
07,sus,sm_2_vox,2,0.20595794571459397,0.22016807965824753,0.8039661242793998,EBA
07,sus,sm_2_vox,3,0.1754641823143267,0.1959135892462289,0.7762097625013589,EBA
07,sus,sm_2_vox,4,0.24335754584063263,0.2634997346094297,0.8389451269844522,EBA
07,sus,sm_2_vox,5,0.18472893288533676,0.20747586060616777,0.8040707797655108,EBA
07,sus,sm_2_vox,6,0.19484679210114236,0.2080227055130279,0.7908452859809865,EBA
07,sus,sm_2_vox,7,0.21711940050101264,0.2203643778198788,0.7484493505412062,EBA
07,sus,sm_2_vox,8,0.1408894435415304,0.17190797970819888,0.8389369824731356,EBA
07,sus,sm_2_vox,9,0.16122704022862172,0.18051216928645564,0.8359559773888635,EBA
07,sus,sm_2_vox,10,0.18949561333888057,0.21661875919557563,0.8199883123235623,EBA
07,miniblock,unsmoothed,1,0.05028590865296065,0.06215140864769022,0.7500049560924014,EBA
07,miniblock,unsmoothed,2,0.07140627196361418,0.07801353874891329,0.719883286833299,EBA
07,miniblock,unsmoothed,3,0.06117205120008018,0.07406042825643014,0.7761539336498952,EBA
07,miniblock,unsmoothed,4,0.05863534095035262,0.07036852406802431,0.7463762629158467,EBA
07,miniblock,unsmoothed,5,0.039735069696783476,0.04493332186763524,0.705241476741422,EBA
07,miniblock,unsmoothed,6,0.06698705588459931,0.07612699169827583,0.7497625991659435,EBA
07,miniblock,unsmoothed,7,0.03831721884663454,0.046920017793174666,0.7286617317673236,EBA
07,miniblock,unsmoothed,8,0.05210925217770765,0.06865044318213172,0.7619428069232785,EBA
07,miniblock,unsmoothed,9,0.05771926023487101,0.07134819953144296,0.7376704859917627,EBA
07,miniblock,unsmoothed,10,0.054461356998384725,0.06111060631933457,0.7254124938517161,EBA
07,miniblock,sm_2_vox,1,0.19801822822160256,0.2319452443475976,0.8856597022504125,EBA
07,miniblock,sm_2_vox,2,0.21546419142752907,0.23187966972303883,0.8520410598009527,EBA
07,miniblock,sm_2_vox,3,0.17272932924564244,0.22106866092375407,0.9018452352056603,EBA
07,miniblock,sm_2_vox,4,0.1676174535099285,0.20743914053210352,0.8848307824728145,EBA
07,miniblock,sm_2_vox,5,0.16402484140835644,0.19725099982109215,0.8973743312126163,EBA
07,miniblock,sm_2_vox,6,0.19039319828032242,0.2214122049509414,0.8963499545477059,EBA
07,miniblock,sm_2_vox,7,0.18302049112284327,0.21710060618674826,0.8958668981176381,EBA
07,miniblock,sm_2_vox,8,0.2209979077267648,0.2394022694888857,0.9137448867601763,EBA
07,miniblock,sm_2_vox,9,0.1493153410126351,0.18572270604505256,0.8769027714835469,EBA
07,miniblock,sm_2_vox,10,0.20572697008133348,0.23662223074214045,0.8515159008304163,EBA
07,er,unsmoothed,1,0.04340852459921001,0.04794782196510658,0.739911494898274,EVC
07,er,unsmoothed,2,0.037944227372384245,0.0428070128117417,0.6922410892431399,EVC
07,er,unsmoothed,3,0.029182398152468588,0.034573353842730074,0.7386596117026869,EVC
07,er,unsmoothed,4,0.03667785620151319,0.04264441207534233,0.7518272310092262,EVC
07,er,unsmoothed,5,0.052471783489838816,0.059056587807486856,0.730018958774531,EVC
07,er,unsmoothed,6,0.07066417270928033,0.07629827661402694,0.8033063913236502,EVC
07,er,unsmoothed,7,0.04125214490424226,0.045969604799131675,0.8169052428095541,EVC
07,er,unsmoothed,8,0.04491826986024346,0.049939316112874235,0.7612112110797619,EVC
07,er,unsmoothed,9,0.046928714120683376,0.05348600823048976,0.7544550942339127,EVC
07,er,unsmoothed,10,0.04041406059011533,0.04393832315310396,0.7210396056480042,EVC
07,er,sm_2_vox,1,0.11976319383496031,0.12574068458250126,0.7276518473731929,EVC
07,er,sm_2_vox,2,0.08557911266280036,0.10905852318526472,0.7443618432354082,EVC
07,er,sm_2_vox,3,0.0705420181728427,0.0899416313092955,0.6637300967748209,EVC
07,er,sm_2_vox,4,0.09726642177933613,0.11076131067319048,0.7549007166169008,EVC
07,er,sm_2_vox,5,0.11279358483876537,0.11953729725609184,0.7741693776848104,EVC
07,er,sm_2_vox,6,0.18125083483264462,0.18880891193309934,0.8321102882048126,EVC
07,er,sm_2_vox,7,0.08137586170638966,0.09997660264717337,0.7703195223055777,EVC
07,er,sm_2_vox,8,0.07345055961058265,0.09498553622278585,0.7480236087056227,EVC
07,er,sm_2_vox,9,0.10888933127154926,0.12196303103448604,0.7652423164720636,EVC
07,er,sm_2_vox,10,0.09259908867958602,0.10315327764806309,0.7095491161356071,EVC
07,sus,unsmoothed,1,0.09493561779072297,0.12580165272713253,0.8636026463426747,EVC
07,sus,unsmoothed,2,0.09755142506880213,0.12742606989965397,0.8933023260770963,EVC
07,sus,unsmoothed,3,0.1068874834756321,0.1321292154570251,0.878118407767311,EVC
07,sus,unsmoothed,4,0.10523064176236147,0.1364655223680779,0.897123798850914,EVC
07,sus,unsmoothed,5,0.09783354412895962,0.12488782688520463,0.8535034941868135,EVC
07,sus,unsmoothed,6,0.10218831078769491,0.13860095507222178,0.8825495273407533,EVC
07,sus,unsmoothed,7,0.1066950503204056,0.13860361342937336,0.8847385565690178,EVC
07,sus,unsmoothed,8,0.10181900325388622,0.12910283584991755,0.8632339654178743,EVC
07,sus,unsmoothed,9,0.09297035576534349,0.12753468894299305,0.9004732562323605,EVC
07,sus,unsmoothed,10,0.11029603847516169,0.13297371159367496,0.8739374616251622,EVC
07,sus,sm_2_vox,1,0.18114623336121108,0.22742865699443565,0.8672216370052884,EVC
07,sus,sm_2_vox,2,0.1996334449300251,0.23945564252795154,0.8753680945494839,EVC
07,sus,sm_2_vox,3,0.18479629967696348,0.2259679059598194,0.8800767003497811,EVC
07,sus,sm_2_vox,4,0.20541945701412592,0.2487549909646277,0.9106792944316637,EVC
07,sus,sm_2_vox,5,0.17175400400657942,0.20882266342055988,0.8728596474635413,EVC
07,sus,sm_2_vox,6,0.18338731501951572,0.23091379164799053,0.9066900713482207,EVC
07,sus,sm_2_vox,7,0.2153800555730075,0.2601080366405527,0.8942392448573886,EVC
07,sus,sm_2_vox,8,0.20304077527245223,0.2395845263701559,0.8801372066583492,EVC
07,sus,sm_2_vox,9,0.20797501314021322,0.24573184800133258,0.8795135971441662,EVC
07,sus,sm_2_vox,10,0.21843610553622098,0.2393751047754086,0.8826722122114063,EVC
07,miniblock,unsmoothed,1,0.08188968663001862,0.10277110030139815,0.846420877512408,EVC
07,miniblock,unsmoothed,2,0.10387902100880583,0.12411629463296327,0.8486627148421086,EVC
07,miniblock,unsmoothed,3,0.08321149104683145,0.10947146834626759,0.8571093142447099,EVC
07,miniblock,unsmoothed,4,0.10392399214424702,0.12885133064890605,0.8966920306303383,EVC
07,miniblock,unsmoothed,5,0.09615041367817628,0.1176904444051731,0.830438376232423,EVC
07,miniblock,unsmoothed,6,0.10108040138608895,0.12460630750016446,0.8692899735700342,EVC
07,miniblock,unsmoothed,7,0.07464539321101696,0.09608613761426207,0.8479040818707856,EVC
07,miniblock,unsmoothed,8,0.09557985531089681,0.12199063946410284,0.8902128365116351,EVC
07,miniblock,unsmoothed,9,0.09988230299438688,0.12572992984903014,0.860861160653746,EVC
07,miniblock,unsmoothed,10,0.09287936227560187,0.11582704368409937,0.8554940676329419,EVC
07,miniblock,sm_2_vox,1,0.23228330448268197,0.2671328752334979,0.8795447850961006,EVC
07,miniblock,sm_2_vox,2,0.2522444065953574,0.2746455106487587,0.9324121003571262,EVC
07,miniblock,sm_2_vox,3,0.2352818850342412,0.274538306082264,0.887223812966021,EVC
07,miniblock,sm_2_vox,4,0.21984856644037395,0.27033238738108517,0.9288842246892064,EVC
07,miniblock,sm_2_vox,5,0.25251380138160673,0.28365064311545735,0.9193962997512,EVC
07,miniblock,sm_2_vox,6,0.2027109177393189,0.2318038084667163,0.8745098139094192,EVC
07,miniblock,sm_2_vox,7,0.22844468681680546,0.2571772182410841,0.882865264190496,EVC
07,miniblock,sm_2_vox,8,0.2417534275338935,0.28648560845806076,0.9008635558187374,EVC
07,miniblock,sm_2_vox,9,0.2253934994723266,0.26397001360088607,0.9178337981516196,EVC
07,miniblock,sm_2_vox,10,0.24784900270076035,0.2820001470651579,0.8936973918615869,EVC
08,er,unsmoothed,1,0.017935925746439235,0.01740987916573335,0.6167028396490531,visually_responsive_voxels
08,er,unsmoothed,2,-0.0014193772529945323,-0.0010002687251498062,0.629994138564238,visually_responsive_voxels
08,er,unsmoothed,3,0.024579625486468942,0.023938981797099086,0.6628616158338199,visually_responsive_voxels
08,er,unsmoothed,4,0.04107045172454696,0.04053406016533608,0.6476922073573479,visually_responsive_voxels
08,er,unsmoothed,5,0.015260096266688908,0.01731641056439175,0.6156038688005594,visually_responsive_voxels
08,er,unsmoothed,6,0.034762630010924,0.03430768074017859,0.6470122006163052,visually_responsive_voxels
08,er,unsmoothed,7,0.035226389331035585,0.034521583283264684,0.6444086233884214,visually_responsive_voxels
08,er,unsmoothed,8,0.04308852590435118,0.04071312721949547,0.6687096160389436,visually_responsive_voxels
08,er,unsmoothed,9,0.03284620571071502,0.031612447198217604,0.5744588460109005,visually_responsive_voxels
08,er,unsmoothed,10,0.03217177806518698,0.03164701846134653,0.6556737643191898,visually_responsive_voxels
08,er,sm_2_vox,1,0.030835138180375216,0.03001395163521086,0.7843537569641226,visually_responsive_voxels
08,er,sm_2_vox,2,0.033571344976834644,0.028875813940517157,0.6923220924244755,visually_responsive_voxels
08,er,sm_2_vox,3,0.031130500203685872,0.0355476947120308,0.7809117970720183,visually_responsive_voxels
08,er,sm_2_vox,4,0.03847975592486731,0.04629093306751522,0.75453488573091,visually_responsive_voxels
08,er,sm_2_vox,5,0.04361011862463883,0.046708335935557795,0.776952002501403,visually_responsive_voxels
08,er,sm_2_vox,6,0.021542568786677305,0.02810587475791423,0.7723924571618968,visually_responsive_voxels
08,er,sm_2_vox,7,0.016332777925674585,0.02035538705339576,0.7777067014916608,visually_responsive_voxels
08,er,sm_2_vox,8,0.0470796624150013,0.04355629710018304,0.7894956884740746,visually_responsive_voxels
08,er,sm_2_vox,9,0.040521706048869524,0.04062140026571831,0.6770307476066579,visually_responsive_voxels
08,er,sm_2_vox,10,0.02810917275460517,0.02789374022747928,0.7784551460611013,visually_responsive_voxels
08,sus,unsmoothed,1,0.03649472183152419,0.04737602357047194,0.8204806712387047,visually_responsive_voxels
08,sus,unsmoothed,2,0.04169370068353678,0.05431010286993248,0.8977694936738311,visually_responsive_voxels
08,sus,unsmoothed,3,0.05141547870836362,0.06411809334900324,0.8749032951107885,visually_responsive_voxels
08,sus,unsmoothed,4,0.037037262643004214,0.04908644204365668,0.8326647142754187,visually_responsive_voxels
08,sus,unsmoothed,5,0.031654645508826074,0.04355727219956689,0.8626383335844943,visually_responsive_voxels
08,sus,unsmoothed,6,0.051726633638598765,0.06491131390438715,0.8661268753619373,visually_responsive_voxels
08,sus,unsmoothed,7,0.03598334045420543,0.048063758183128524,0.8673169102624261,visually_responsive_voxels
08,sus,unsmoothed,8,0.030182967072129675,0.042189704435783196,0.8048263444002429,visually_responsive_voxels
08,sus,unsmoothed,9,0.039317841311404464,0.04888422109824632,0.842130916111993,visually_responsive_voxels
08,sus,unsmoothed,10,0.04616520808516536,0.05701873670573891,0.8623258781575998,visually_responsive_voxels
08,sus,sm_2_vox,1,0.09685020055723834,0.12601388098758695,0.8609189574895855,visually_responsive_voxels
08,sus,sm_2_vox,2,0.06954938760238952,0.10874768102635177,0.8587741843326422,visually_responsive_voxels
08,sus,sm_2_vox,3,0.10302175514382209,0.13687592541382793,0.8598889663785074,visually_responsive_voxels
08,sus,sm_2_vox,4,0.07879607785530127,0.11174524358089209,0.8397557439602524,visually_responsive_voxels
08,sus,sm_2_vox,5,0.06942900835738866,0.0986484931025234,0.8725073791494501,visually_responsive_voxels
08,sus,sm_2_vox,6,0.09567284740202366,0.1332523973335367,0.8666663726367232,visually_responsive_voxels
08,sus,sm_2_vox,7,0.07946614442821237,0.11636782173066926,0.9180976433376137,visually_responsive_voxels
08,sus,sm_2_vox,8,0.08043467034857282,0.10782086915313678,0.844123283970063,visually_responsive_voxels
08,sus,sm_2_vox,9,0.09498684845164546,0.12310482918273707,0.855365123428853,visually_responsive_voxels
08,sus,sm_2_vox,10,0.07925588769949868,0.11168825355337667,0.8891090094937006,visually_responsive_voxels
08,miniblock,unsmoothed,1,0.015638948866683045,0.03465905881904923,0.8621628215996455,visually_responsive_voxels
08,miniblock,unsmoothed,2,0.028048012922988724,0.043116889139954845,0.8835778438440325,visually_responsive_voxels
08,miniblock,unsmoothed,3,0.0477371520847762,0.06486289185095054,0.9004415627317348,visually_responsive_voxels
08,miniblock,unsmoothed,4,0.040169230008492915,0.057813420638528484,0.904066480547357,visually_responsive_voxels
08,miniblock,unsmoothed,5,0.019372630638155662,0.035346521434220894,0.8865354289655106,visually_responsive_voxels
08,miniblock,unsmoothed,6,0.021906281645371534,0.04019883143716392,0.8786796646075417,visually_responsive_voxels
08,miniblock,unsmoothed,7,0.03512368839483218,0.052340073186324956,0.8627622101717006,visually_responsive_voxels
08,miniblock,unsmoothed,8,0.040880998624238774,0.05539678352562922,0.8816146483392853,visually_responsive_voxels
08,miniblock,unsmoothed,9,0.051006624229477965,0.06725073602903599,0.8602791433099064,visually_responsive_voxels
08,miniblock,unsmoothed,10,0.02831150691759755,0.04948269055848989,0.9040260009791973,visually_responsive_voxels
08,miniblock,sm_2_vox,1,0.04577523461273271,0.09728642420457631,0.9319765326635059,visually_responsive_voxels
08,miniblock,sm_2_vox,2,0.0915047627846172,0.12454201075826576,0.9056959489200582,visually_responsive_voxels
08,miniblock,sm_2_vox,3,0.09853390698049821,0.1390125210739565,0.9154275308072533,visually_responsive_voxels
08,miniblock,sm_2_vox,4,0.10142193374274533,0.13902666290653604,0.9065551639379881,visually_responsive_voxels
08,miniblock,sm_2_vox,5,0.072471950850194,0.11283102671951133,0.8840804919846615,visually_responsive_voxels
08,miniblock,sm_2_vox,6,0.06906369892158595,0.10722936396076235,0.9039422959279417,visually_responsive_voxels
08,miniblock,sm_2_vox,7,0.08211047990913824,0.11750466602700642,0.8735579358855776,visually_responsive_voxels
08,miniblock,sm_2_vox,8,0.07873805557112853,0.12234316712240371,0.9344959415358419,visually_responsive_voxels
08,miniblock,sm_2_vox,9,0.08864171490047237,0.13220404009238887,0.8930982202967341,visually_responsive_voxels
08,miniblock,sm_2_vox,10,0.071394950737288,0.1234405828960368,0.922070826768917,visually_responsive_voxels
08,er,unsmoothed,1,0.08596534677173281,0.07682969073751635,0.46789884151337585,FFA
08,er,unsmoothed,2,0.061988471917055546,0.06060916669966419,0.46230408687624247,FFA
08,er,unsmoothed,3,0.13602575695003766,0.12207387937984344,0.44364720813951863,FFA
08,er,unsmoothed,4,0.07508377700083418,0.06354796148755924,0.49257347500986254,FFA
08,er,unsmoothed,5,0.0781960719096699,0.07445782090602315,0.4114398061049831,FFA
08,er,unsmoothed,6,0.10840552104942588,0.10051056596211416,0.4984971998991122,FFA
08,er,unsmoothed,7,0.1050152229976275,0.08247186846767798,0.40907352881009407,FFA
08,er,unsmoothed,8,0.12057395843797208,0.10023294328784514,0.5661722532671528,FFA
08,er,unsmoothed,9,0.09517748707457105,0.10534659927541137,0.5398618527495457,FFA
08,er,unsmoothed,10,0.1282320783069669,0.1160839033383662,0.5002413226609785,FFA
08,er,sm_2_vox,1,0.31631459148416163,0.3085016905654134,0.7094211733932,FFA
08,er,sm_2_vox,2,0.2635067113627774,0.2417057513836754,0.6923220924244755,FFA
08,er,sm_2_vox,3,0.3281894766442943,0.3133955078738713,0.6855241536416176,FFA
08,er,sm_2_vox,4,0.24513297528962724,0.23314672887327131,0.6611195298259527,FFA
08,er,sm_2_vox,5,0.30158304219015264,0.2907218364688069,0.7370401704902563,FFA
08,er,sm_2_vox,6,0.28840776048700756,0.2590057761593753,0.7028795116380132,FFA
08,er,sm_2_vox,7,0.2142583637487228,0.21354150082314785,0.7729982299718716,FFA
08,er,sm_2_vox,8,0.30811450555166303,0.29472744171738396,0.6641505819485471,FFA
08,er,sm_2_vox,9,0.25927411084679175,0.24875231623865207,0.6604749007370561,FFA
08,er,sm_2_vox,10,0.3213306293038523,0.31022800195998135,0.7265678763057413,FFA
08,sus,unsmoothed,1,0.15803651812937797,0.15880481563379276,0.6689071102014343,FFA
08,sus,unsmoothed,2,0.18834933687967026,0.1876765838351086,0.6411768943169909,FFA
08,sus,unsmoothed,3,0.199262460372238,0.20561714937668138,0.6715383139966389,FFA
08,sus,unsmoothed,4,0.1816455392267519,0.1767735863417158,0.6466442028347216,FFA
08,sus,unsmoothed,5,0.14979865810972778,0.1598549517979453,0.5661910652693275,FFA
08,sus,unsmoothed,6,0.16838409573940338,0.19306519853238324,0.7130613937286566,FFA
08,sus,unsmoothed,7,0.18032631499320112,0.16940523591156345,0.6489356670927502,FFA
08,sus,unsmoothed,8,0.18438591765166368,0.17817955101832808,0.6120305902986112,FFA
08,sus,unsmoothed,9,0.2123969335187292,0.19391986930097735,0.6486485930920027,FFA
08,sus,unsmoothed,10,0.19611617847166302,0.20212916933372593,0.5961408312827952,FFA
08,sus,sm_2_vox,1,0.47297995263505366,0.4502900303469441,0.8345846172555995,FFA
08,sus,sm_2_vox,2,0.5138402215668422,0.48393871611205985,0.8309713602085165,FFA
08,sus,sm_2_vox,3,0.49485551451209475,0.4734353938833297,0.8482407616350083,FFA
08,sus,sm_2_vox,4,0.4842080923953895,0.458352799801363,0.8283247567311404,FFA
08,sus,sm_2_vox,5,0.42992428016196305,0.4158538319378518,0.7869454481498878,FFA
08,sus,sm_2_vox,6,0.5067998602765601,0.4658215399591261,0.8512964751865615,FFA
08,sus,sm_2_vox,7,0.477528771551954,0.4397877316372473,0.8577262051453458,FFA
08,sus,sm_2_vox,8,0.5263383756433101,0.48765054186034906,0.8217380860274659,FFA
08,sus,sm_2_vox,9,0.5343896562876981,0.4990116330354374,0.8455886431861227,FFA
08,sus,sm_2_vox,10,0.4205721820827653,0.41043222533328455,0.8176212888631691,FFA
08,miniblock,unsmoothed,1,0.21510786655960795,0.2300159719744482,0.7049164641817369,FFA
08,miniblock,unsmoothed,2,0.22916913200086333,0.22588502839739255,0.7627278221532643,FFA
08,miniblock,unsmoothed,3,0.23187323868441165,0.24957870251174852,0.7265885858488912,FFA
08,miniblock,unsmoothed,4,0.23828886874678115,0.25287051089245216,0.7301670050560376,FFA
08,miniblock,unsmoothed,5,0.18656536765139875,0.21131283005546603,0.6622346432353233,FFA
08,miniblock,unsmoothed,6,0.2026721188838278,0.23256928047970288,0.7354897393661848,FFA
08,miniblock,unsmoothed,7,0.2100198735986673,0.23115954608629524,0.6715199168638408,FFA
08,miniblock,unsmoothed,8,0.23907082587301848,0.23224470576246947,0.6567996092860531,FFA
08,miniblock,unsmoothed,9,0.22070003883177208,0.24386729838388557,0.7894000489182491,FFA
08,miniblock,unsmoothed,10,0.21996010380191822,0.2345460685653504,0.7749030816836595,FFA
08,miniblock,sm_2_vox,1,0.5646704180618165,0.5517506705082705,0.848326260974386,FFA
08,miniblock,sm_2_vox,2,0.6000916086553675,0.5706833144271157,0.8549349400271034,FFA
08,miniblock,sm_2_vox,3,0.605835098032907,0.5753641582210506,0.8550782853606614,FFA
08,miniblock,sm_2_vox,4,0.5825023841203631,0.5646268229170084,0.8648417014436922,FFA
08,miniblock,sm_2_vox,5,0.5616830238726922,0.5338807219211563,0.7706744098709879,FFA
08,miniblock,sm_2_vox,6,0.573099580103201,0.5423211087711991,0.8182675172762433,FFA
08,miniblock,sm_2_vox,7,0.5560146979261094,0.5211341486070347,0.8735579358855776,FFA
08,miniblock,sm_2_vox,8,0.5961556989388619,0.5555692400897982,0.8680384271338033,FFA
08,miniblock,sm_2_vox,9,0.5973521420979144,0.5618877420509236,0.84299009221234,FFA
08,miniblock,sm_2_vox,10,0.6101404946763742,0.5885179788605216,0.8463362655574866,FFA
08,er,unsmoothed,1,0.02487564080579149,0.02367144114162933,0.509615087772165,PPA
08,er,unsmoothed,2,0.016657322561682883,0.017140419099316302,0.4969025379591112,PPA
08,er,unsmoothed,3,0.050380304328121336,0.041360364933304576,0.6042999995521998,PPA
08,er,unsmoothed,4,0.046912488348124656,0.04348157040988853,0.5165985879851518,PPA
08,er,unsmoothed,5,0.023296343183389898,0.020210158682154127,0.48200397054939276,PPA
08,er,unsmoothed,6,0.0593443722801351,0.048956738460594555,0.520618849264789,PPA
08,er,unsmoothed,7,0.04493628362501155,0.04860027860244899,0.5193740145872128,PPA
08,er,unsmoothed,8,0.044990548827317275,0.04781897118725792,0.5603497902203024,PPA
08,er,unsmoothed,9,0.047274809072206304,0.04406870976106405,0.5450453127872967,PPA
08,er,unsmoothed,10,0.0501121349968202,0.05003569115954826,0.5595241665876846,PPA
08,er,sm_2_vox,1,0.0445930572386712,0.03707461109304312,0.4172290998932528,PPA
08,er,sm_2_vox,2,0.046143666326287705,0.04231718214143491,0.5113376764894763,PPA
08,er,sm_2_vox,3,0.054815897732650734,0.04930606909567257,0.5444515734104914,PPA
08,er,sm_2_vox,4,0.043029484932670614,0.04984217291278673,0.530379105632224,PPA
08,er,sm_2_vox,5,0.008796399195178063,0.003296753313956745,0.512548094530412,PPA
08,er,sm_2_vox,6,0.004555322388078858,0.002288911995525357,0.4323673133170336,PPA
08,er,sm_2_vox,7,0.029365657888022846,0.031556178257125055,0.48641034245245274,PPA
08,er,sm_2_vox,8,0.08518459007762635,0.07933938587146823,0.5738919858888443,PPA
08,er,sm_2_vox,9,0.05122146651711819,0.044005146496423876,0.5279067747752153,PPA
08,er,sm_2_vox,10,0.059486574451252425,0.06132758370332575,0.5685763180771004,PPA
08,sus,unsmoothed,1,0.0743436681518654,0.07957674363863636,0.7220792640965275,PPA
08,sus,unsmoothed,2,0.07243332706290026,0.08680461930878526,0.6638032574399717,PPA
08,sus,unsmoothed,3,0.0848482792549389,0.09524084822312737,0.6846161599095588,PPA
08,sus,unsmoothed,4,0.07040057255851746,0.08088008224101953,0.6604051645342155,PPA
08,sus,unsmoothed,5,0.07444340049117204,0.08421797697676048,0.6648071704665031,PPA
08,sus,unsmoothed,6,0.07691485110061946,0.09455284712518314,0.6788858076107948,PPA
08,sus,unsmoothed,7,0.0826629437976825,0.0861437707745605,0.6883386644635994,PPA
08,sus,unsmoothed,8,0.07664541463592905,0.0814673495883655,0.6711211188434019,PPA
08,sus,unsmoothed,9,0.07273359408093219,0.0829143622961627,0.7104577436540986,PPA
08,sus,unsmoothed,10,0.08802102457809535,0.09316976687538281,0.6977023075445998,PPA
08,sus,sm_2_vox,1,0.2575789332178088,0.24772903112820246,0.7603375032976862,PPA
08,sus,sm_2_vox,2,0.26466423327385313,0.27257046870994456,0.8293589694049379,PPA
08,sus,sm_2_vox,3,0.28358072795791517,0.2733968666963125,0.8089400313125699,PPA
08,sus,sm_2_vox,4,0.23132375857210213,0.2375822023674202,0.7428340136594074,PPA
08,sus,sm_2_vox,5,0.23982767399793392,0.25535294686556054,0.8198539344668603,PPA
08,sus,sm_2_vox,6,0.26128215954956424,0.26983848777495273,0.8579444286252806,PPA
08,sus,sm_2_vox,7,0.24173778877555596,0.23751681188559828,0.7705359413811634,PPA
08,sus,sm_2_vox,8,0.2687012658727973,0.25565489146167336,0.7304351904038056,PPA
08,sus,sm_2_vox,9,0.277477508490713,0.2613044571511865,0.7866236897638285,PPA
08,sus,sm_2_vox,10,0.2513770879715164,0.24617632653778168,0.7210114895319648,PPA
08,miniblock,unsmoothed,1,0.05393858480287726,0.0721680595463467,0.7153497175997129,PPA
08,miniblock,unsmoothed,2,0.07427350102006297,0.07955677031329106,0.6722138999167632,PPA
08,miniblock,unsmoothed,3,0.07913977027478034,0.08520845347633042,0.7767874712278282,PPA
08,miniblock,unsmoothed,4,0.0777035751032311,0.08578271640111844,0.6642440781226698,PPA
08,miniblock,unsmoothed,5,0.059964850575715906,0.06358031424079533,0.6846674326513811,PPA
08,miniblock,unsmoothed,6,0.058769502893879805,0.07085683910179562,0.7459415670483779,PPA
08,miniblock,unsmoothed,7,0.060411884065406984,0.07096191254800081,0.6904497644537602,PPA
08,miniblock,unsmoothed,8,0.063400376742089,0.06802987236323277,0.6130276852030682,PPA
08,miniblock,unsmoothed,9,0.07193002316049732,0.08097873386491072,0.7120091521082188,PPA
08,miniblock,unsmoothed,10,0.08114550298072779,0.09128132006531388,0.7780367052190645,PPA
08,miniblock,sm_2_vox,1,0.23196192894131593,0.23326765567216934,0.7858300970271521,PPA
08,miniblock,sm_2_vox,2,0.2502719969929462,0.24728561398409926,0.7668863382248337,PPA
08,miniblock,sm_2_vox,3,0.25260929994519965,0.2449082269663181,0.7530020431716076,PPA
08,miniblock,sm_2_vox,4,0.26516687558782115,0.25928223294916936,0.7757761409359998,PPA
08,miniblock,sm_2_vox,5,0.22294045805539864,0.22105052796752872,0.7212268993612188,PPA
08,miniblock,sm_2_vox,6,0.20415959331846084,0.21209360450446277,0.7741900722829385,PPA
08,miniblock,sm_2_vox,7,0.22608324986438477,0.2250703193219117,0.729429148687592,PPA
08,miniblock,sm_2_vox,8,0.2097195899811672,0.20807723630911182,0.7198078400655963,PPA
08,miniblock,sm_2_vox,9,0.2468058585215507,0.23915948009574314,0.7642470430705572,PPA
08,miniblock,sm_2_vox,10,0.24329965010581073,0.2493335412125871,0.7582072342626466,PPA
08,er,unsmoothed,1,0.022040909349214852,0.02353200419818011,0.6286077434888226,EBA
08,er,unsmoothed,2,0.01282324917354953,0.013329468716034971,0.5449729548358431,EBA
08,er,unsmoothed,3,0.04138795377889482,0.04207206999094285,0.6628616158338199,EBA
08,er,unsmoothed,4,0.05533923675456172,0.0555740907947481,0.6476922073573479,EBA
08,er,unsmoothed,5,0.030837999205199806,0.029136046829975375,0.5480587002089232,EBA
08,er,unsmoothed,6,0.034834195135536414,0.03581081315433068,0.6166229193865986,EBA
08,er,unsmoothed,7,0.0528308204479523,0.05245531381166646,0.6062994567721691,EBA
08,er,unsmoothed,8,0.04918179620500965,0.045630584769887,0.6687096160389436,EBA
08,er,unsmoothed,9,0.05417345116199429,0.05296748206036966,0.5632809241356584,EBA
08,er,unsmoothed,10,0.04291530279826161,0.04311512039650374,0.584732038188791,EBA
08,er,sm_2_vox,1,0.11733778958040078,0.12467287776393363,0.8060465976010036,EBA
08,er,sm_2_vox,2,0.11965388629516761,0.10869865215423281,0.6923251497996177,EBA
08,er,sm_2_vox,3,0.1120164097075357,0.11892182378831563,0.7809117970720183,EBA
08,er,sm_2_vox,4,0.14674096856005445,0.15548858386590145,0.75453488573091,EBA
08,er,sm_2_vox,5,0.12193194354556963,0.1295108612578323,0.776952002501403,EBA
08,er,sm_2_vox,6,0.06574738327386792,0.06992432271838792,0.7723924571618968,EBA
08,er,sm_2_vox,7,0.09022089341590427,0.09526200031859434,0.7777067014916608,EBA
08,er,sm_2_vox,8,0.09698993577784878,0.10443735801727644,0.7894956884740746,EBA
08,er,sm_2_vox,9,0.09945928531808504,0.10086109954496834,0.6884007212481057,EBA
08,er,sm_2_vox,10,0.12018070920556082,0.12266829243538663,0.7784551460611013,EBA
08,sus,unsmoothed,1,0.10168091374044286,0.11843825490850403,0.8204806712387047,EBA
08,sus,unsmoothed,2,0.10046549949224262,0.11282878986685248,0.8589236369015785,EBA
08,sus,unsmoothed,3,0.10646770529289808,0.11866254351090111,0.7709015811788178,EBA
08,sus,unsmoothed,4,0.0870106687416212,0.10256837525904579,0.8340352516479599,EBA
08,sus,unsmoothed,5,0.08002348993060293,0.09123632854128678,0.7555145576467226,EBA
08,sus,unsmoothed,6,0.10705288877218051,0.12720165875637038,0.822614728028224,EBA
08,sus,unsmoothed,7,0.10112110427894297,0.11767145297001759,0.8673169102624261,EBA
08,sus,unsmoothed,8,0.10319581077252984,0.11220308305917731,0.794132474715816,EBA
08,sus,unsmoothed,9,0.09913892052449036,0.11296875470383869,0.8006528826150882,EBA
08,sus,unsmoothed,10,0.10200588052215381,0.11361595894041755,0.8472698468055836,EBA
08,sus,sm_2_vox,1,0.35552410528259326,0.3509356104496882,0.855114300823049,EBA
08,sus,sm_2_vox,2,0.2872362978084451,0.2949913977264601,0.8280750042501221,EBA
08,sus,sm_2_vox,3,0.33184579518769697,0.3310974798015338,0.8589779009706167,EBA
08,sus,sm_2_vox,4,0.27882672986250684,0.289290970369395,0.8294877054697309,EBA
08,sus,sm_2_vox,5,0.26969195476432434,0.27066141935489296,0.7668007826513388,EBA
08,sus,sm_2_vox,6,0.35397621234694726,0.35151915810193773,0.8886399305316586,EBA
08,sus,sm_2_vox,7,0.3227077382679924,0.33184790224821464,0.9280444670690935,EBA
08,sus,sm_2_vox,8,0.345258146950871,0.3356054084448303,0.8081138122519471,EBA
08,sus,sm_2_vox,9,0.32211072924728135,0.32830785956706543,0.8434561515021196,EBA
08,sus,sm_2_vox,10,0.2588872192508297,0.26571404264801946,0.8124787544442156,EBA
08,miniblock,unsmoothed,1,0.10066388734710628,0.12601553879218733,0.8767069101679398,EBA
08,miniblock,unsmoothed,2,0.11516846221200668,0.12919364532875244,0.8188858838346551,EBA
08,miniblock,unsmoothed,3,0.14018503843426433,0.15801614493140106,0.8876176518271903,EBA
08,miniblock,unsmoothed,4,0.11630774398135219,0.14277519918242706,0.8621832147184822,EBA
08,miniblock,unsmoothed,5,0.10118067124857522,0.12076121553917346,0.8256827566680565,EBA
08,miniblock,unsmoothed,6,0.09873038910160307,0.12141061661129982,0.8516259901746379,EBA
08,miniblock,unsmoothed,7,0.12961025016751676,0.14852709684541965,0.8539225335471105,EBA
08,miniblock,unsmoothed,8,0.12589539350569617,0.1482562335719012,0.8816146483392853,EBA
08,miniblock,unsmoothed,9,0.1336130343752423,0.15233998342839863,0.857905399898194,EBA
08,miniblock,unsmoothed,10,0.12619390811907968,0.14285429382111212,0.8433910488260953,EBA
08,miniblock,sm_2_vox,1,0.3315548823236262,0.339414534096313,0.9319765326635059,EBA
08,miniblock,sm_2_vox,2,0.34533752842741144,0.3442538130301717,0.8897007566913977,EBA
08,miniblock,sm_2_vox,3,0.39174243994078195,0.3801248334095253,0.9154275308072533,EBA
08,miniblock,sm_2_vox,4,0.3489353256289801,0.3392796213595669,0.9065551639379881,EBA
08,miniblock,sm_2_vox,5,0.35278782757363775,0.3437120372506201,0.8821837448957044,EBA
08,miniblock,sm_2_vox,6,0.3011021628026073,0.2962727722259749,0.8866464824858055,EBA
08,miniblock,sm_2_vox,7,0.3521060707616277,0.35056508225316996,0.886348004265872,EBA
08,miniblock,sm_2_vox,8,0.33044510072292804,0.3458841093755815,0.938682357368307,EBA
08,miniblock,sm_2_vox,9,0.3459539848410795,0.34922453272050497,0.8930982202967341,EBA
08,miniblock,sm_2_vox,10,0.3421523266018293,0.35317649306226834,0.8888631365826252,EBA
08,er,unsmoothed,1,0.03152567143641343,0.029524405288717484,0.6167028396490531,EVC
08,er,unsmoothed,2,0.0036522202643035637,0.004338929419992846,0.5659724799236722,EVC
08,er,unsmoothed,3,0.03659206157909135,0.03512033010666523,0.5497996843195276,EVC
08,er,unsmoothed,4,0.07177592921697523,0.07304782325140532,0.6299569539020301,EVC
08,er,unsmoothed,5,0.027727999331129162,0.027705117322498203,0.6156038688005594,EVC
08,er,unsmoothed,6,0.06204213874162244,0.06332684471603003,0.6470122006163052,EVC
08,er,unsmoothed,7,0.036946481753850846,0.03670406485434409,0.6444086233884214,EVC
08,er,unsmoothed,8,0.0554685014371142,0.05402819172171105,0.5785520132021776,EVC
08,er,unsmoothed,9,0.054787912202684676,0.05155852331986108,0.6460499487385644,EVC
08,er,unsmoothed,10,0.04901425048936721,0.044514465139086634,0.5890770612452416,EVC
08,er,sm_2_vox,1,0.042873161037127114,0.044246667445207256,0.5779176955809928,EVC
08,er,sm_2_vox,2,0.04904383653180285,0.045610564454092534,0.5536253665848135,EVC
08,er,sm_2_vox,3,0.09177400145642828,0.09313215097597498,0.6064971624303941,EVC
08,er,sm_2_vox,4,0.08392748492383773,0.09571168924271185,0.7153416074243425,EVC
08,er,sm_2_vox,5,0.0795690420075322,0.07858368586129132,0.6335666221958938,EVC
08,er,sm_2_vox,6,0.0737785692712496,0.08392008689369027,0.6693012448225992,EVC
08,er,sm_2_vox,7,0.03744845925646849,0.05494380396165967,0.645511646249632,EVC
08,er,sm_2_vox,8,0.09817201547138645,0.09415695586199414,0.5711457498353789,EVC
08,er,sm_2_vox,9,0.08037380847363197,0.08096775167137316,0.6077983632422697,EVC
08,er,sm_2_vox,10,0.052934196908986306,0.046704072429260515,0.6336901923226254,EVC
08,sus,unsmoothed,1,0.0930886384650379,0.11538212137563436,0.8518306934222033,EVC
08,sus,unsmoothed,2,0.09306375554667781,0.12009956202399241,0.8977694936738311,EVC
08,sus,unsmoothed,3,0.11323122714486691,0.13753439975460105,0.8749032951107885,EVC
08,sus,unsmoothed,4,0.07732960975245216,0.10628134250051385,0.8655024540779873,EVC
08,sus,unsmoothed,5,0.08138742602887915,0.10577071785136308,0.8626383335844943,EVC
08,sus,unsmoothed,6,0.12440536310364697,0.14442426948253487,0.8661268753619373,EVC
08,sus,unsmoothed,7,0.08441360899463579,0.11036857173256823,0.8706274016801451,EVC
08,sus,unsmoothed,8,0.07536392270156977,0.10196285190966939,0.8432322265316857,EVC
08,sus,unsmoothed,9,0.10346494741804482,0.12133319696055896,0.842130916111993,EVC
08,sus,unsmoothed,10,0.0946791515048793,0.12109368547116073,0.8623258781575998,EVC
08,sus,sm_2_vox,1,0.225512963630541,0.2601035099526016,0.8694814321751217,EVC
08,sus,sm_2_vox,2,0.22174539921472214,0.24041707267871587,0.8694119521363171,EVC
08,sus,sm_2_vox,3,0.25333002199736454,0.2805214760348175,0.8827510135791259,EVC
08,sus,sm_2_vox,4,0.20552627823799233,0.2395985691652816,0.8537377825649459,EVC
08,sus,sm_2_vox,5,0.18819672579832472,0.22674143912447328,0.8781106776534224,EVC
08,sus,sm_2_vox,6,0.23534711162785668,0.26134182088686697,0.8800388329569124,EVC
08,sus,sm_2_vox,7,0.20624946913497397,0.23931805997860514,0.8751195147379887,EVC
08,sus,sm_2_vox,8,0.20598702874649766,0.2360995383103294,0.8676157437373209,EVC
08,sus,sm_2_vox,9,0.2243702972684502,0.24479866342114565,0.8616114858894303,EVC
08,sus,sm_2_vox,10,0.21612840376371614,0.23939900616735274,0.8891090094937006,EVC
08,miniblock,unsmoothed,1,0.09381502027203065,0.12235213133745958,0.8799905191505512,EVC
08,miniblock,unsmoothed,2,0.09215214974264326,0.12112544141830606,0.8835778438440325,EVC
08,miniblock,unsmoothed,3,0.10105142273158184,0.1340401375773824,0.9004415627317348,EVC
08,miniblock,unsmoothed,4,0.1224297843890075,0.15164072828089623,0.904066480547357,EVC
08,miniblock,unsmoothed,5,0.0897374175057015,0.12006772871504497,0.8865354289655106,EVC
08,miniblock,unsmoothed,6,0.09374998096788066,0.12693584324419255,0.8786796646075417,EVC
08,miniblock,unsmoothed,7,0.10785487280377962,0.134108688954257,0.8627622101717006,EVC
08,miniblock,unsmoothed,8,0.10920412642088918,0.13907807320647245,0.8597847652090699,EVC
08,miniblock,unsmoothed,9,0.11985685783658019,0.15165051494143747,0.8673531248358122,EVC
08,miniblock,unsmoothed,10,0.11284157967006618,0.14631478681458107,0.9040260009791973,EVC
08,miniblock,sm_2_vox,1,0.2305622520428308,0.2534303185074233,0.8806031367427485,EVC
08,miniblock,sm_2_vox,2,0.251766582353919,0.2809446424480296,0.9056959489200582,EVC
08,miniblock,sm_2_vox,3,0.22420912955622402,0.26378264355929965,0.9100203265917577,EVC
08,miniblock,sm_2_vox,4,0.281012741306501,0.2993515414546615,0.8718714818694637,EVC
08,miniblock,sm_2_vox,5,0.2573037675859484,0.2828629362918483,0.8843985856487084,EVC
08,miniblock,sm_2_vox,6,0.23402607498586175,0.27365516980261617,0.9039422959279417,EVC
08,miniblock,sm_2_vox,7,0.25138037395688173,0.2695048758447194,0.876169446831843,EVC
08,miniblock,sm_2_vox,8,0.2754564258710651,0.30046758065926316,0.9169876430159903,EVC
08,miniblock,sm_2_vox,9,0.26265176104713905,0.29152814270081784,0.9004147888666676,EVC
08,miniblock,sm_2_vox,10,0.2796491362983591,0.3056040666154604,0.922070826768917,EVC
10,er,unsmoothed,1,0.024284569003989342,0.024153361024372707,0.6178090584870332,visually_responsive_voxels
10,er,unsmoothed,2,0.008763855984900544,0.01104379898815213,0.6488164105123556,visually_responsive_voxels
10,er,unsmoothed,3,0.011941683177529062,0.011497352767643272,0.7056009752496128,visually_responsive_voxels
10,er,unsmoothed,4,0.010098633706873014,0.012256808483777668,0.7270118094571945,visually_responsive_voxels
10,er,unsmoothed,5,0.023422701442315334,0.02390806947232829,0.6545587160517542,visually_responsive_voxels
10,er,unsmoothed,6,0.030445175988763867,0.033239609401296756,0.7017566210445846,visually_responsive_voxels
10,er,unsmoothed,7,0.026055739902928976,0.0273982478535695,0.6564469748797839,visually_responsive_voxels
10,er,unsmoothed,8,0.004866101648653476,0.007373079950263709,0.6587054740238996,visually_responsive_voxels
10,er,unsmoothed,9,0.010063079157596563,0.012312177921405725,0.6411977991202551,visually_responsive_voxels
10,er,unsmoothed,10,0.016937463400383008,0.01612403824913056,0.6611252393015599,visually_responsive_voxels
10,er,sm_2_vox,1,0.07969074373140778,0.08328342324423495,0.6770350421895313,visually_responsive_voxels
10,er,sm_2_vox,2,0.04191683775867394,0.04395558066327113,0.6429858491365565,visually_responsive_voxels
10,er,sm_2_vox,3,0.06576669597990605,0.07447388762920235,0.7056440174414437,visually_responsive_voxels
10,er,sm_2_vox,4,0.0637017993965267,0.06675744648265884,0.7838189423918147,visually_responsive_voxels
10,er,sm_2_vox,5,0.06836881020980565,0.06663967732483839,0.6849403569710054,visually_responsive_voxels
10,er,sm_2_vox,6,0.09864831922373465,0.10261651870105976,0.7165667577593426,visually_responsive_voxels
10,er,sm_2_vox,7,0.07532840608117775,0.08186912795615789,0.7319950557799234,visually_responsive_voxels
10,er,sm_2_vox,8,0.0674341229843714,0.07757922873298546,0.6460570141439684,visually_responsive_voxels
10,er,sm_2_vox,9,0.08693306110163175,0.08994515739219142,0.7271488161953272,visually_responsive_voxels
10,er,sm_2_vox,10,0.057637375088214905,0.057440739135280756,0.7179495213737559,visually_responsive_voxels
10,sus,unsmoothed,1,-0.018598438108523907,-0.0047207247040894065,0.8093687486406731,visually_responsive_voxels
10,sus,unsmoothed,2,0.007314956374826376,0.021400065469435927,0.8132255439859308,visually_responsive_voxels
10,sus,unsmoothed,3,0.008691695889767093,0.02255958821638184,0.8516879064938256,visually_responsive_voxels
10,sus,unsmoothed,4,0.008670773065037954,0.020466882565454064,0.8330667770709721,visually_responsive_voxels
10,sus,unsmoothed,5,0.016891559192332123,0.03104489569487657,0.8575686268132452,visually_responsive_voxels
10,sus,unsmoothed,6,0.010785757825971017,0.023783860472249778,0.8706063661117565,visually_responsive_voxels
10,sus,unsmoothed,7,0.004487962467033979,0.01898625007520948,0.8611110295240825,visually_responsive_voxels
10,sus,unsmoothed,8,-0.002029220471835194,0.01197825081096446,0.8309750035597918,visually_responsive_voxels
10,sus,unsmoothed,9,0.003044589549376725,0.01580163949518298,0.8296255524971421,visually_responsive_voxels
10,sus,unsmoothed,10,0.02285033114189755,0.03685602808388171,0.8673803534159326,visually_responsive_voxels
10,sus,sm_2_vox,1,0.051436865950300864,0.08047685627573957,0.8989953881114763,visually_responsive_voxels
10,sus,sm_2_vox,2,0.07717726760161579,0.11418400898477854,0.9144655429930295,visually_responsive_voxels
10,sus,sm_2_vox,3,0.07895266827641964,0.11331284287970511,0.9251794367356954,visually_responsive_voxels
10,sus,sm_2_vox,4,0.060112742878280195,0.09815273684824762,0.9103115071385706,visually_responsive_voxels
10,sus,sm_2_vox,5,0.07943277055092622,0.11004405163885805,0.8913902922998354,visually_responsive_voxels
10,sus,sm_2_vox,6,0.064793570871064,0.09939863452240717,0.924556525901382,visually_responsive_voxels
10,sus,sm_2_vox,7,0.10404986107132966,0.13259209376572542,0.9121967426469189,visually_responsive_voxels
10,sus,sm_2_vox,8,0.09117514056863592,0.12471429361347948,0.9062740998378174,visually_responsive_voxels
10,sus,sm_2_vox,9,0.06058220409413808,0.09057920922552333,0.9072668061420532,visually_responsive_voxels
10,sus,sm_2_vox,10,0.11820234460188904,0.14382724582430756,0.9069914868357719,visually_responsive_voxels
10,miniblock,unsmoothed,1,0.06278334815543067,0.0711959714430235,0.80390453210028,visually_responsive_voxels
10,miniblock,unsmoothed,2,0.06398534869003954,0.07202838144498633,0.8270086291694005,visually_responsive_voxels
10,miniblock,unsmoothed,3,0.06470811118399017,0.07212245419239001,0.818988678964838,visually_responsive_voxels
10,miniblock,unsmoothed,4,0.04556357900612058,0.05269875942625617,0.8491693324413303,visually_responsive_voxels
10,miniblock,unsmoothed,5,0.03563389495183403,0.04451403167331228,0.79718351530506,visually_responsive_voxels
10,miniblock,unsmoothed,6,0.015745794294674,0.024609110661897537,0.7735988259759583,visually_responsive_voxels
10,miniblock,unsmoothed,7,0.02241720750538878,0.03446282150824614,0.8360743012791463,visually_responsive_voxels
10,miniblock,unsmoothed,8,0.061283871593746125,0.06839481157201902,0.7908050268493907,visually_responsive_voxels
10,miniblock,unsmoothed,9,0.04596579586838961,0.05176531050668289,0.7866382841488591,visually_responsive_voxels
10,miniblock,unsmoothed,10,0.024792711759994805,0.031056756034455076,0.7779633105584491,visually_responsive_voxels
10,miniblock,sm_2_vox,1,0.1203297593117237,0.14935286178624704,0.8707402818012879,visually_responsive_voxels
10,miniblock,sm_2_vox,2,0.10768248678225167,0.1304292534524631,0.8773439947364143,visually_responsive_voxels
10,miniblock,sm_2_vox,3,0.07959051499858497,0.10915472751357212,0.8843201686032417,visually_responsive_voxels
10,miniblock,sm_2_vox,4,0.08663446762271809,0.11377603295988253,0.8580305067214327,visually_responsive_voxels
10,miniblock,sm_2_vox,5,0.11027236931262818,0.13850056855987838,0.9009924287669737,visually_responsive_voxels
10,miniblock,sm_2_vox,6,0.10986734380784756,0.1312131415743581,0.8294406421637952,visually_responsive_voxels
10,miniblock,sm_2_vox,7,0.11366067192705874,0.132967253486653,0.884175847610442,visually_responsive_voxels
10,miniblock,sm_2_vox,8,0.09580458137639264,0.11694029810449848,0.8527619992223414,visually_responsive_voxels
10,miniblock,sm_2_vox,9,0.11303380750300435,0.13855617688416888,0.8906752893060961,visually_responsive_voxels
10,miniblock,sm_2_vox,10,0.07356396079755784,0.09888407269139612,0.8885175401062324,visually_responsive_voxels
10,er,unsmoothed,1,0.06316003767346551,0.05409746722139948,0.43366311453363215,FFA
10,er,unsmoothed,2,0.07778876823947964,0.07231997958293065,0.5123886779849726,FFA
10,er,unsmoothed,3,0.087229185280007,0.08703860529083414,0.5355971417739831,FFA
10,er,unsmoothed,4,0.07091534477031627,0.07032729135136447,0.5323978430636371,FFA
10,er,unsmoothed,5,0.08564907806124818,0.0837586227073615,0.5104903493416373,FFA
10,er,unsmoothed,6,0.05215285350284429,0.060534621587619186,0.5592058187488356,FFA
10,er,unsmoothed,7,0.06918955725372936,0.07164046725628699,0.5194329563756284,FFA
10,er,unsmoothed,8,0.045530409403936566,0.06376419675894612,0.5602427299154447,FFA
10,er,unsmoothed,9,0.06688725737159877,0.07519614431363925,0.4910159459582244,FFA
10,er,unsmoothed,10,0.08959757649943183,0.08328864829063945,0.47825709975115516,FFA
10,er,sm_2_vox,1,0.27465308016681095,0.2476996171082354,0.5884563572922317,FFA
10,er,sm_2_vox,2,0.23992643482862516,0.22045368976381668,0.6396615779998492,FFA
10,er,sm_2_vox,3,0.29361940944221,0.2798905828252382,0.7056440174414437,FFA
10,er,sm_2_vox,4,0.24846472676862535,0.24605770325498397,0.6608030474930682,FFA
10,er,sm_2_vox,5,0.25019486375490624,0.24148261771907192,0.6849403569710054,FFA
10,er,sm_2_vox,6,0.25929325185807706,0.23401100897087673,0.6081948026258278,FFA
10,er,sm_2_vox,7,0.3353672454329303,0.29835575070376164,0.7319950557799234,FFA
10,er,sm_2_vox,8,0.2677388146644846,0.24468479969903367,0.6460570141439684,FFA
10,er,sm_2_vox,9,0.2869559297503091,0.26228293808899744,0.6990584166706468,FFA
10,er,sm_2_vox,10,0.2895307280488828,0.26737559344033907,0.7179495213737559,FFA
10,sus,unsmoothed,1,0.00898979365624629,0.022029885295616305,0.6203130490619537,FFA
10,sus,unsmoothed,2,0.01740914038393042,0.024690688482581005,0.5372739779967095,FFA
10,sus,unsmoothed,3,0.048407765167446125,0.05080142343695542,0.5783570448496085,FFA
10,sus,unsmoothed,4,0.02081173161904115,0.029900776333085997,0.46189086513629846,FFA
10,sus,unsmoothed,5,0.04991576780829693,0.05168602369515407,0.5375480386722693,FFA
10,sus,unsmoothed,6,0.021765431636911726,0.03875296504787777,0.6016667056911937,FFA
10,sus,unsmoothed,7,0.008535465504960822,0.035808614950791226,0.5022502336924277,FFA
10,sus,unsmoothed,8,0.011776063806594045,0.017398714128489402,0.4887160949397513,FFA
10,sus,unsmoothed,9,0.046720511593646624,0.038859258647526436,0.5567075449295384,FFA
10,sus,unsmoothed,10,0.056187252193712775,0.05735169216064946,0.5441278412267315,FFA
10,sus,sm_2_vox,1,0.2332007678677956,0.24380373968650035,0.7104509458776089,FFA
10,sus,sm_2_vox,2,0.22956570889253233,0.22325107193493118,0.7365013505706064,FFA
10,sus,sm_2_vox,3,0.298270147570697,0.2706194172691735,0.6842974861734841,FFA
10,sus,sm_2_vox,4,0.2047258431515665,0.21591731024680902,0.6476812021407619,FFA
10,sus,sm_2_vox,5,0.2639096664063904,0.24881511488117522,0.6504407718537579,FFA
10,sus,sm_2_vox,6,0.21048891228033292,0.23337004151139973,0.7736377604850366,FFA
10,sus,sm_2_vox,7,0.29791453602312995,0.2963905981477347,0.7961237665099605,FFA
10,sus,sm_2_vox,8,0.25916891728265884,0.2520142647867528,0.70229409453942,FFA
10,sus,sm_2_vox,9,0.2542368664412041,0.22298867452425536,0.6764045988654661,FFA
10,sus,sm_2_vox,10,0.22745603117592245,0.24153661243926858,0.7910713572614541,FFA
10,miniblock,unsmoothed,1,0.15423951661483715,0.15225827588953827,0.5527008573017087,FFA
10,miniblock,unsmoothed,2,0.1472144123335693,0.14689556563110043,0.6445830213624952,FFA
10,miniblock,unsmoothed,3,0.15510182589858085,0.16385012216567665,0.6650211464804571,FFA
10,miniblock,unsmoothed,4,0.14698568428629114,0.14907944794671066,0.5913179887925244,FFA
10,miniblock,unsmoothed,5,0.137218750376219,0.14192659554147027,0.6429457507547814,FFA
10,miniblock,unsmoothed,6,0.09602546676128848,0.0939926066602693,0.5053585492452705,FFA
10,miniblock,unsmoothed,7,0.07325692478616175,0.08172004272715837,0.5603220431858646,FFA
10,miniblock,unsmoothed,8,0.1312129782909453,0.14200048332508788,0.6028293399048046,FFA
10,miniblock,unsmoothed,9,0.16694792618342838,0.1717641711900401,0.6630882156691889,FFA
10,miniblock,unsmoothed,10,0.11693226464261942,0.13368050512212998,0.6524179819619842,FFA
10,miniblock,sm_2_vox,1,0.3588278871913636,0.3506327368861114,0.8351608341364896,FFA
10,miniblock,sm_2_vox,2,0.3537228369190033,0.3390365402257777,0.7797253595810085,FFA
10,miniblock,sm_2_vox,3,0.29616342008553176,0.3117420335125861,0.7751484175405507,FFA
10,miniblock,sm_2_vox,4,0.35326882222383205,0.3420276795975642,0.807179885607515,FFA
10,miniblock,sm_2_vox,5,0.33605637717565723,0.33246727394881914,0.7745789954230178,FFA
10,miniblock,sm_2_vox,6,0.32993102008568326,0.323493326394062,0.8074865143241602,FFA
10,miniblock,sm_2_vox,7,0.31973481388121083,0.3200287239627013,0.7746046895618423,FFA
10,miniblock,sm_2_vox,8,0.30721683900862373,0.32317748750650444,0.7304037801048229,FFA
10,miniblock,sm_2_vox,9,0.36701378968709014,0.35073876032139356,0.8497927912268513,FFA
10,miniblock,sm_2_vox,10,0.32340665052217676,0.3047098246961892,0.7352890856935976,FFA
10,er,unsmoothed,1,0.033260866550156545,0.029155982541912765,0.5918780681397665,PPA
10,er,unsmoothed,2,0.012716828131610684,0.014632915841596577,0.5314351457610904,PPA
10,er,unsmoothed,3,0.025340649893141536,0.02388128365686279,0.5094320078851027,PPA
10,er,unsmoothed,4,0.014510674051440218,0.004431482985079554,0.4534076337047838,PPA
10,er,unsmoothed,5,0.027801149410459997,0.026558460753807217,0.5843908773691351,PPA
10,er,unsmoothed,6,0.04239299445982872,0.036985803118265416,0.6761717443960035,PPA
10,er,unsmoothed,7,0.03000601103522854,0.024941281942042152,0.5574897951380493,PPA
10,er,unsmoothed,8,0.023904113338192094,0.01880870352704983,0.4866903600237979,PPA
10,er,unsmoothed,9,0.035403797426396204,0.0257377430507826,0.5407566924415987,PPA
10,er,unsmoothed,10,0.03843977036161088,0.030254498831759093,0.5744513307349945,PPA
10,er,sm_2_vox,1,0.07461222975660375,0.09132519013481723,0.6309350818624906,PPA
10,er,sm_2_vox,2,0.07565092788103157,0.07785978086693776,0.4894498077474222,PPA
10,er,sm_2_vox,3,0.0709481620524215,0.07119821327699645,0.5308599664067618,PPA
10,er,sm_2_vox,4,0.04044442454630276,0.04538439388536149,0.5906921098700948,PPA
10,er,sm_2_vox,5,0.06911242478404986,0.07136502497871709,0.6334767978187728,PPA
10,er,sm_2_vox,6,0.09296717134513297,0.09352239950575798,0.5800284590486438,PPA
10,er,sm_2_vox,7,0.07459562457460545,0.07166638566081283,0.5399425340426588,PPA
10,er,sm_2_vox,8,0.07821797916429182,0.07563703650852295,0.5161781204109848,PPA
10,er,sm_2_vox,9,0.09690636304885812,0.09544326223436421,0.5854762656797572,PPA
10,er,sm_2_vox,10,0.07869163014352373,0.08472498885874973,0.603736848920503,PPA
10,sus,unsmoothed,1,0.026771936429054746,0.03598924242473092,0.6418162983840954,PPA
10,sus,unsmoothed,2,0.040684370729555844,0.047733471311187055,0.5993643632777715,PPA
10,sus,unsmoothed,3,0.044408598092442186,0.04606876044690215,0.5978383592224801,PPA
10,sus,unsmoothed,4,0.030459801653775022,0.03129918198201686,0.6025352883400081,PPA
10,sus,unsmoothed,5,0.037105014525313874,0.04230047217661356,0.7183255513902633,PPA
10,sus,unsmoothed,6,0.039437533813287934,0.043174365237942415,0.6663733138788072,PPA
10,sus,unsmoothed,7,0.033995050586285686,0.04360673603588826,0.6163484296775937,PPA
10,sus,unsmoothed,8,0.01886043278865971,0.019435678922559967,0.5435639184970965,PPA
10,sus,unsmoothed,9,0.02008353411456957,0.028328286007912713,0.5757956146177226,PPA
10,sus,unsmoothed,10,0.045438729076264575,0.04844910157864852,0.6181161831582205,PPA
10,sus,sm_2_vox,1,0.19347379521799318,0.19694949585791618,0.7222202668098063,PPA
10,sus,sm_2_vox,2,0.16746119933369435,0.18731366705449723,0.774414981217884,PPA
10,sus,sm_2_vox,3,0.1982220367037411,0.2088835396596767,0.7899669257633104,PPA
10,sus,sm_2_vox,4,0.1554013039506026,0.1714877209908522,0.7463548105806491,PPA
10,sus,sm_2_vox,5,0.13631935908023213,0.1538520089604661,0.7806545572036161,PPA
10,sus,sm_2_vox,6,0.1865937551413712,0.19920786248001557,0.7805058359632754,PPA
10,sus,sm_2_vox,7,0.1653720315680473,0.1748734140356035,0.6998515145968749,PPA
10,sus,sm_2_vox,8,0.1588561989951773,0.17818316844272722,0.7110000046271503,PPA
10,sus,sm_2_vox,9,0.16172033542659364,0.1663255521862867,0.6760935817428813,PPA
10,sus,sm_2_vox,10,0.17116034212608952,0.18830371969831572,0.7568539079749466,PPA
10,miniblock,unsmoothed,1,0.07884849028489221,0.0840270244379525,0.6378899211932253,PPA
10,miniblock,unsmoothed,2,0.06698735895452149,0.07644509529841653,0.6745152672826547,PPA
10,miniblock,unsmoothed,3,0.07459312347433333,0.0776666740481991,0.6681953621489225,PPA
10,miniblock,unsmoothed,4,0.05967830883107955,0.0652686049163801,0.6036746066749705,PPA
10,miniblock,unsmoothed,5,0.06309688567737336,0.06995324208636719,0.6964032858465208,PPA
10,miniblock,unsmoothed,6,0.06280988228721651,0.0644815813706651,0.6904907729097152,PPA
10,miniblock,unsmoothed,7,0.044432165453641446,0.056144986748483706,0.7654412280750916,PPA
10,miniblock,unsmoothed,8,0.07756488617245211,0.07826446106137434,0.6248274599707535,PPA
10,miniblock,unsmoothed,9,0.0634040363311481,0.06923121553580483,0.7013766378570518,PPA
10,miniblock,unsmoothed,10,0.051215096037305334,0.050640249135158646,0.5537853085062504,PPA
10,miniblock,sm_2_vox,1,0.2228229799292185,0.23739634693405703,0.7521904263981449,PPA
10,miniblock,sm_2_vox,2,0.2108865427919156,0.21816166796859301,0.7478083626107956,PPA
10,miniblock,sm_2_vox,3,0.19941855240545492,0.20498586127269086,0.7356038068112072,PPA
10,miniblock,sm_2_vox,4,0.26083776097964656,0.2519737550498933,0.7613936124921384,PPA
10,miniblock,sm_2_vox,5,0.22806490068821256,0.24037265544114744,0.7631514209928636,PPA
10,miniblock,sm_2_vox,6,0.2569265801970626,0.2647630744231598,0.8153706081801253,PPA
10,miniblock,sm_2_vox,7,0.20346299628363942,0.21349543427141532,0.7802651531624603,PPA
10,miniblock,sm_2_vox,8,0.2211823465110325,0.22796241997962563,0.77427386006361,PPA
10,miniblock,sm_2_vox,9,0.24680906818102977,0.2437319954711976,0.7762722007917789,PPA
10,miniblock,sm_2_vox,10,0.2301219156661018,0.22953629921888574,0.7256943173535719,PPA
10,er,unsmoothed,1,0.04800679110723434,0.05163231735405579,0.6129249969288112,EBA
10,er,unsmoothed,2,0.03085814136496204,0.03623932262204758,0.47050423862241236,EBA
10,er,unsmoothed,3,0.05875281770716619,0.056562754298965935,0.48442493365402306,EBA
10,er,unsmoothed,4,0.04662913269475445,0.049297405475976226,0.5346624747478645,EBA
10,er,unsmoothed,5,0.07160706335661213,0.07122526265711944,0.5523294268866361,EBA
10,er,unsmoothed,6,0.05959976192687594,0.058310371423493844,0.5498162118370729,EBA
10,er,unsmoothed,7,0.07521033576774447,0.0684508852330836,0.5482485017101046,EBA
10,er,unsmoothed,8,0.04312859812510955,0.039539371983457965,0.49359009508944146,EBA
10,er,unsmoothed,9,0.03670429956441973,0.036437547978691684,0.5434075567136167,EBA
10,er,unsmoothed,10,0.06265674440661981,0.05832541467286339,0.6197100373151172,EBA
10,er,sm_2_vox,1,0.16915526729313227,0.1839344089663169,0.6949963816481562,EBA
10,er,sm_2_vox,2,0.1545958075000627,0.14742919769910784,0.5508820766055884,EBA
10,er,sm_2_vox,3,0.20268907593710633,0.18919551511132596,0.5887406706958757,EBA
10,er,sm_2_vox,4,0.1515621745758215,0.15339174380996473,0.6446128266317948,EBA
10,er,sm_2_vox,5,0.16721921184603122,0.1617095496255986,0.580369711825462,EBA
10,er,sm_2_vox,6,0.2124464879247836,0.21385618286180744,0.7555274655692932,EBA
10,er,sm_2_vox,7,0.17804720076676345,0.17508346473714675,0.5839222124820986,EBA
10,er,sm_2_vox,8,0.19485601615160858,0.19099683099894302,0.6527959675449042,EBA
10,er,sm_2_vox,9,0.20038427354702676,0.19173993688979102,0.5995357026559147,EBA
10,er,sm_2_vox,10,0.15959109804571048,0.15767237524650637,0.6719656195201854,EBA
10,sus,unsmoothed,1,-0.039685102235418254,-0.03502700051578118,0.3998107747461822,EBA
10,sus,unsmoothed,2,-0.002393495315378198,0.002634752184256146,0.5823284030839959,EBA
10,sus,unsmoothed,3,0.022780929856578883,0.02009925691136982,0.5294530758180684,EBA
10,sus,unsmoothed,4,0.01686223905070143,0.01078363463442928,0.541151911887983,EBA
10,sus,unsmoothed,5,0.004261824363871583,0.00345849097438879,0.5121419279353094,EBA
10,sus,unsmoothed,6,-0.0007591094780545603,0.007437673926934664,0.5153237859403176,EBA
10,sus,unsmoothed,7,-0.006038528446032823,-0.005740784501144473,0.5471635604564672,EBA
10,sus,unsmoothed,8,-0.012767635418865553,-0.007431080142620147,0.5115452499448596,EBA
10,sus,unsmoothed,9,0.0058566044539206975,0.010980350496677277,0.548261929111303,EBA
10,sus,unsmoothed,10,-0.008223221784478998,-0.005992575256925558,0.4904723325693113,EBA
10,sus,sm_2_vox,1,0.02937105014130642,0.040432836737156475,0.5317025395106039,EBA
10,sus,sm_2_vox,2,0.08952325017509125,0.09169798858146458,0.6159055178715929,EBA
10,sus,sm_2_vox,3,0.10517203811845273,0.11569090147373892,0.6607949741525516,EBA
10,sus,sm_2_vox,4,0.06602036440209014,0.08063541942617673,0.6273154685139855,EBA
10,sus,sm_2_vox,5,0.07656820689357167,0.07105702419015343,0.5580767388845733,EBA
10,sus,sm_2_vox,6,0.08470228059927103,0.08635462274483986,0.5996975308794169,EBA
10,sus,sm_2_vox,7,0.1319909500968598,0.13557551205209134,0.6766164969965314,EBA
10,sus,sm_2_vox,8,0.12109022058773561,0.12175651702863671,0.5841156737693829,EBA
10,sus,sm_2_vox,9,0.09981436333809449,0.10440040838132689,0.594701008841227,EBA
10,sus,sm_2_vox,10,0.08160462278066721,0.09105302380488484,0.6565145583471298,EBA
10,miniblock,unsmoothed,1,0.0902742260938142,0.09237056851895907,0.5214239922950707,EBA
10,miniblock,unsmoothed,2,0.09624807351973258,0.08514691602589518,0.5492031150742238,EBA
10,miniblock,unsmoothed,3,0.09127279793246158,0.08633511764592244,0.5343522005735517,EBA
10,miniblock,unsmoothed,4,0.06885054161253722,0.06362117516516184,0.5408101830351781,EBA
10,miniblock,unsmoothed,5,0.06834679249525143,0.056880507526350564,0.5483677202160491,EBA
10,miniblock,unsmoothed,6,0.01112612847031258,0.008396468426885741,0.5103104700171677,EBA
10,miniblock,unsmoothed,7,0.017107273272160384,0.01537573773185829,0.49074038304687306,EBA
10,miniblock,unsmoothed,8,0.0718562087801265,0.07318449459894054,0.5451549201772738,EBA
10,miniblock,unsmoothed,9,0.08673113972744247,0.08227472357786245,0.590614166758598,EBA
10,miniblock,unsmoothed,10,0.05116146586371588,0.055745430141333166,0.5467001570803326,EBA
10,miniblock,sm_2_vox,1,0.20464941927427915,0.2139309244613175,0.6867525331297413,EBA
10,miniblock,sm_2_vox,2,0.1570471586082294,0.1659101610094739,0.7749219132994618,EBA
10,miniblock,sm_2_vox,3,0.17135949220066293,0.17408599390504215,0.7079665228320815,EBA
10,miniblock,sm_2_vox,4,0.19495844596473824,0.19435402746147884,0.6624516027928158,EBA
10,miniblock,sm_2_vox,5,0.12718912963824527,0.13797397966922967,0.6611459479628146,EBA
10,miniblock,sm_2_vox,6,0.18280296552432423,0.17722063180866898,0.6855503429591805,EBA
10,miniblock,sm_2_vox,7,0.19813341053695915,0.20526703244325778,0.7683328069307516,EBA
10,miniblock,sm_2_vox,8,0.2357244067981223,0.22809208388118282,0.7372920259112978,EBA
10,miniblock,sm_2_vox,9,0.1802448264161071,0.18421722493008486,0.6734595911291792,EBA
10,miniblock,sm_2_vox,10,0.24635826433730446,0.24066940236657774,0.70562589350426,EBA
10,er,unsmoothed,1,0.03500012285137429,0.0335479581248392,0.6178090584870332,EVC
10,er,unsmoothed,2,0.028038757586065336,0.027101097950182125,0.6488164105123556,EVC
10,er,unsmoothed,3,0.02381693266982565,0.025113256540115658,0.7056009752496128,EVC
10,er,unsmoothed,4,0.036457605001617065,0.035495273345270306,0.7270118094571945,EVC
10,er,unsmoothed,5,0.044308043318369614,0.04226955579539182,0.6545587160517542,EVC
10,er,unsmoothed,6,0.06572758787426741,0.0673829293978117,0.7017566210445846,EVC
10,er,unsmoothed,7,0.057782296324225595,0.06076810326304602,0.6472004403203351,EVC
10,er,unsmoothed,8,0.02187701236876594,0.02772114156208161,0.6587054740238996,EVC
10,er,unsmoothed,9,0.02883365053094203,0.030433102124664154,0.6411977991202551,EVC
10,er,unsmoothed,10,0.041609784371036185,0.04146985511255039,0.6269116145810438,EVC
10,er,sm_2_vox,1,0.10856511277418372,0.10652685000146153,0.6059342786383323,EVC
10,er,sm_2_vox,2,0.04645292081802377,0.04885602725611965,0.6282401066783777,EVC
10,er,sm_2_vox,3,0.11595350776237132,0.12132929418187857,0.6739483881089559,EVC
10,er,sm_2_vox,4,0.1156030493439699,0.12316106539553481,0.7838189423918147,EVC
10,er,sm_2_vox,5,0.11459561352775455,0.11169123812275018,0.6662031931268648,EVC
10,er,sm_2_vox,6,0.16567034164885547,0.16724713368724517,0.7165667577593426,EVC
10,er,sm_2_vox,7,0.10808594672478167,0.11039757118854529,0.6568156640319943,EVC
10,er,sm_2_vox,8,0.10595392884791821,0.1116384520145555,0.6795218860036798,EVC
10,er,sm_2_vox,9,0.1198784849005646,0.12337151731992671,0.7271488161953272,EVC
10,er,sm_2_vox,10,0.07646844533135223,0.08325495993301149,0.6871456575863226,EVC
10,sus,unsmoothed,1,0.03711039293819261,0.06632363972663355,0.8515921281943372,EVC
10,sus,unsmoothed,2,0.06567856097899966,0.0956242267464837,0.817960896460403,EVC
10,sus,unsmoothed,3,0.05312221258314548,0.08536737473017877,0.8634946164024361,EVC
10,sus,unsmoothed,4,0.05757978566781977,0.09181129238508082,0.9125904096799496,EVC
10,sus,unsmoothed,5,0.0699663803745254,0.1019284890296159,0.8575686268132452,EVC
10,sus,unsmoothed,6,0.07224704666543992,0.10070957568209554,0.8706063661117565,EVC
10,sus,unsmoothed,7,0.053728080647129514,0.08596523821727814,0.8948541451897818,EVC
10,sus,unsmoothed,8,0.04967157756874378,0.08226388682224203,0.8511082103791323,EVC
10,sus,unsmoothed,9,0.05760849124605347,0.08800004568393686,0.8707362537790961,EVC
10,sus,unsmoothed,10,0.06934351508557152,0.10219771257642557,0.881408025583059,EVC
10,sus,sm_2_vox,1,0.15713649461159637,0.2066398289423113,0.8989953881114763,EVC
10,sus,sm_2_vox,2,0.19202458671791967,0.2484760281682305,0.9206697029367599,EVC
10,sus,sm_2_vox,3,0.16901411352683882,0.23797150091034372,0.9251794367356954,EVC
10,sus,sm_2_vox,4,0.15856019701336466,0.23714886531583157,0.9141610217011786,EVC
10,sus,sm_2_vox,5,0.1911411566350192,0.24670523228527486,0.9031085165337631,EVC
10,sus,sm_2_vox,6,0.19625533805704956,0.24146829690044616,0.924556525901382,EVC
10,sus,sm_2_vox,7,0.21880500283362453,0.2608844724690747,0.9183655154785556,EVC
10,sus,sm_2_vox,8,0.20247826835382968,0.2486353184491995,0.9062740998378174,EVC
10,sus,sm_2_vox,9,0.1432930603274702,0.20688952267424152,0.9072668061420532,EVC
10,sus,sm_2_vox,10,0.24920736972889015,0.28380287281748456,0.9069914868357719,EVC
10,miniblock,unsmoothed,1,0.09431696341178378,0.11729196781463204,0.8268432193394686,EVC
10,miniblock,unsmoothed,2,0.08966973872235323,0.11170771926600982,0.8270086291694005,EVC
10,miniblock,unsmoothed,3,0.08919075899538442,0.11332374543392501,0.818988678964838,EVC
10,miniblock,unsmoothed,4,0.06940742107317269,0.08941741195321191,0.8491693324413303,EVC
10,miniblock,unsmoothed,5,0.07881131103459506,0.10352054525501492,0.79718351530506,EVC
10,miniblock,unsmoothed,6,0.052799519157787037,0.07537841697934416,0.7735988259759583,EVC
10,miniblock,unsmoothed,7,0.06267124645834568,0.09194970946917283,0.8360743012791463,EVC
10,miniblock,unsmoothed,8,0.08685787747879142,0.10868572470384188,0.8012852533918261,EVC
10,miniblock,unsmoothed,9,0.06476183291120094,0.08068998333992904,0.7994241882406329,EVC
10,miniblock,unsmoothed,10,0.06004652523393228,0.07163913055722637,0.8026092914550433,EVC
10,miniblock,sm_2_vox,1,0.22475943758500755,0.2663309490268162,0.8738164095698706,EVC
10,miniblock,sm_2_vox,2,0.1828424755533308,0.2318957471280868,0.9111822917425605,EVC
10,miniblock,sm_2_vox,3,0.17029520145144494,0.2237216147678294,0.8901080785025135,EVC
10,miniblock,sm_2_vox,4,0.15793870450718706,0.20110907234849904,0.8636709658602986,EVC
10,miniblock,sm_2_vox,5,0.21255325030763253,0.25344846444587027,0.9009924287669737,EVC
10,miniblock,sm_2_vox,6,0.18310109228375265,0.22165587457736766,0.8384944852575269,EVC
10,miniblock,sm_2_vox,7,0.20013489093142717,0.240755662399154,0.884175847610442,EVC
10,miniblock,sm_2_vox,8,0.15645745445955292,0.1861188185107812,0.8815726185966799,EVC
10,miniblock,sm_2_vox,9,0.18749469432017385,0.2221302636319346,0.8906752893060961,EVC
10,miniblock,sm_2_vox,10,0.1477495664735292,0.19350363722140138,0.903239342817622,EVC
11,er,unsmoothed,1,0.03351756387003192,0.03823499213725943,0.7158129793584482,visually_responsive_voxels
11,er,unsmoothed,2,0.027875896049245605,0.03221846580250175,0.7246402929491262,visually_responsive_voxels
11,er,unsmoothed,3,0.024188220690356366,0.02655643420956152,0.7569637009676408,visually_responsive_voxels
11,er,unsmoothed,4,0.03523425613075345,0.04231873285178625,0.7966355655377639,visually_responsive_voxels
11,er,unsmoothed,5,0.024195064876512323,0.025580638348927435,0.7306546593327456,visually_responsive_voxels
11,er,unsmoothed,6,0.034393083968108806,0.03781244367990406,0.7283877864509412,visually_responsive_voxels
11,er,unsmoothed,7,0.014935821052438718,0.021387103660379506,0.7580259183944699,visually_responsive_voxels
11,er,unsmoothed,8,0.028832228433620127,0.03390509255278022,0.7412973995906134,visually_responsive_voxels
11,er,unsmoothed,9,0.029575524519619898,0.0326393805149101,0.7142598765199366,visually_responsive_voxels
11,er,unsmoothed,10,0.02285454014140372,0.025515510891537845,0.681924557601951,visually_responsive_voxels
11,er,sm_2_vox,1,0.07265682811640567,0.08452931492094874,0.762115415597679,visually_responsive_voxels
11,er,sm_2_vox,2,0.04383680280866546,0.056365076921150586,0.7243527066773265,visually_responsive_voxels
11,er,sm_2_vox,3,0.06948973252147145,0.07714110426160045,0.7679380101982549,visually_responsive_voxels
11,er,sm_2_vox,4,0.07589021968156733,0.0890404893893158,0.8747332006891231,visually_responsive_voxels
11,er,sm_2_vox,5,0.08335329859180113,0.08334990318207068,0.7210911663137114,visually_responsive_voxels
11,er,sm_2_vox,6,0.06031427775948575,0.07192877699100951,0.7272626247729652,visually_responsive_voxels
11,er,sm_2_vox,7,0.07126687190969117,0.08293510525807775,0.7758701510438324,visually_responsive_voxels
11,er,sm_2_vox,8,0.07014234970945427,0.07880550539063486,0.7563064284387102,visually_responsive_voxels
11,er,sm_2_vox,9,0.055675921852181405,0.06503689870125444,0.7331380850163556,visually_responsive_voxels
11,er,sm_2_vox,10,0.052321587675589955,0.05910809897565519,0.7393869322592503,visually_responsive_voxels
11,sus,unsmoothed,1,0.053425199149073455,0.06626977100933189,0.8400602552569072,visually_responsive_voxels
11,sus,unsmoothed,2,0.05339015641096728,0.06218353604148836,0.8273485955158348,visually_responsive_voxels
11,sus,unsmoothed,3,0.08975784339795632,0.0962176111909024,0.836601296373385,visually_responsive_voxels
11,sus,unsmoothed,4,0.04976725526499946,0.058775762447100616,0.8244032498636688,visually_responsive_voxels
11,sus,unsmoothed,5,0.0650025030836109,0.07339510562698225,0.8754053295038552,visually_responsive_voxels
11,sus,unsmoothed,6,0.033277001731599476,0.04528792974606506,0.814521785301537,visually_responsive_voxels
11,sus,unsmoothed,7,0.05493923133240685,0.06186651696845967,0.8216193983763735,visually_responsive_voxels
11,sus,unsmoothed,8,0.05682464065915479,0.06294966174482106,0.8057665132310678,visually_responsive_voxels
11,sus,unsmoothed,9,0.05833910372257106,0.06599462357619178,0.8715515958482734,visually_responsive_voxels
11,sus,unsmoothed,10,0.0478075000320666,0.06049840204714638,0.8052769614831293,visually_responsive_voxels
11,sus,sm_2_vox,1,0.10839387841358011,0.13708183253390036,0.8849150569107944,visually_responsive_voxels
11,sus,sm_2_vox,2,0.09964724809183874,0.12806583856211326,0.8776341228419551,visually_responsive_voxels
11,sus,sm_2_vox,3,0.07976838983249537,0.1135967924193824,0.8944440919157981,visually_responsive_voxels
11,sus,sm_2_vox,4,0.07489949610839755,0.11581820856522987,0.9098724825470077,visually_responsive_voxels
11,sus,sm_2_vox,5,0.081951611542082,0.11351290326167462,0.8679344454142612,visually_responsive_voxels
11,sus,sm_2_vox,6,0.050849529308273037,0.08755128551431543,0.907717410000273,visually_responsive_voxels
11,sus,sm_2_vox,7,0.0828073617037499,0.12109257125083865,0.9078882395737418,visually_responsive_voxels
11,sus,sm_2_vox,8,0.06187351614237377,0.08885491004438904,0.8903119711224543,visually_responsive_voxels
11,sus,sm_2_vox,9,0.08622665088192415,0.11750479878108833,0.8710460450594631,visually_responsive_voxels
11,sus,sm_2_vox,10,0.09010336020642803,0.12086146421772352,0.8690809568413,visually_responsive_voxels
11,miniblock,unsmoothed,1,0.03215428200802006,0.04914322372153298,0.8393543868001638,visually_responsive_voxels
11,miniblock,unsmoothed,2,0.03445924572755951,0.05233412164691388,0.8519781834103823,visually_responsive_voxels
11,miniblock,unsmoothed,3,0.019654365767608824,0.03776056504792186,0.8747240179205628,visually_responsive_voxels
11,miniblock,unsmoothed,4,0.03503935184535535,0.05497581051550261,0.8883918698572818,visually_responsive_voxels
11,miniblock,unsmoothed,5,0.049475350294659236,0.06794910283056545,0.8658101173241912,visually_responsive_voxels
11,miniblock,unsmoothed,6,0.025545183752048145,0.043799586548302336,0.8607886483424858,visually_responsive_voxels
11,miniblock,unsmoothed,7,0.026309820366876624,0.0448035478988341,0.9089231150768149,visually_responsive_voxels
11,miniblock,unsmoothed,8,0.0326112737207948,0.05301360463751266,0.8715907144520292,visually_responsive_voxels
11,miniblock,unsmoothed,9,0.04164531804437188,0.0580523601917786,0.9097963673610787,visually_responsive_voxels
11,miniblock,unsmoothed,10,0.02752373254018469,0.044647643039842665,0.8414073051992754,visually_responsive_voxels
11,miniblock,sm_2_vox,1,0.06675963201675345,0.1042506555874452,0.8771904411085159,visually_responsive_voxels
11,miniblock,sm_2_vox,2,0.06938873980274317,0.10912317547880807,0.888297811140305,visually_responsive_voxels
11,miniblock,sm_2_vox,3,0.04263260445375341,0.08501179644143732,0.8937917544131382,visually_responsive_voxels
11,miniblock,sm_2_vox,4,0.08169142666262055,0.12924922426543425,0.8620172066246053,visually_responsive_voxels
11,miniblock,sm_2_vox,5,0.0985631087537002,0.14013311689359523,0.8810949149102707,visually_responsive_voxels
11,miniblock,sm_2_vox,6,0.0764374740603575,0.11299260874986322,0.8899919084611371,visually_responsive_voxels
11,miniblock,sm_2_vox,7,0.06879211980367173,0.11210998147202382,0.9055218525831411,visually_responsive_voxels
11,miniblock,sm_2_vox,8,0.08036901762912607,0.11925437781837418,0.8844505480491273,visually_responsive_voxels
11,miniblock,sm_2_vox,9,0.09329062216860093,0.12840529629721484,0.9211329948947087,visually_responsive_voxels
11,miniblock,sm_2_vox,10,0.0545112753389176,0.08827907707903691,0.8311279687259641,visually_responsive_voxels
11,er,unsmoothed,1,0.09351563917164234,0.11059554635244571,0.6778706834409713,FFA
11,er,unsmoothed,2,0.07477654978525758,0.10136103482106149,0.6559223902859472,FFA
11,er,unsmoothed,3,0.08717200647493123,0.0998798239587001,0.5939976290009819,FFA
11,er,unsmoothed,4,0.06504408681092037,0.0919567195225771,0.7387975182398447,FFA
11,er,unsmoothed,5,0.07711344415839032,0.0944495279285135,0.6553125265499675,FFA
11,er,unsmoothed,6,0.10661774046092296,0.10964411122629279,0.5883381369909355,FFA
11,er,unsmoothed,7,0.08151026933595366,0.09873214545537444,0.7155839857022803,FFA
11,er,unsmoothed,8,0.08034997320052738,0.10656119261160535,0.7416688157251177,FFA
11,er,unsmoothed,9,0.09069763317672605,0.12178678366412832,0.6872355880069438,FFA
11,er,unsmoothed,10,0.08433550382178812,0.09166937793273842,0.681924557601951,FFA
11,er,sm_2_vox,1,0.31061219091725745,0.3136318797866342,0.762115415597679,FFA
11,er,sm_2_vox,2,0.2927100606050266,0.29671812611738113,0.7243527066773265,FFA
11,er,sm_2_vox,3,0.2727226066802,0.26998369222538093,0.6899639788455948,FFA
11,er,sm_2_vox,4,0.22323365342592671,0.23981269868492217,0.7750272493103255,FFA
11,er,sm_2_vox,5,0.3088221811191718,0.28659379928709583,0.7210911663137114,FFA
11,er,sm_2_vox,6,0.2890833537535836,0.2590824101819606,0.6954053642341403,FFA
11,er,sm_2_vox,7,0.3102185861492833,0.28861758067180443,0.6845310816998016,FFA
11,er,sm_2_vox,8,0.2743108038302059,0.28415199745435876,0.7504593368032981,FFA
11,er,sm_2_vox,9,0.31450514254967504,0.31845850512438023,0.7331380850163556,FFA
11,er,sm_2_vox,10,0.25189331393964814,0.2466232049608012,0.7311067124510374,FFA
11,sus,unsmoothed,1,0.1310045595186803,0.1590944400979289,0.8689146982502574,FFA
11,sus,unsmoothed,2,0.14973670301253275,0.17587157300700929,0.8071557308127861,FFA
11,sus,unsmoothed,3,0.16998041964335367,0.21170138685566678,0.8811048028704794,FFA
11,sus,unsmoothed,4,0.17777899681421722,0.18647278069819526,0.7516847268645559,FFA
11,sus,unsmoothed,5,0.1232323405459846,0.15240246629006932,0.8754053295038552,FFA
11,sus,unsmoothed,6,0.15561876010066536,0.18436548892483248,0.7754241002929574,FFA
11,sus,unsmoothed,7,0.16643708926758174,0.17631547549680246,0.8117296734137898,FFA
11,sus,unsmoothed,8,0.15313391126322196,0.16458501943416745,0.6975949204606997,FFA
11,sus,unsmoothed,9,0.15345052081988483,0.17568653821881527,0.805509894097528,FFA
11,sus,unsmoothed,10,0.14920199571662562,0.16996311877191683,0.8157485622720069,FFA
11,sus,sm_2_vox,1,0.5392389210437045,0.4978711568774277,0.871779024712724,FFA
11,sus,sm_2_vox,2,0.5249719966237525,0.47854476084254044,0.8571335150305897,FFA
11,sus,sm_2_vox,3,0.6067078087439765,0.547754415785067,0.8620637269687965,FFA
11,sus,sm_2_vox,4,0.5777432140103139,0.5041273697284245,0.8930763366303445,FFA
11,sus,sm_2_vox,5,0.5213894337120432,0.480441424373028,0.8679344454142612,FFA
11,sus,sm_2_vox,6,0.5640044436994563,0.5029748920152256,0.8629861440368948,FFA
11,sus,sm_2_vox,7,0.5369380877139975,0.48277318750407766,0.9078882395737418,FFA
11,sus,sm_2_vox,8,0.4996413504561319,0.46096624902208383,0.877803290726121,FFA
11,sus,sm_2_vox,9,0.4925161223926102,0.45425222399690257,0.8295963533563614,FFA
11,sus,sm_2_vox,10,0.5588563220070976,0.5104627851110002,0.861592460511143,FFA
11,miniblock,unsmoothed,1,0.16009593305296616,0.20046751296091317,0.8393543868001638,FFA
11,miniblock,unsmoothed,2,0.1567546889099375,0.20301671981595681,0.8325180941991405,FFA
11,miniblock,unsmoothed,3,0.13868759046543847,0.20191541224928003,0.800526618069539,FFA
11,miniblock,unsmoothed,4,0.1420521078167897,0.20939281733738827,0.8311534525736346,FFA
11,miniblock,unsmoothed,5,0.14484668129169398,0.20770880019634397,0.8658101173241912,FFA
11,miniblock,unsmoothed,6,0.16137265348066687,0.21247602389654555,0.8633889159659678,FFA
11,miniblock,unsmoothed,7,0.13109680502588283,0.19422375074791098,0.8413536419037513,FFA
11,miniblock,unsmoothed,8,0.16633161019412734,0.21249239946788626,0.836580648983815,FFA
11,miniblock,unsmoothed,9,0.16816716668356219,0.21739846270916474,0.9097963673610787,FFA
11,miniblock,unsmoothed,10,0.16256304046655795,0.1996013597785582,0.8414073051992754,FFA
11,miniblock,sm_2_vox,1,0.5183876150491477,0.4798416369382398,0.8497950056722959,FFA
11,miniblock,sm_2_vox,2,0.5541541060866847,0.5023302423494485,0.8484812621035187,FFA
11,miniblock,sm_2_vox,3,0.5727891418250254,0.5042780480132761,0.8586415253782724,FFA
11,miniblock,sm_2_vox,4,0.6082673398596927,0.5425665786922731,0.8739978427311166,FFA
11,miniblock,sm_2_vox,5,0.5900019459484671,0.5431942096045559,0.8810949149102707,FFA
11,miniblock,sm_2_vox,6,0.5864668880012057,0.5439652611744474,0.9049491569508983,FFA
11,miniblock,sm_2_vox,7,0.5619001924620016,0.49946469614015154,0.8120215768053056,FFA
11,miniblock,sm_2_vox,8,0.5853561614453382,0.5219394355256926,0.8844505480491273,FFA
11,miniblock,sm_2_vox,9,0.5914121506895184,0.5386290660813258,0.9211329948947087,FFA
11,miniblock,sm_2_vox,10,0.5528480219004186,0.4733242226278426,0.8373631198438809,FFA
11,er,unsmoothed,1,0.05422237532904439,0.04912494981287026,0.6239049192215709,PPA
11,er,unsmoothed,2,0.029913421284343197,0.023807601430529044,0.5428574711171904,PPA
11,er,unsmoothed,3,0.02269655618890995,0.02242087432383769,0.6391452758256105,PPA
11,er,unsmoothed,4,0.03286492292473792,0.03727751525571798,0.5990563724218527,PPA
11,er,unsmoothed,5,0.030157119684889072,0.02531891799426284,0.4951801254288275,PPA
11,er,unsmoothed,6,0.026698492055097812,0.018221567368385615,0.5069528101963313,PPA
11,er,unsmoothed,7,0.018098157850355262,0.017672800109289535,0.5509330335793365,PPA
11,er,unsmoothed,8,0.030756921608449686,0.03431168384130792,0.5068565172395723,PPA
11,er,unsmoothed,9,0.04886114996152932,0.03737175729627595,0.5340640242050589,PPA
11,er,unsmoothed,10,0.04041626758672687,0.0393344497562172,0.5408473084362152,PPA
11,er,sm_2_vox,1,0.17279377493878179,0.17446683554137446,0.6006125901035995,PPA
11,er,sm_2_vox,2,0.13908390624264771,0.1252638288325521,0.4569865820866781,PPA
11,er,sm_2_vox,3,0.11361088007407218,0.10888077560200615,0.4932944516273875,PPA
11,er,sm_2_vox,4,0.10522083790624778,0.0978519145295323,0.5455994957948747,PPA
11,er,sm_2_vox,5,0.09507163267246288,0.09844137675688845,0.6230443948939649,PPA
11,er,sm_2_vox,6,0.07455644549892977,0.06888933648111828,0.5964875491305703,PPA
11,er,sm_2_vox,7,0.07960365826199704,0.07747277991059069,0.5100813583251038,PPA
11,er,sm_2_vox,8,0.14354190219270596,0.1323521531163175,0.5247517955614371,PPA
11,er,sm_2_vox,9,0.1557524256346782,0.14410640438698297,0.5779320792779908,PPA
11,er,sm_2_vox,10,0.1412842532443462,0.13634628888154812,0.5717677251854355,PPA
11,sus,unsmoothed,1,0.020730408363503455,0.033941923851059735,0.6548697905113776,PPA
11,sus,unsmoothed,2,0.05571898167681789,0.06805614331693395,0.5445256220032061,PPA
11,sus,unsmoothed,3,0.06800183512089261,0.07927600915003868,0.6928498283281371,PPA
11,sus,unsmoothed,4,0.05551354198316569,0.06022376853434037,0.5911925214530367,PPA
11,sus,unsmoothed,5,0.042143806155535014,0.04273129837579376,0.6681545826452927,PPA
11,sus,unsmoothed,6,0.06653400790177287,0.07261056427015739,0.5770953469606235,PPA
11,sus,unsmoothed,7,0.04956843421271127,0.06045835441596323,0.7049962067123772,PPA
11,sus,unsmoothed,8,0.04699300861938471,0.05439562399287029,0.679484063712689,PPA
11,sus,unsmoothed,9,0.086536474524696,0.08958164549194356,0.6505194297622113,PPA
11,sus,unsmoothed,10,0.03615347695131356,0.046031761683096646,0.550648492170564,PPA
11,sus,sm_2_vox,1,0.10959342111684862,0.13576829365072698,0.7724551828128646,PPA
11,sus,sm_2_vox,2,0.16032788338158427,0.1683066930256367,0.7335378656026097,PPA
11,sus,sm_2_vox,3,0.12770296973740225,0.13776754418534037,0.7142737796239778,PPA
11,sus,sm_2_vox,4,0.15932466037097087,0.15784977390894853,0.6414932574085728,PPA
11,sus,sm_2_vox,5,0.1017220366951895,0.1198118364086909,0.6744199536225624,PPA
11,sus,sm_2_vox,6,0.1179555432520733,0.13110349474602373,0.6108545597388668,PPA
11,sus,sm_2_vox,7,0.19418740492766298,0.20605635268673433,0.7505831021583651,PPA
11,sus,sm_2_vox,8,0.14249109205353822,0.1558298077988598,0.702747524267197,PPA
11,sus,sm_2_vox,9,0.13649867783143804,0.1506934313809237,0.6845681119774225,PPA
11,sus,sm_2_vox,10,0.09443702302759927,0.11296500554636986,0.6347184602389719,PPA
11,miniblock,unsmoothed,1,0.07089324192276003,0.07501074018260824,0.6731516858656064,PPA
11,miniblock,unsmoothed,2,0.08727040778733292,0.09918350428460229,0.6524378497106036,PPA
11,miniblock,unsmoothed,3,0.05905863127175062,0.06152937982565537,0.6552598705718534,PPA
11,miniblock,unsmoothed,4,0.06365070107406758,0.07751449419936407,0.7005270398409107,PPA
11,miniblock,unsmoothed,5,0.08706548401711535,0.09682243073962686,0.7465641582903368,PPA
11,miniblock,unsmoothed,6,0.09007429106868958,0.09293646387573702,0.7264904952982822,PPA
11,miniblock,unsmoothed,7,0.05944516880629187,0.0697106920325631,0.6851535343529132,PPA
11,miniblock,unsmoothed,8,0.07380855600183926,0.07940396917519732,0.676935491999673,PPA
11,miniblock,unsmoothed,9,0.081308088174066,0.08626408459628512,0.6464895598708017,PPA
11,miniblock,unsmoothed,10,0.08039076632055052,0.09204890970201035,0.7281339271325376,PPA
11,miniblock,sm_2_vox,1,0.227109571143526,0.22280759099791292,0.6946276340311395,PPA
11,miniblock,sm_2_vox,2,0.2702570238906504,0.2677537116024344,0.6938871792594818,PPA
11,miniblock,sm_2_vox,3,0.16965542730676525,0.17793140173483812,0.685551479287254,PPA
11,miniblock,sm_2_vox,4,0.21015007659638735,0.22299610188452293,0.7187748646051342,PPA
11,miniblock,sm_2_vox,5,0.21391714554278626,0.22825346069538166,0.7542214523922262,PPA
11,miniblock,sm_2_vox,6,0.21438038903363876,0.21709314002364988,0.6940672713235645,PPA
11,miniblock,sm_2_vox,7,0.17050973869036443,0.19146473985639184,0.7223014672731978,PPA
11,miniblock,sm_2_vox,8,0.18024273167436533,0.20602995587686607,0.7183838856236777,PPA
11,miniblock,sm_2_vox,9,0.24741405435436442,0.24612056500373858,0.7704479086754128,PPA
11,miniblock,sm_2_vox,10,0.2593408369452786,0.2617667481445881,0.7464714027806618,PPA
11,er,unsmoothed,1,0.05249654386976805,0.057530912879347265,0.6552348966905746,EBA
11,er,unsmoothed,2,0.05079472174140681,0.055986903612815345,0.6156142316284852,EBA
11,er,unsmoothed,3,0.047809871655776125,0.052298404183744526,0.6892500239348336,EBA
11,er,unsmoothed,4,0.06457528074385216,0.06796833289128297,0.7217227400796445,EBA
11,er,unsmoothed,5,0.031342033190584186,0.03758694793490601,0.6667105946694767,EBA
11,er,unsmoothed,6,0.054166744185217774,0.06546066906994254,0.6357963770932202,EBA
11,er,unsmoothed,7,0.048088568922286155,0.051049379357195813,0.6406917777364463,EBA
11,er,unsmoothed,8,0.048274954092501626,0.050229735096486816,0.6130919738572467,EBA
11,er,unsmoothed,9,0.06464566587296622,0.06597516804304321,0.7366378081672978,EBA
11,er,unsmoothed,10,0.04241026134744537,0.041054430914473514,0.5634285197441136,EBA
11,er,sm_2_vox,1,0.1434041600286817,0.13573763402242492,0.6796829338428025,EBA
11,er,sm_2_vox,2,0.10382062955770269,0.11006211125644341,0.5850274962617081,EBA
11,er,sm_2_vox,3,0.1554113652540992,0.14329491126037577,0.6214796883307633,EBA
11,er,sm_2_vox,4,0.13399852318395028,0.12881178809109273,0.6291311992057259,EBA
11,er,sm_2_vox,5,0.10645522735176241,0.11068211516397786,0.6251394604929518,EBA
11,er,sm_2_vox,6,0.1478670623603563,0.15151651691832385,0.6384546557545008,EBA
11,er,sm_2_vox,7,0.14954133472401335,0.14905685095949053,0.7350039584416137,EBA
11,er,sm_2_vox,8,0.125357727703518,0.13324165117866515,0.6510851837834328,EBA
11,er,sm_2_vox,9,0.1280857558530581,0.13360770295283506,0.6583701228171338,EBA
11,er,sm_2_vox,10,0.12298262905520801,0.11087147883518436,0.6257355671028046,EBA
11,sus,unsmoothed,1,0.1193734290234176,0.12561899705605983,0.8055534313499579,EBA
11,sus,unsmoothed,2,0.1136629144767437,0.1309080295174641,0.7514548761555486,EBA
11,sus,unsmoothed,3,0.16838752740888405,0.17787246817628075,0.761047711578325,EBA
11,sus,unsmoothed,4,0.11235181441474024,0.12298757773604722,0.7715013062850178,EBA
11,sus,unsmoothed,5,0.13752173998898237,0.14186389958152146,0.7853442214534421,EBA
11,sus,unsmoothed,6,0.12762741104319125,0.1373738804582925,0.7435664325404381,EBA
11,sus,unsmoothed,7,0.11648923737039577,0.1274895103102206,0.6629372345630962,EBA
11,sus,unsmoothed,8,0.1295594389608886,0.12342559352706535,0.6969528806571331,EBA
11,sus,unsmoothed,9,0.13291186134919908,0.14334841646863053,0.758557778628717,EBA
11,sus,unsmoothed,10,0.10555397835905853,0.12043213378548663,0.7798472097787712,EBA
11,sus,sm_2_vox,1,0.2297215674313427,0.24964392182904088,0.8096628172675501,EBA
11,sus,sm_2_vox,2,0.21554376025202607,0.2396088600890354,0.8626565897762488,EBA
11,sus,sm_2_vox,3,0.2685664561548716,0.29669659336693754,0.880362186321417,EBA
11,sus,sm_2_vox,4,0.25466807932758095,0.27512819246471787,0.8628969392358995,EBA
11,sus,sm_2_vox,5,0.24859882063697597,0.27299613028484027,0.85317812168672,EBA
11,sus,sm_2_vox,6,0.232503905336342,0.2593150636746373,0.8527936667657813,EBA
11,sus,sm_2_vox,7,0.24867200038192383,0.25431835367749606,0.8431129304127454,EBA
11,sus,sm_2_vox,8,0.22131817918102747,0.24815033092754626,0.799199416220562,EBA
11,sus,sm_2_vox,9,0.2552879814055468,0.2729046416618715,0.8671116084882841,EBA
11,sus,sm_2_vox,10,0.2118676420326311,0.255304595510173,0.8664802800977119,EBA
11,miniblock,unsmoothed,1,0.07323341803298383,0.09067815106642077,0.8492951991334654,EBA
11,miniblock,unsmoothed,2,0.0835943519590343,0.10872003270644517,0.7847367046507466,EBA
11,miniblock,unsmoothed,3,0.06325410498403936,0.08440703796748764,0.8237011654501161,EBA
11,miniblock,unsmoothed,4,0.0945016109208267,0.11490612881433329,0.848729863806174,EBA
11,miniblock,unsmoothed,5,0.10130512677184553,0.11971023423953116,0.8471088481582834,EBA
11,miniblock,unsmoothed,6,0.0760793105156147,0.09583006149006854,0.886658841278991,EBA
11,miniblock,unsmoothed,7,0.07210781197128252,0.10013692500337369,0.7782850338294771,EBA
11,miniblock,unsmoothed,8,0.08647893185129904,0.10892322064513468,0.8632800448747391,EBA
11,miniblock,unsmoothed,9,0.0757888317522677,0.09834651704198553,0.8136716439530625,EBA
11,miniblock,unsmoothed,10,0.0875953404527474,0.10203821816313595,0.8330574750397006,EBA
11,miniblock,sm_2_vox,1,0.16459046999265947,0.18960261539866385,0.79750796767346,EBA
11,miniblock,sm_2_vox,2,0.20268771652889606,0.22363942984371596,0.810248157079779,EBA
11,miniblock,sm_2_vox,3,0.15293282193498317,0.18967176243323722,0.8156769995383917,EBA
11,miniblock,sm_2_vox,4,0.2691962333225509,0.28697328656113436,0.8838811068359571,EBA
11,miniblock,sm_2_vox,5,0.23856182794859168,0.2567957448180647,0.8402047813413613,EBA
11,miniblock,sm_2_vox,6,0.2040292408576258,0.2432413148598794,0.8461619361434586,EBA
11,miniblock,sm_2_vox,7,0.21184848025821112,0.23712647306300325,0.8015967052331787,EBA
11,miniblock,sm_2_vox,8,0.22469601355180516,0.2492709402921012,0.8327438825508717,EBA
11,miniblock,sm_2_vox,9,0.19830556330768587,0.23065237963804236,0.8356354169246623,EBA
11,miniblock,sm_2_vox,10,0.21461321492572927,0.22675549259186123,0.8311279687259641,EBA
11,er,unsmoothed,1,0.0689119767686831,0.0789168415395749,0.7158129793584482,EVC
11,er,unsmoothed,2,0.09514224628117993,0.09650205940584289,0.7929574100812856,EVC
11,er,unsmoothed,3,0.06741482495265441,0.07223110886446979,0.7569637009676408,EVC
11,er,unsmoothed,4,0.08087936237779766,0.09429497433962407,0.7966355655377639,EVC
11,er,unsmoothed,5,0.06151199247583704,0.06690067643088468,0.7306546593327456,EVC
11,er,unsmoothed,6,0.0728437882370794,0.07805432658386893,0.7382190494042131,EVC
11,er,unsmoothed,7,0.05826596595809863,0.06717125780116785,0.7758512851693069,EVC
11,er,unsmoothed,8,0.08968839400543097,0.09548412808274656,0.7812827700974003,EVC
11,er,unsmoothed,9,0.06397967085821973,0.07158172492556236,0.7142598765199366,EVC
11,er,unsmoothed,10,0.05599470739118256,0.06058474748324231,0.6762889611873939,EVC
11,er,sm_2_vox,1,0.15097745844837498,0.16667596798895162,0.796438893946998,EVC
11,er,sm_2_vox,2,0.17803099090677216,0.17739451803119455,0.7312596499638292,EVC
11,er,sm_2_vox,3,0.2012694847116573,0.19377718222931065,0.7679380101982549,EVC
11,er,sm_2_vox,4,0.1822523925765212,0.2121260275585746,0.8747332006891231,EVC
11,er,sm_2_vox,5,0.1515876917259498,0.15869065807754112,0.7091814043741982,EVC
11,er,sm_2_vox,6,0.15953984017906572,0.1703853167313334,0.7272626247729652,EVC
11,er,sm_2_vox,7,0.1741637675406107,0.18659164373842788,0.7758701510438324,EVC
11,er,sm_2_vox,8,0.21094704707627293,0.2060440163530817,0.7686575651900832,EVC
11,er,sm_2_vox,9,0.1424941561329568,0.15337814548261902,0.7412246732016589,EVC
11,er,sm_2_vox,10,0.11821784360945141,0.1361367497190795,0.8075687319172147,EVC
11,sus,unsmoothed,1,0.11378116705642974,0.13530481008141937,0.8706033936934687,EVC
11,sus,unsmoothed,2,0.11589525959292965,0.13222811745036095,0.8273485955158348,EVC
11,sus,unsmoothed,3,0.14627909104507206,0.16160278785106535,0.8243603604660255,EVC
11,sus,unsmoothed,4,0.10228609782781994,0.11943321774526172,0.8244032498636688,EVC
11,sus,unsmoothed,5,0.12553561469482644,0.14024846788050904,0.8093275664579216,EVC
11,sus,unsmoothed,6,0.08483195910787855,0.10912195656224154,0.814521785301537,EVC
11,sus,unsmoothed,7,0.10871317910348559,0.12433775959635217,0.7873392028195922,EVC
11,sus,unsmoothed,8,0.1014899168472608,0.1200208241146141,0.8057665132310678,EVC
11,sus,unsmoothed,9,0.0895918798463611,0.11161927881765624,0.8715515958482734,EVC
11,sus,unsmoothed,10,0.12429514684136772,0.1373865349166699,0.8276229511689321,EVC
11,sus,sm_2_vox,1,0.19251779481941683,0.23923143149222567,0.9005174468253498,EVC
11,sus,sm_2_vox,2,0.19208766527655752,0.2235722564328204,0.9126455879925851,EVC
11,sus,sm_2_vox,3,0.1754662560302412,0.20455688235588423,0.9051380940157663,EVC
11,sus,sm_2_vox,4,0.17338747737436785,0.22411470887772178,0.9098724825470077,EVC
11,sus,sm_2_vox,5,0.13520205902486376,0.18251022890995613,0.8951582478960944,EVC
11,sus,sm_2_vox,6,0.1315673944074737,0.1818678196986619,0.9124133243221307,EVC
11,sus,sm_2_vox,7,0.17170128126039103,0.21402459093186452,0.8996399000964358,EVC
11,sus,sm_2_vox,8,0.1174561964363561,0.16970765641949295,0.9230689652687674,EVC
11,sus,sm_2_vox,9,0.16295075808421217,0.19867066714995846,0.8825544616107013,EVC
11,sus,sm_2_vox,10,0.15431187473977198,0.19745995356761767,0.8826377651840838,EVC
11,miniblock,unsmoothed,1,0.08609984755812491,0.11769816595516616,0.8752030010973715,EVC
11,miniblock,unsmoothed,2,0.08576637422550991,0.1220399020099885,0.8788473288559402,EVC
11,miniblock,unsmoothed,3,0.07072105114958054,0.10487299860305967,0.8891354945057,EVC
11,miniblock,unsmoothed,4,0.09547288428146333,0.12733492836316646,0.8883918698572818,EVC
11,miniblock,unsmoothed,5,0.09947885896745934,0.1310335136322797,0.89634492437629,EVC
11,miniblock,unsmoothed,6,0.07445882967383528,0.10674963705545222,0.8785948118652211,EVC
11,miniblock,unsmoothed,7,0.08083021651401355,0.11625599905830318,0.9089231150768149,EVC
11,miniblock,unsmoothed,8,0.08684360123933677,0.12258770950337099,0.9170130851580529,EVC
11,miniblock,unsmoothed,9,0.08720638322518023,0.1198119017256574,0.8724964992521724,EVC
11,miniblock,unsmoothed,10,0.08086542564529445,0.11237835038169336,0.8591196176475477,EVC
11,miniblock,sm_2_vox,1,0.19167098808850025,0.20141214025321405,0.8771904411085159,EVC
11,miniblock,sm_2_vox,2,0.20538055228814495,0.23289777993713082,0.905143569702403,EVC
11,miniblock,sm_2_vox,3,0.15644900341836576,0.19785164398080082,0.9106857067680862,EVC
11,miniblock,sm_2_vox,4,0.2517724420913792,0.255559561920053,0.8755028227752895,EVC
11,miniblock,sm_2_vox,5,0.22128231335808435,0.23507823528667784,0.8969269976123583,EVC
11,miniblock,sm_2_vox,6,0.21179548357873362,0.21505135722397273,0.8413042783733203,EVC
11,miniblock,sm_2_vox,7,0.23259522727903637,0.24960073076026723,0.9068237291526025,EVC
11,miniblock,sm_2_vox,8,0.23856427548058856,0.25371749320789505,0.8927419449949514,EVC
11,miniblock,sm_2_vox,9,0.2080991645664425,0.2197634643277722,0.890058807876204,EVC
11,miniblock,sm_2_vox,10,0.16764364025030076,0.18117894252119066,0.8508171431381102,EVC
12,er,unsmoothed,1,0.01976588979660779,0.021683018644083858,0.7224665398715062,visually_responsive_voxels
12,er,unsmoothed,2,0.02584968230231509,0.02732169198788009,0.6125790386768126,visually_responsive_voxels
12,er,unsmoothed,3,0.015821974851029458,0.01846125899514439,0.7066060969673954,visually_responsive_voxels
12,er,unsmoothed,4,0.014240666609005068,0.014619131107088238,0.6393383616726507,visually_responsive_voxels
12,er,unsmoothed,5,0.014615435690813125,0.01586356805129077,0.6653203131899977,visually_responsive_voxels
12,er,unsmoothed,6,0.015149111066933743,0.016680874241778124,0.7092365059178105,visually_responsive_voxels
12,er,unsmoothed,7,0.005546165036105874,0.007248582606919726,0.6794913708386712,visually_responsive_voxels
12,er,unsmoothed,8,0.026202778620763922,0.025612374903285096,0.664240048185123,visually_responsive_voxels
12,er,unsmoothed,9,0.01600313150830837,0.016496197863351585,0.6604488262090514,visually_responsive_voxels
12,er,unsmoothed,10,0.015792429546498565,0.016574805126575706,0.6539316969147178,visually_responsive_voxels
12,er,sm_2_vox,1,0.055470393948614936,0.06545944097664157,0.8141370176984069,visually_responsive_voxels
12,er,sm_2_vox,2,0.04074891797615131,0.04976596913872005,0.7521016634775737,visually_responsive_voxels
12,er,sm_2_vox,3,0.03604206823889397,0.048749683361348696,0.8414176306988976,visually_responsive_voxels
12,er,sm_2_vox,4,0.013905595082601141,0.02146940494168842,0.7447351140446281,visually_responsive_voxels
12,er,sm_2_vox,5,0.027881764703681283,0.03641492793421341,0.7512334459923364,visually_responsive_voxels
12,er,sm_2_vox,6,0.0246414929070021,0.03249618630830846,0.7815456826769237,visually_responsive_voxels
12,er,sm_2_vox,7,0.029029108672519358,0.04014930141837288,0.7954499789532181,visually_responsive_voxels
12,er,sm_2_vox,8,0.0349453737166045,0.041355498986948465,0.7411122917087548,visually_responsive_voxels
12,er,sm_2_vox,9,0.06446911232062544,0.07056539062811865,0.7933685866770239,visually_responsive_voxels
12,er,sm_2_vox,10,0.046139362973164774,0.057476100811427615,0.8487726145515724,visually_responsive_voxels
12,sus,unsmoothed,1,0.04006819489343813,0.0596236213467188,0.8892177370866158,visually_responsive_voxels
12,sus,unsmoothed,2,0.04886316726057244,0.06284508333585272,0.8860399189391501,visually_responsive_voxels
12,sus,unsmoothed,3,0.049206591488808765,0.06697152077832709,0.8739637663274976,visually_responsive_voxels
12,sus,unsmoothed,4,0.047105749251483225,0.06753096255586634,0.8629256642693963,visually_responsive_voxels
12,sus,unsmoothed,5,0.0694931657670431,0.08829316777236856,0.8852537791219621,visually_responsive_voxels
12,sus,unsmoothed,6,0.023699665025969038,0.04042000345967881,0.8623499354155579,visually_responsive_voxels
12,sus,unsmoothed,7,0.046849977046460295,0.06441016791182239,0.862053320653621,visually_responsive_voxels
12,sus,unsmoothed,8,0.05058496083298561,0.06557686000708915,0.9069629509822852,visually_responsive_voxels
12,sus,unsmoothed,9,0.02761865580553282,0.04757520456159509,0.8721371844286043,visually_responsive_voxels
12,sus,unsmoothed,10,0.06379947154096274,0.08199351378937711,0.8708802954723867,visually_responsive_voxels
12,sus,sm_2_vox,1,0.07128415917643172,0.11835672507021337,0.8991870855894557,visually_responsive_voxels
12,sus,sm_2_vox,2,0.06605296002362036,0.10175748128419182,0.9153909501311728,visually_responsive_voxels
12,sus,sm_2_vox,3,0.08720925936108281,0.12755747054337818,0.904017698606681,visually_responsive_voxels
12,sus,sm_2_vox,4,0.07654668891704348,0.12464406062351734,0.8854740879059828,visually_responsive_voxels
12,sus,sm_2_vox,5,0.10967934155806758,0.14804773495305737,0.9410267634242558,visually_responsive_voxels
12,sus,sm_2_vox,6,0.04211855950733588,0.08898162920999077,0.86394121144122,visually_responsive_voxels
12,sus,sm_2_vox,7,0.0695467100969435,0.11545653340980329,0.8687015111387999,visually_responsive_voxels
12,sus,sm_2_vox,8,0.08280323268761014,0.1222352593220252,0.9223352383881867,visually_responsive_voxels
12,sus,sm_2_vox,9,0.06276643132061464,0.1115120430413575,0.884183935738656,visually_responsive_voxels
12,sus,sm_2_vox,10,0.1109887636990203,0.14727365217711916,0.914388023467142,visually_responsive_voxels
12,miniblock,unsmoothed,1,0.037059274101597844,0.05365753257735424,0.8879220270056807,visually_responsive_voxels
12,miniblock,unsmoothed,2,0.040759442426937645,0.05881932949328985,0.9077104280375634,visually_responsive_voxels
12,miniblock,unsmoothed,3,0.043543356239567774,0.06185972872106413,0.8853251120977229,visually_responsive_voxels
12,miniblock,unsmoothed,4,0.05157138164567504,0.06935030853826936,0.876864743652001,visually_responsive_voxels
12,miniblock,unsmoothed,5,0.031193043461729603,0.050732833927295815,0.8829502120576016,visually_responsive_voxels
12,miniblock,unsmoothed,6,0.04215633004818954,0.060608683463014255,0.9206612186965744,visually_responsive_voxels
12,miniblock,unsmoothed,7,0.042260528511219975,0.057504963223356596,0.9087487174008453,visually_responsive_voxels
12,miniblock,unsmoothed,8,0.03319035863188431,0.05407066612834971,0.8945362802053634,visually_responsive_voxels
12,miniblock,unsmoothed,9,0.04178674793866041,0.06171228337461252,0.8703632607106353,visually_responsive_voxels
12,miniblock,unsmoothed,10,0.03933259404224574,0.05927404224190571,0.8784913764681586,visually_responsive_voxels
12,miniblock,sm_2_vox,1,0.10431231658769942,0.14118641963034953,0.8975321562849417,visually_responsive_voxels
12,miniblock,sm_2_vox,2,0.08490585620242097,0.12035869445625957,0.8774367666504767,visually_responsive_voxels
12,miniblock,sm_2_vox,3,0.09197081493338827,0.12505406861476384,0.8938167859052436,visually_responsive_voxels
12,miniblock,sm_2_vox,4,0.0961914501740661,0.13615254135533592,0.9204602478785294,visually_responsive_voxels
12,miniblock,sm_2_vox,5,0.07322797555712701,0.11427673614331946,0.875251881621683,visually_responsive_voxels
12,miniblock,sm_2_vox,6,0.07978099555540093,0.12445143899649184,0.9041845171035229,visually_responsive_voxels
12,miniblock,sm_2_vox,7,0.09023950849331913,0.12350585222830608,0.9042048640138618,visually_responsive_voxels
12,miniblock,sm_2_vox,8,0.08523786436284228,0.12483621753250723,0.9248001403057691,visually_responsive_voxels
12,miniblock,sm_2_vox,9,0.1020138862717991,0.13876506542778377,0.8912569202017611,visually_responsive_voxels
12,miniblock,sm_2_vox,10,0.09217281738374604,0.1342764305430789,0.8842133161322654,visually_responsive_voxels
12,er,unsmoothed,1,0.12052160969927467,0.13315213166177658,0.7224665398715062,FFA
12,er,unsmoothed,2,0.120642813841363,0.12185253506733017,0.6125790386768126,FFA
12,er,unsmoothed,3,0.12676276412800874,0.13310336469744047,0.6670480008740971,FFA
12,er,unsmoothed,4,0.1188467850903587,0.12650274733150857,0.7026720185444636,FFA
12,er,unsmoothed,5,0.1092560985512766,0.11019018901376987,0.5847341028593973,FFA
12,er,unsmoothed,6,0.12544644680253902,0.13649050388715542,0.7092365059178105,FFA
12,er,unsmoothed,7,0.10209447168213884,0.1164938365555719,0.6540517946702208,FFA
12,er,unsmoothed,8,0.1059905225647217,0.10976680178899965,0.6461896082627174,FFA
12,er,unsmoothed,9,0.1250179485522676,0.1265511100758419,0.6604488262090514,FFA
12,er,unsmoothed,10,0.10735397803346894,0.11160464719649345,0.6539316969147178,FFA
12,er,sm_2_vox,1,0.33814102697768333,0.3200619359652897,0.7907045368094421,FFA
12,er,sm_2_vox,2,0.35052697738748223,0.32816221976948984,0.7521016634775737,FFA
12,er,sm_2_vox,3,0.33645307315312306,0.3430029381667253,0.8414176306988976,FFA
12,er,sm_2_vox,4,0.3316242651196496,0.3130601612895751,0.7883846104942704,FFA
12,er,sm_2_vox,5,0.26873832327472424,0.2690056492051361,0.6992795643281363,FFA
12,er,sm_2_vox,6,0.3275932029555716,0.314564094342609,0.760110178231991,FFA
12,er,sm_2_vox,7,0.3413457723649742,0.3379132972299128,0.7698726838430114,FFA
12,er,sm_2_vox,8,0.30409082454927217,0.2998090818228045,0.7411122917087548,FFA
12,er,sm_2_vox,9,0.3753916160698222,0.3720536498608006,0.7933685866770239,FFA
12,er,sm_2_vox,10,0.3578989063790534,0.35298809305935147,0.8487726145515724,FFA
12,sus,unsmoothed,1,0.22627010644671844,0.24682238949994562,0.8892177370866158,FFA
12,sus,unsmoothed,2,0.21967265687796322,0.24966673171740936,0.8860399189391501,FFA
12,sus,unsmoothed,3,0.21909571609755304,0.24893855644068263,0.8440335056124331,FFA
12,sus,unsmoothed,4,0.2251491090271687,0.2504059484345557,0.8474725078329918,FFA
12,sus,unsmoothed,5,0.23758410417737819,0.2739013940319955,0.8961683971538699,FFA
12,sus,unsmoothed,6,0.21628892718590287,0.22498653145993802,0.8139291994658601,FFA
12,sus,unsmoothed,7,0.2276687444719634,0.24709276130332086,0.862053320653621,FFA
12,sus,unsmoothed,8,0.22789688087555926,0.25033003082092786,0.9069629509822852,FFA
12,sus,unsmoothed,9,0.24823465668751124,0.2616741045010704,0.8469150118137799,FFA
12,sus,unsmoothed,10,0.2526151542934383,0.28186882477496417,0.8935581503373233,FFA
12,sus,sm_2_vox,1,0.581699440185753,0.5400566815436455,0.8991870855894557,FFA
12,sus,sm_2_vox,2,0.5858865831246329,0.5305041259147933,0.9007432277079035,FFA
12,sus,sm_2_vox,3,0.6027067272524597,0.5424565725637103,0.878696948437879,FFA
12,sus,sm_2_vox,4,0.5775856672797828,0.5075972592198069,0.8369453816320702,FFA
12,sus,sm_2_vox,5,0.6389554469267515,0.5733138092671675,0.9410267634242558,FFA
12,sus,sm_2_vox,6,0.5581842645804265,0.5142540011129777,0.8532524914752831,FFA
12,sus,sm_2_vox,7,0.5962823742728698,0.5459708339067544,0.8683412970544346,FFA
12,sus,sm_2_vox,8,0.6191390291739851,0.5676516986009099,0.9166370005256792,FFA
12,sus,sm_2_vox,9,0.6003326258815447,0.5437251622772699,0.8709101882897612,FFA
12,sus,sm_2_vox,10,0.6366667762136973,0.5848766017806725,0.8839525738459117,FFA
12,miniblock,unsmoothed,1,0.24101238377729772,0.26010013167235485,0.8587930098876749,FFA
12,miniblock,unsmoothed,2,0.24244564515975411,0.26730967518809284,0.876104333032828,FFA
12,miniblock,unsmoothed,3,0.2634965060745221,0.27168909696508275,0.857196982280318,FFA
12,miniblock,unsmoothed,4,0.25590811190416457,0.2745810066094754,0.8681277564260892,FFA
12,miniblock,unsmoothed,5,0.2516889948895736,0.270175386915042,0.8628342070454886,FFA
12,miniblock,unsmoothed,6,0.24227401097228626,0.25717907550956914,0.9206612186965744,FFA
12,miniblock,unsmoothed,7,0.24552072368344932,0.2577094925139237,0.850411287289611,FFA
12,miniblock,unsmoothed,8,0.26066960949958595,0.27729123416384976,0.8652050784363491,FFA
12,miniblock,unsmoothed,9,0.2535745386709598,0.27078156591912583,0.8521048091178671,FFA
12,miniblock,unsmoothed,10,0.25459685418510797,0.28366201755478576,0.8470500349734356,FFA
12,miniblock,sm_2_vox,1,0.5552643915458846,0.5099011210466573,0.8673082390014797,FFA
12,miniblock,sm_2_vox,2,0.5559392895072128,0.5140024438801664,0.865756076960034,FFA
12,miniblock,sm_2_vox,3,0.5639419117913738,0.5182880811074546,0.884433374680998,FFA
12,miniblock,sm_2_vox,4,0.5858624165550381,0.5432917864075316,0.8908189995417876,FFA
12,miniblock,sm_2_vox,5,0.5778648668268658,0.5277949498974639,0.8461255216814081,FFA
12,miniblock,sm_2_vox,6,0.5695915723436822,0.5117720916865656,0.9041845171035229,FFA
12,miniblock,sm_2_vox,7,0.5807465953775971,0.5378469272009614,0.9042048640138618,FFA
12,miniblock,sm_2_vox,8,0.5719233652476108,0.5360972943314725,0.8563767524811016,FFA
12,miniblock,sm_2_vox,9,0.5674455904482183,0.5287309876159386,0.8912569202017611,FFA
12,miniblock,sm_2_vox,10,0.6034332996591807,0.5596984299891707,0.8842133161322654,FFA
12,er,unsmoothed,1,0.047049769560909074,0.04625464172963511,0.56376540965699,PPA
12,er,unsmoothed,2,0.04831051412008874,0.046611857175788675,0.5302987135315782,PPA
12,er,unsmoothed,3,0.04862019820528532,0.054358541057251034,0.637451673069618,PPA
12,er,unsmoothed,4,0.05003905321561737,0.04988733224475683,0.5389140530495915,PPA
12,er,unsmoothed,5,0.0502643612388125,0.04996804058298344,0.5433472125866758,PPA
12,er,unsmoothed,6,0.05029270505937833,0.04682839557077125,0.5123511194249291,PPA
12,er,unsmoothed,7,0.025523122488331013,0.030979870061519595,0.4793138718199127,PPA
12,er,unsmoothed,8,0.05450361625404511,0.05288996907457995,0.4807929558042549,PPA
12,er,unsmoothed,9,0.039279973608776934,0.04195246872177585,0.5547647931684522,PPA
12,er,unsmoothed,10,0.061155944788342645,0.05747124005338363,0.5241816471742655,PPA
12,er,sm_2_vox,1,0.17098587603525636,0.1641128679216753,0.7296332758755444,PPA
12,er,sm_2_vox,2,0.1564511313959275,0.1513381541635354,0.6030147440680712,PPA
12,er,sm_2_vox,3,0.17301021964774932,0.17377322209502663,0.6666240922001887,PPA
12,er,sm_2_vox,4,0.16706437977251187,0.16754336223525781,0.6538205440037865,PPA
12,er,sm_2_vox,5,0.18980076688670167,0.18119111880448283,0.6084694178917566,PPA
12,er,sm_2_vox,6,0.13553802615806848,0.12795111424339656,0.6097474994442306,PPA
12,er,sm_2_vox,7,0.1343701019532948,0.1313521770618002,0.5483703216447212,PPA
12,er,sm_2_vox,8,0.1910724380545571,0.18555742119499963,0.6760699810846991,PPA
12,er,sm_2_vox,9,0.1738380457352284,0.15891390339255612,0.6184501595500773,PPA
12,er,sm_2_vox,10,0.17667867083776057,0.1736573382837639,0.6894872909286159,PPA
12,sus,unsmoothed,1,0.06234107506086306,0.06688631006206851,0.7000325396882882,PPA
12,sus,unsmoothed,2,0.06774079950414402,0.07721369182906582,0.6409636183609249,PPA
12,sus,unsmoothed,3,0.06901692926900822,0.07675591368808991,0.6356230143573349,PPA
12,sus,unsmoothed,4,0.0974999874933106,0.09478044218255699,0.6951716609814536,PPA
12,sus,unsmoothed,5,0.10213513219355363,0.09561114793629732,0.6601802363174034,PPA
12,sus,unsmoothed,6,0.07850722189779219,0.08167185207874585,0.6242449373484893,PPA
12,sus,unsmoothed,7,0.07762978982578755,0.08738194924309782,0.7034285690202304,PPA
12,sus,unsmoothed,8,0.07775162746401298,0.08349721649529764,0.700462035295305,PPA
12,sus,unsmoothed,9,0.077037202349228,0.0768641649363374,0.6638366821259194,PPA
12,sus,unsmoothed,10,0.11678020229924735,0.11874148026221999,0.665874038189739,PPA
12,sus,sm_2_vox,1,0.23103740141071571,0.2505617455751704,0.8549835876194338,PPA
12,sus,sm_2_vox,2,0.23450284460495474,0.2373214792271963,0.7553291582248465,PPA
12,sus,sm_2_vox,3,0.2611036633908401,0.24806215888682365,0.7592609721213923,PPA
12,sus,sm_2_vox,4,0.2532825634543021,0.25382581569056484,0.8081203221416081,PPA
12,sus,sm_2_vox,5,0.2738168859798238,0.2723200377993984,0.7975046422658574,PPA
12,sus,sm_2_vox,6,0.23690566590583617,0.24123345939218177,0.743283678471152,PPA
12,sus,sm_2_vox,7,0.25259416540459423,0.26364121152385006,0.8125133553652745,PPA
12,sus,sm_2_vox,8,0.2839959807975044,0.2880072463696242,0.8125091866667706,PPA
12,sus,sm_2_vox,9,0.2725546146860094,0.27452016569399934,0.7586462293035127,PPA
12,sus,sm_2_vox,10,0.29367328854139974,0.29688922969137194,0.7614883608294205,PPA
12,miniblock,unsmoothed,1,0.12439098224054043,0.1348743535681506,0.7729076923655755,PPA
12,miniblock,unsmoothed,2,0.11966088397195485,0.13317619627979224,0.7663136584456895,PPA
12,miniblock,unsmoothed,3,0.09616833180693815,0.11875242811129609,0.7746234983332076,PPA
12,miniblock,unsmoothed,4,0.12810133145744923,0.13972875847095356,0.7328717396788196,PPA
12,miniblock,unsmoothed,5,0.10701748115577085,0.1233062573006069,0.7752000840062201,PPA
12,miniblock,unsmoothed,6,0.11697192333344042,0.13407889346279195,0.7180427449572444,PPA
12,miniblock,unsmoothed,7,0.09642636159929663,0.11946766547286045,0.7361643677779941,PPA
12,miniblock,unsmoothed,8,0.10490917277464054,0.11831186358634198,0.7450009861439322,PPA
12,miniblock,unsmoothed,9,0.11954385655254213,0.1373848200020753,0.7501959942010368,PPA
12,miniblock,unsmoothed,10,0.09687129650594536,0.11378580868501857,0.699663508771915,PPA
12,miniblock,sm_2_vox,1,0.2998720427434064,0.3035218048699238,0.787276802632234,PPA
12,miniblock,sm_2_vox,2,0.26835791906001505,0.26619290127687584,0.8289951264479585,PPA
12,miniblock,sm_2_vox,3,0.27416214402305844,0.28618152878429204,0.754269768624743,PPA
12,miniblock,sm_2_vox,4,0.3414831884196447,0.31978924638360406,0.8192464914676263,PPA
12,miniblock,sm_2_vox,5,0.2853125626438948,0.2772326374594292,0.7746961203425695,PPA
12,miniblock,sm_2_vox,6,0.309707566285071,0.30353234391477685,0.8279089866065596,PPA
12,miniblock,sm_2_vox,7,0.279888215749628,0.2810693661127591,0.8071701046610908,PPA
12,miniblock,sm_2_vox,8,0.2692793738927035,0.2853326986681815,0.7810524934960188,PPA
12,miniblock,sm_2_vox,9,0.31048598806475947,0.30462037642310796,0.8034495287261032,PPA
12,miniblock,sm_2_vox,10,0.2757341217630068,0.2719305553807944,0.7510094383040162,PPA
12,er,unsmoothed,1,0.054765866519918605,0.05226707872947563,0.666075245580207,EBA
12,er,unsmoothed,2,0.05444813264747721,0.05507835796701987,0.5970161445428864,EBA
12,er,unsmoothed,3,0.04966690160049708,0.05580914921951744,0.7066060969673954,EBA
12,er,unsmoothed,4,0.036250818449143844,0.038489387261563,0.6363704322829212,EBA
12,er,unsmoothed,5,0.029327567760475112,0.032101570766633364,0.5926214059218406,EBA
12,er,unsmoothed,6,0.05401607332471273,0.05095242649918479,0.6546203201400607,EBA
12,er,unsmoothed,7,0.04383317501508144,0.04070840194624998,0.5761967381524171,EBA
12,er,unsmoothed,8,0.040424891016746164,0.04463941752804769,0.664240048185123,EBA
12,er,unsmoothed,9,0.044446391333561,0.044798690624643055,0.6457093815759383,EBA
12,er,unsmoothed,10,0.04472637250420561,0.04816843968815134,0.5879599853587711,EBA
12,er,sm_2_vox,1,0.11551462493267355,0.13153956533569353,0.7447776208761401,EBA
12,er,sm_2_vox,2,0.13261644871200362,0.13651380887968137,0.6651503159003037,EBA
12,er,sm_2_vox,3,0.14076432793951116,0.16029880468440338,0.8065351001837893,EBA
12,er,sm_2_vox,4,0.0763316826148646,0.09590939164842241,0.6606619866111014,EBA
12,er,sm_2_vox,5,0.08390195281558671,0.09881288726162082,0.6476924444055628,EBA
12,er,sm_2_vox,6,0.1296628531095103,0.1307479597765603,0.6756033157807464,EBA
12,er,sm_2_vox,7,0.13907379089972127,0.14871260392790395,0.6673865325105258,EBA
12,er,sm_2_vox,8,0.0996089588080824,0.11441835141071215,0.7377177829568639,EBA
12,er,sm_2_vox,9,0.15034941115132938,0.16559762124348412,0.7061932553533974,EBA
12,er,sm_2_vox,10,0.12183951314699468,0.14846571021597638,0.7328511273236508,EBA
12,sus,unsmoothed,1,0.09871507271340893,0.1297539977106049,0.8592371878480558,EBA
12,sus,unsmoothed,2,0.11604021992898828,0.1468895331180188,0.840503157976463,EBA
12,sus,unsmoothed,3,0.11207401602885528,0.13995181144108312,0.8492930101316052,EBA
12,sus,unsmoothed,4,0.10154188544190595,0.12811220986272048,0.8261959121288072,EBA
12,sus,unsmoothed,5,0.13375297454543855,0.16405265698865604,0.8852537791219621,EBA
12,sus,unsmoothed,6,0.08431904752836647,0.11007594143321804,0.7860962154977731,EBA
12,sus,unsmoothed,7,0.10105979331062732,0.12982381495343925,0.9006719129536632,EBA
12,sus,unsmoothed,8,0.09969323532194795,0.13034597967655376,0.9005958146644149,EBA
12,sus,unsmoothed,9,0.10202750676509678,0.12830248097602406,0.8463925791599949,EBA
12,sus,unsmoothed,10,0.12352072762376566,0.15516771209812844,0.8708802954723867,EBA
12,sus,sm_2_vox,1,0.24340428677655154,0.2849809961362212,0.8891870712226357,EBA
12,sus,sm_2_vox,2,0.27383630816561305,0.3046805970470419,0.9170209400674392,EBA
12,sus,sm_2_vox,3,0.26613273822272143,0.2874901203306482,0.8606501941824187,EBA
12,sus,sm_2_vox,4,0.1986853832821614,0.23435235947104402,0.8622184029594837,EBA
12,sus,sm_2_vox,5,0.30168263452630306,0.3300091626275694,0.9130530737651014,EBA
12,sus,sm_2_vox,6,0.18960642003488545,0.21957727934764976,0.831481593742116,EBA
12,sus,sm_2_vox,7,0.26285064320447693,0.28663235576302587,0.8668836000004849,EBA
12,sus,sm_2_vox,8,0.24387517529803654,0.2759998313616832,0.9223352383881867,EBA
12,sus,sm_2_vox,9,0.23172713311125964,0.2701366549463361,0.851700115762315,EBA
12,sus,sm_2_vox,10,0.29272474637549634,0.3160038663454767,0.914388023467142,EBA
12,miniblock,unsmoothed,1,0.11671690650045737,0.14084303516571905,0.8781996116957631,EBA
12,miniblock,unsmoothed,2,0.11668295566023458,0.1383947750397086,0.8504223538732978,EBA
12,miniblock,unsmoothed,3,0.12494961024938545,0.15469290860095847,0.8797464457840309,EBA
12,miniblock,unsmoothed,4,0.13851490505550368,0.16171265955381844,0.8589761931887047,EBA
12,miniblock,unsmoothed,5,0.11094082533505159,0.13064715652546688,0.8379947989588872,EBA
12,miniblock,unsmoothed,6,0.1148849906098868,0.13639887829564776,0.8146080007011274,EBA
12,miniblock,unsmoothed,7,0.10789837758753437,0.13480239174511383,0.8562750839460245,EBA
12,miniblock,unsmoothed,8,0.10431282671789839,0.12708082094394385,0.8066706952411837,EBA
12,miniblock,unsmoothed,9,0.12000938785689949,0.14340584800656273,0.8321649174092229,EBA
12,miniblock,unsmoothed,10,0.11864695400199224,0.14051686761171903,0.8229159414470919,EBA
12,miniblock,sm_2_vox,1,0.2920483843214443,0.32049118662812126,0.8921376108081938,EBA
12,miniblock,sm_2_vox,2,0.27970811893523034,0.30229266822008577,0.8471099828703665,EBA
12,miniblock,sm_2_vox,3,0.2957451939603747,0.32035105009788317,0.8818316719421411,EBA
12,miniblock,sm_2_vox,4,0.3251318113883309,0.3378344805167385,0.9204602478785294,EBA
12,miniblock,sm_2_vox,5,0.278708332444467,0.2946345105130028,0.8610455477805204,EBA
12,miniblock,sm_2_vox,6,0.29516008148888045,0.30459091923938864,0.8688717253715246,EBA
12,miniblock,sm_2_vox,7,0.28231385976085543,0.31553940347627596,0.8847052047435515,EBA
12,miniblock,sm_2_vox,8,0.23847176901963635,0.26351574654461263,0.7952899545394138,EBA
12,miniblock,sm_2_vox,9,0.29479668042137896,0.3184580956910854,0.8758542321955824,EBA
12,miniblock,sm_2_vox,10,0.3111652982327005,0.3283295904453864,0.8687005102732399,EBA
12,er,unsmoothed,1,0.02959734161649148,0.029116648586944467,0.7016618326734597,EVC
12,er,unsmoothed,2,0.027305548619181524,0.02939982233123691,0.597506256295347,EVC
12,er,unsmoothed,3,0.030776368021910964,0.033562095222851335,0.6500105664733329,EVC
12,er,unsmoothed,4,0.027822153905928543,0.027620359609038116,0.593718104126616,EVC
12,er,unsmoothed,5,0.04375824002339439,0.04440219361872882,0.6653203131899977,EVC
12,er,unsmoothed,6,0.011537384458732494,0.016491372675876786,0.5976425499863502,EVC
12,er,unsmoothed,7,0.0095857723543733,0.014829083974740361,0.6794913708386712,EVC
12,er,unsmoothed,8,0.03365226067442892,0.036010025591201145,0.5941264007338569,EVC
12,er,unsmoothed,9,0.02318387343668793,0.02445121377314926,0.6308411214895955,EVC
12,er,unsmoothed,10,0.02549212090002783,0.027629052835895743,0.608004510594871,EVC
12,er,sm_2_vox,1,0.09270158070775208,0.1084545740548783,0.8141370176984069,EVC
12,er,sm_2_vox,2,0.06000564512949426,0.07670781177297811,0.7484301443110897,EVC
12,er,sm_2_vox,3,0.09359482394732033,0.10668893327504095,0.786261189097883,EVC
12,er,sm_2_vox,4,0.04672489532413059,0.05229657427759357,0.6992780404238498,EVC
12,er,sm_2_vox,5,0.09281794997620012,0.1019592893772007,0.7512334459923364,EVC
12,er,sm_2_vox,6,0.033610906783269105,0.05084310788496793,0.7815456826769237,EVC
12,er,sm_2_vox,7,0.06736285688362079,0.08226646800913613,0.7954499789532181,EVC
12,er,sm_2_vox,8,0.08438135509296596,0.08814604346014981,0.8189796238269429,EVC
12,er,sm_2_vox,9,0.09254304837849675,0.10444543505780127,0.7563241567671024,EVC
12,er,sm_2_vox,10,0.08615019333214782,0.10211713084356668,0.7452465981434653,EVC
12,sus,unsmoothed,1,0.10900207331918065,0.13803040230287297,0.8370918002584526,EVC
12,sus,unsmoothed,2,0.10972735587367763,0.12878337814782168,0.8392538794793863,EVC
12,sus,unsmoothed,3,0.12678464494526775,0.15193723583160082,0.8739637663274976,EVC
12,sus,unsmoothed,4,0.13013251906514495,0.16219958984316,0.8629256642693963,EVC
12,sus,unsmoothed,5,0.14129401962767943,0.16261507691266516,0.8553530484176988,EVC
12,sus,unsmoothed,6,0.09986945825836507,0.1314195266634773,0.8623499354155579,EVC
12,sus,unsmoothed,7,0.12184326910149229,0.14910294175380864,0.8526561771049141,EVC
12,sus,unsmoothed,8,0.11989324624849586,0.1414429870341289,0.8373409464101487,EVC
12,sus,unsmoothed,9,0.10143167202545444,0.12781741548000636,0.8721371844286043,EVC
12,sus,unsmoothed,10,0.12069722794677444,0.15078149034280364,0.8529550478493334,EVC
12,sus,sm_2_vox,1,0.2361877089908607,0.2756421608870381,0.8798717541674486,EVC
12,sus,sm_2_vox,2,0.1700905812869427,0.19350973838348864,0.8664554783611533,EVC
12,sus,sm_2_vox,3,0.2418676370474018,0.27846554423129377,0.904017698606681,EVC
12,sus,sm_2_vox,4,0.2555074214295261,0.29647114347602765,0.9218004243224939,EVC
12,sus,sm_2_vox,5,0.2492040279352019,0.2650844860440598,0.8832950312754391,EVC
12,sus,sm_2_vox,6,0.22060370165391627,0.26124461424887957,0.8653676194867005,EVC
12,sus,sm_2_vox,7,0.24009868419621785,0.27317389950969295,0.8796110153684193,EVC
12,sus,sm_2_vox,8,0.2378088693576474,0.2592803991503456,0.8467380698021185,EVC
12,sus,sm_2_vox,9,0.23114662046271284,0.25432104671936717,0.884183935738656,EVC
12,sus,sm_2_vox,10,0.1964262127868649,0.24311581671828833,0.8865308399562435,EVC
12,miniblock,unsmoothed,1,0.09718845939746967,0.1280573453776926,0.8879220270056807,EVC
12,miniblock,unsmoothed,2,0.10323768517951588,0.13327903479436273,0.9077104280375634,EVC
12,miniblock,unsmoothed,3,0.11374276641229848,0.1458084252370161,0.8994522878857516,EVC
12,miniblock,unsmoothed,4,0.1077352210359474,0.140898848346095,0.876864743652001,EVC
12,miniblock,unsmoothed,5,0.0903718640115062,0.12178783757656983,0.8867096867575566,EVC
12,miniblock,unsmoothed,6,0.09572191312072709,0.13130432119296326,0.89138426825078,EVC
12,miniblock,unsmoothed,7,0.10157758786008156,0.1315962776973967,0.9087487174008453,EVC
12,miniblock,unsmoothed,8,0.1067154456398705,0.14294988523105745,0.8989360869529964,EVC
12,miniblock,unsmoothed,9,0.10511630232715061,0.13785281229384613,0.8880577253458317,EVC
12,miniblock,unsmoothed,10,0.0988702003334349,0.13193061030989373,0.8784913764681586,EVC
12,miniblock,sm_2_vox,1,0.27283725174471446,0.2976322295090832,0.9030157508397585,EVC
12,miniblock,sm_2_vox,2,0.23548032392228918,0.2651110583541928,0.8774367666504767,EVC
12,miniblock,sm_2_vox,3,0.2749063776683893,0.30364711102154557,0.8938167859052436,EVC
12,miniblock,sm_2_vox,4,0.24800808450528244,0.27185660639418535,0.8771617957806292,EVC
12,miniblock,sm_2_vox,5,0.23231546762769473,0.2632248422323091,0.8911999192434038,EVC
12,miniblock,sm_2_vox,6,0.22421743462833976,0.2627337843137517,0.9047940861227945,EVC
12,miniblock,sm_2_vox,7,0.23096036880062404,0.26193341970658823,0.8936262814327505,EVC
12,miniblock,sm_2_vox,8,0.25088285990291714,0.27353103828351893,0.9248001403057691,EVC
12,miniblock,sm_2_vox,9,0.2666400808260034,0.2940699787536898,0.8860464509673088,EVC
12,miniblock,sm_2_vox,10,0.23658367726080348,0.2658051585321617,0.8428838215294806,EVC
13,er,unsmoothed,1,0.01900331973882278,0.021184277808547154,0.6693364176588221,visually_responsive_voxels
13,er,unsmoothed,2,0.00534794762033273,0.007196455309651746,0.6570169581245497,visually_responsive_voxels
13,er,unsmoothed,3,0.007550405255164844,0.008590761203963083,0.6302233389290073,visually_responsive_voxels
13,er,unsmoothed,4,0.006236680586291313,0.0068675604307808355,0.6138887505971107,visually_responsive_voxels
13,er,unsmoothed,5,0.004690569402559325,0.00471911808224382,0.604820501997151,visually_responsive_voxels
13,er,unsmoothed,6,-0.0032532497605534585,-0.0021927625615883084,0.619783639193719,visually_responsive_voxels
13,er,unsmoothed,7,0.020326023732193697,0.018858173377615736,0.6138913821434946,visually_responsive_voxels
13,er,unsmoothed,8,0.015411846202621114,0.015398756054578296,0.5852119781600971,visually_responsive_voxels
13,er,unsmoothed,9,-0.0025320595912062174,-0.0017726066056028091,0.5730883082301224,visually_responsive_voxels
13,er,unsmoothed,10,-7.496843257925791e-05,0.001456636524713675,0.6797610056582338,visually_responsive_voxels
13,er,sm_2_vox,1,0.03373159038339161,0.037820754401794804,0.6496725298784214,visually_responsive_voxels
13,er,sm_2_vox,2,0.009179892930332348,0.014765920881910661,0.6732850525215979,visually_responsive_voxels
13,er,sm_2_vox,3,0.02697151236984352,0.02788567703308541,0.6595004206617854,visually_responsive_voxels
13,er,sm_2_vox,4,0.031315736372665985,0.03331488736271524,0.6888661977123594,visually_responsive_voxels
13,er,sm_2_vox,5,0.023997848474661288,0.028378456744091198,0.7819997397329648,visually_responsive_voxels
13,er,sm_2_vox,6,0.00498721541196879,0.009146300680197395,0.7036163539329416,visually_responsive_voxels
13,er,sm_2_vox,7,0.05078381411651654,0.051860991547739474,0.7524596399566599,visually_responsive_voxels
13,er,sm_2_vox,8,0.04609182927500017,0.04870881895893832,0.6826610284923244,visually_responsive_voxels
13,er,sm_2_vox,9,0.01631468265272166,0.019686978587447435,0.6523908619937508,visually_responsive_voxels
13,er,sm_2_vox,10,0.01725566943805822,0.020053436666291852,0.7114052716470264,visually_responsive_voxels
13,sus,unsmoothed,1,-0.03484123599257379,-0.035687689344071336,0.5493351937544098,visually_responsive_voxels
13,sus,unsmoothed,2,-0.016338000619485323,-0.011552441047490558,0.6942185961909539,visually_responsive_voxels
13,sus,unsmoothed,3,-0.021540073244541928,-0.018074696663454824,0.6340662383369473,visually_responsive_voxels
13,sus,unsmoothed,4,-0.0029924535388809875,-0.0010565842615858825,0.5987661200322187,visually_responsive_voxels
13,sus,unsmoothed,5,-0.03280378021014223,-0.0325898624684693,0.6385135688434442,visually_responsive_voxels
13,sus,unsmoothed,6,-0.02808672311579645,-0.026240849892677366,0.5521242769307823,visually_responsive_voxels
13,sus,unsmoothed,7,0.002888013619653379,0.0055843255785225365,0.5981065928171996,visually_responsive_voxels
13,sus,unsmoothed,8,-0.03461056852448769,-0.02982403070885085,0.5368871559593043,visually_responsive_voxels
13,sus,unsmoothed,9,-0.012870495372524772,-0.012839953859549402,0.6055737515425612,visually_responsive_voxels
13,sus,unsmoothed,10,-0.012756471749173869,-0.013081423640825223,0.6717508943417672,visually_responsive_voxels
13,sus,sm_2_vox,1,0.01141173596334976,0.017461901702832433,0.725580834156865,visually_responsive_voxels
13,sus,sm_2_vox,2,0.028234506842024623,0.03263839058248021,0.8054996461374926,visually_responsive_voxels
13,sus,sm_2_vox,3,0.015612656548691338,0.021588752775780894,0.7327722243048668,visually_responsive_voxels
13,sus,sm_2_vox,4,0.028630153849169476,0.038928519397999996,0.7528449097616752,visually_responsive_voxels
13,sus,sm_2_vox,5,-0.012080810626607322,-0.007699918560901747,0.7237005649320483,visually_responsive_voxels
13,sus,sm_2_vox,6,0.012816960060999843,0.018926091410906985,0.6683696459493884,visually_responsive_voxels
13,sus,sm_2_vox,7,0.05443950691208364,0.0578545288930996,0.7825968287518222,visually_responsive_voxels
13,sus,sm_2_vox,8,-0.004488118560942646,0.0007890054436618031,0.6332571520198764,visually_responsive_voxels
13,sus,sm_2_vox,9,0.04010276160433708,0.04072372138262145,0.7477980843092312,visually_responsive_voxels
13,sus,sm_2_vox,10,0.017498483977285685,0.02091110066344319,0.7484303087056181,visually_responsive_voxels
13,miniblock,unsmoothed,1,0.00949481672486102,0.014324506158734809,0.6706870972971817,visually_responsive_voxels
13,miniblock,unsmoothed,2,0.01330871534753288,0.015950647900176078,0.6757336772500341,visually_responsive_voxels
13,miniblock,unsmoothed,3,-0.005389846147576163,0.0013273291515983005,0.7797541146502904,visually_responsive_voxels
13,miniblock,unsmoothed,4,0.02865041895990077,0.03209329361552778,0.6566644224523879,visually_responsive_voxels
13,miniblock,unsmoothed,5,0.007821838261476144,0.01259768874301443,0.6870423677352536,visually_responsive_voxels
13,miniblock,unsmoothed,6,0.023484499471899296,0.026256493885442215,0.7387605902268288,visually_responsive_voxels
13,miniblock,unsmoothed,7,0.026003955650107928,0.029940479797754636,0.7260281378268703,visually_responsive_voxels
13,miniblock,unsmoothed,8,0.002357530961794063,0.006752784980932568,0.7049709521121919,visually_responsive_voxels
13,miniblock,unsmoothed,9,0.02872752831292231,0.03199290324477566,0.7228756004086524,visually_responsive_voxels
13,miniblock,unsmoothed,10,0.012133198708032044,0.017147038056945497,0.670849504019019,visually_responsive_voxels
13,miniblock,sm_2_vox,1,0.06888764979190411,0.08293473063798788,0.755346649455527,visually_responsive_voxels
13,miniblock,sm_2_vox,2,0.0845889617858707,0.09606420146690603,0.7684776611888126,visually_responsive_voxels
13,miniblock,sm_2_vox,3,0.03456651351310743,0.053816285436695956,0.7499067929600769,visually_responsive_voxels
13,miniblock,sm_2_vox,4,0.06392492141991196,0.07578677340615997,0.742407941858654,visually_responsive_voxels
13,miniblock,sm_2_vox,5,0.07733935214998343,0.08857661116329063,0.7754478627399428,visually_responsive_voxels
13,miniblock,sm_2_vox,6,0.05044262723629556,0.06192356085449435,0.7338993505857974,visually_responsive_voxels
13,miniblock,sm_2_vox,7,0.08800327828679792,0.1015422731403468,0.7695572109440589,visually_responsive_voxels
13,miniblock,sm_2_vox,8,0.07254319215536714,0.08286152683013559,0.7982429352837379,visually_responsive_voxels
13,miniblock,sm_2_vox,9,0.02883312528224271,0.048151042407641655,0.7871408125530052,visually_responsive_voxels
13,miniblock,sm_2_vox,10,0.08359484203086076,0.097551485897437,0.798682483717174,visually_responsive_voxels
13,er,unsmoothed,1,0.09296023700526597,0.10276640630915243,0.6389447992663918,FFA
13,er,unsmoothed,2,0.10197961559802905,0.096965839140629,0.5833904696581258,FFA
13,er,unsmoothed,3,0.0983582458888608,0.10165108749458344,0.6157639543497833,FFA
13,er,unsmoothed,4,0.09500587499718846,0.0979723657565219,0.575490820822955,FFA
13,er,unsmoothed,5,0.09335397017463723,0.10548236371504707,0.6585553103674311,FFA
13,er,unsmoothed,6,0.09585789974677572,0.09134071418574786,0.642367768581839,FFA
13,er,unsmoothed,7,0.09925866388389579,0.10465492845255064,0.5631886008719743,FFA
13,er,unsmoothed,8,0.08064672893445371,0.08928045117045308,0.5919088656785628,FFA
13,er,unsmoothed,9,0.09672555116718387,0.09774313634257871,0.5730883082301224,FFA
13,er,unsmoothed,10,0.10586086136032516,0.1047497947271307,0.5106356188461456,FFA
13,er,sm_2_vox,1,0.2730706826640569,0.261241561173511,0.5975219883624066,FFA
13,er,sm_2_vox,2,0.30416163334732094,0.2970957599287456,0.6686706797927391,FFA
13,er,sm_2_vox,3,0.3108718248776038,0.2895966527908457,0.6595004206617854,FFA
13,er,sm_2_vox,4,0.27600279253112703,0.27179831193748905,0.6888661977123594,FFA
13,er,sm_2_vox,5,0.31772656557621437,0.3139225584326104,0.7819997397329648,FFA
13,er,sm_2_vox,6,0.2776893751434519,0.2702167712720018,0.7036163539329416,FFA
13,er,sm_2_vox,7,0.31091435433333847,0.3001963695126187,0.7042394145947619,FFA
13,er,sm_2_vox,8,0.2930128536552342,0.2820890912921173,0.6977889131782091,FFA
13,er,sm_2_vox,9,0.3013263052580473,0.2888884722321203,0.6523908619937508,FFA
13,er,sm_2_vox,10,0.27685345093828906,0.273503301635849,0.7114052716470264,FFA
13,sus,unsmoothed,1,0.04026812095112162,0.04558528653254451,0.5536202533290088,FFA
13,sus,unsmoothed,2,0.08137379188635468,0.08889111041400899,0.6942185961909539,FFA
13,sus,unsmoothed,3,0.046561678189004765,0.05807057662757612,0.6141745208402808,FFA
13,sus,unsmoothed,4,0.055531721573812566,0.056558414901279705,0.5718067719418282,FFA
13,sus,unsmoothed,5,0.03918465291075791,0.02777250130827088,0.5472161004029561,FFA
13,sus,unsmoothed,6,0.055944161244291996,0.0462494313059398,0.5273046417464021,FFA
13,sus,unsmoothed,7,0.05909844260658794,0.06328732942191016,0.5981065928171996,FFA
13,sus,unsmoothed,8,0.02700835001851369,0.03173202707883315,0.5306942536346491,FFA
13,sus,unsmoothed,9,0.07843849013552381,0.07904288974581813,0.6055737515425612,FFA
13,sus,unsmoothed,10,0.07256470831344468,0.0782012617759976,0.6717508943417672,FFA
13,sus,sm_2_vox,1,0.256987345783833,0.25698168732012855,0.725580834156865,FFA
13,sus,sm_2_vox,2,0.31243174779588767,0.3011317833087928,0.8054996461374926,FFA
13,sus,sm_2_vox,3,0.29656671213320024,0.2798299001706236,0.7327722243048668,FFA
13,sus,sm_2_vox,4,0.33751575241688864,0.30663389391965196,0.7528449097616752,FFA
13,sus,sm_2_vox,5,0.22921302766684148,0.21957461706334708,0.7237005649320483,FFA
13,sus,sm_2_vox,6,0.21957354388608963,0.21827165354319727,0.6683696459493884,FFA
13,sus,sm_2_vox,7,0.2699206947465574,0.2724084012740673,0.7825968287518222,FFA
13,sus,sm_2_vox,8,0.20575471940264334,0.2131094343088924,0.6332571520198764,FFA
13,sus,sm_2_vox,9,0.2648410043119095,0.2618843751501278,0.7477980843092312,FFA
13,sus,sm_2_vox,10,0.24491871566639217,0.2510195744270673,0.7484303087056181,FFA
13,miniblock,unsmoothed,1,0.08325655684669492,0.07680217620306086,0.6265462356103376,FFA
13,miniblock,unsmoothed,2,0.06516621915979742,0.07267631596845556,0.6757336772500341,FFA
13,miniblock,unsmoothed,3,0.05107402552435435,0.07179113314552595,0.7797541146502904,FFA
13,miniblock,unsmoothed,4,0.09323458418053399,0.10788692727129735,0.6483824109985495,FFA
13,miniblock,unsmoothed,5,0.07932869026914874,0.09475891416044022,0.6801066248590146,FFA
13,miniblock,unsmoothed,6,0.07615753285546123,0.08081802172058161,0.6930784160261896,FFA
13,miniblock,unsmoothed,7,0.09607565786246397,0.1120208057477933,0.7260281378268703,FFA
13,miniblock,unsmoothed,8,0.06966339979125453,0.08015247951235353,0.7049709521121919,FFA
13,miniblock,unsmoothed,9,0.07069110105435379,0.095329131128757,0.6488953740731862,FFA
13,miniblock,unsmoothed,10,0.05933110422116928,0.08045515163265342,0.6217755169396937,FFA
13,miniblock,sm_2_vox,1,0.3800292736857769,0.35753647818137335,0.7516819395465291,FFA
13,miniblock,sm_2_vox,2,0.38909490207839986,0.3696883088019967,0.7593886645881884,FFA
13,miniblock,sm_2_vox,3,0.39682038606720504,0.36793379162036605,0.7499067929600769,FFA
13,miniblock,sm_2_vox,4,0.3527716657513428,0.3409396198504948,0.742407941858654,FFA
13,miniblock,sm_2_vox,5,0.43715036509571026,0.4126236045465579,0.7638617222193813,FFA
13,miniblock,sm_2_vox,6,0.3504719118484275,0.3407975489864499,0.7386321428056847,FFA
13,miniblock,sm_2_vox,7,0.41378292427466606,0.39418255318686884,0.7695572109440589,FFA
13,miniblock,sm_2_vox,8,0.38296940789290734,0.35307083518697474,0.7982429352837379,FFA
13,miniblock,sm_2_vox,9,0.3642441178023769,0.34619422091451313,0.7474541176074538,FFA
13,miniblock,sm_2_vox,10,0.38959088531115554,0.37354465745889665,0.798682483717174,FFA
13,er,unsmoothed,1,0.0376632026363677,0.03857311443266418,0.5051729023838502,PPA
13,er,unsmoothed,2,0.038023741724380306,0.032628378525177505,0.4468853559363541,PPA
13,er,unsmoothed,3,0.04273376590007016,0.04324160985876528,0.5233186913238894,PPA
13,er,unsmoothed,4,0.03562478602594314,0.04219877856222154,0.5384524313775606,PPA
13,er,unsmoothed,5,0.03856060743663478,0.04147244528834332,0.48465658839060877,PPA
13,er,unsmoothed,6,0.03507446824861346,0.039649415789256515,0.4127338429745279,PPA
13,er,unsmoothed,7,0.03745540136007582,0.03900770401819316,0.41875795239373703,PPA
13,er,unsmoothed,8,0.038042098085122864,0.04537742284971346,0.47187677832993,PPA
13,er,unsmoothed,9,0.05617931189500419,0.05157194554098325,0.5121737827569326,PPA
13,er,unsmoothed,10,0.043730406961854436,0.035112000021647764,0.46069961577644697,PPA
13,er,sm_2_vox,1,0.11712888564095478,0.11762387802374134,0.5481469668824774,PPA
13,er,sm_2_vox,2,0.09471578447158571,0.08909096912547626,0.5911373664512276,PPA
13,er,sm_2_vox,3,0.1246464899596756,0.12347693645088254,0.6471839362698928,PPA
13,er,sm_2_vox,4,0.11501153415852605,0.12666454462360444,0.5849187637621371,PPA
13,er,sm_2_vox,5,0.10034928360557491,0.09867131211708045,0.5186387239801236,PPA
13,er,sm_2_vox,6,0.11199422075940565,0.11994114959520219,0.5373285498598237,PPA
13,er,sm_2_vox,7,0.0849256385318517,0.09737905219305404,0.6340749846493032,PPA
13,er,sm_2_vox,8,0.15685312310516458,0.1558140869037603,0.6231636412833197,PPA
13,er,sm_2_vox,9,0.1690930623327585,0.1657217899281301,0.5933477185416887,PPA
13,er,sm_2_vox,10,0.08522127978449058,0.09501914863632234,0.6024807110290373,PPA
13,sus,unsmoothed,1,-0.031499847106501305,-0.027774308864009795,0.5037451143149544,PPA
13,sus,unsmoothed,2,0.040580998128712464,0.049926360200155465,0.5492649605384187,PPA
13,sus,unsmoothed,3,-0.0026937351529397156,-0.001088160567857244,0.5879124793312078,PPA
13,sus,unsmoothed,4,0.01989557538831563,0.018993154904592954,0.513761547992232,PPA
13,sus,unsmoothed,5,0.0014439073257505874,0.002888850790110055,0.4939820238707153,PPA
13,sus,unsmoothed,6,0.017715877822375055,0.013350949086134468,0.44660644390044907,PPA
13,sus,unsmoothed,7,0.04946535390265305,0.04870591193848577,0.5245518930744015,PPA
13,sus,unsmoothed,8,0.003287826915093467,0.009223977183570336,0.5124845909925247,PPA
13,sus,unsmoothed,9,0.0063164860937973705,0.003763239271895581,0.4792469099386937,PPA
13,sus,unsmoothed,10,0.016763966859934816,0.012571794428138354,0.4662293971304111,PPA
13,sus,sm_2_vox,1,0.13862089615467071,0.1333892327569404,0.5305261493824431,PPA
13,sus,sm_2_vox,2,0.241991780977782,0.22700061850741798,0.5761445855174494,PPA
13,sus,sm_2_vox,3,0.14873033891356566,0.1483487641111376,0.5026135186279884,PPA
13,sus,sm_2_vox,4,0.189261914127054,0.17894827294781732,0.4919482087468604,PPA
13,sus,sm_2_vox,5,0.14160091512975503,0.13698042941601624,0.5840752956206805,PPA
13,sus,sm_2_vox,6,0.1470549648881763,0.1534268959162386,0.5484814239413744,PPA
13,sus,sm_2_vox,7,0.18520012798769148,0.17535836637107113,0.5254206744011907,PPA
13,sus,sm_2_vox,8,0.15658784375354515,0.15248747072358684,0.5499151936255621,PPA
13,sus,sm_2_vox,9,0.16140126574689384,0.16094442222238453,0.5733529860965024,PPA
13,sus,sm_2_vox,10,0.14382824178169867,0.12567319177301808,0.5055412608594484,PPA
13,miniblock,unsmoothed,1,0.05455951731006527,0.05024169924677287,0.47126249650216895,PPA
13,miniblock,unsmoothed,2,0.04073793472868745,0.047666615418808275,0.48696024439196106,PPA
13,miniblock,unsmoothed,3,0.06431755152121904,0.06749793123912382,0.5585140362040235,PPA
13,miniblock,unsmoothed,4,0.06838525310594121,0.07285572357955468,0.5512317613070286,PPA
13,miniblock,unsmoothed,5,0.060359162722287106,0.04999905385712923,0.4654268408712191,PPA
13,miniblock,unsmoothed,6,0.046986534010186556,0.049750505836811086,0.4947154858605979,PPA
13,miniblock,unsmoothed,7,0.08468219115074406,0.08369714982659407,0.5409577535299055,PPA
13,miniblock,unsmoothed,8,0.04843214928354015,0.04757079693752993,0.53206800360756,PPA
13,miniblock,unsmoothed,9,0.09281497137819866,0.09119037905732622,0.470627387706456,PPA
13,miniblock,unsmoothed,10,0.061602617898895165,0.060778936967459896,0.53025688146577,PPA
13,miniblock,sm_2_vox,1,0.2430401651307162,0.2233691526528768,0.6475115309987788,PPA
13,miniblock,sm_2_vox,2,0.29784826590097013,0.27057516563331857,0.6396901494015426,PPA
13,miniblock,sm_2_vox,3,0.29722416362408854,0.2934601522043631,0.6805257576017445,PPA
13,miniblock,sm_2_vox,4,0.2648849583104469,0.2244962745617603,0.6619551338332907,PPA
13,miniblock,sm_2_vox,5,0.20009109680342393,0.18435699955113796,0.5863140916335506,PPA
13,miniblock,sm_2_vox,6,0.25635959965689536,0.2507329915813741,0.6693450012933327,PPA
13,miniblock,sm_2_vox,7,0.2829674635502617,0.27650166803482484,0.6533610879364005,PPA
13,miniblock,sm_2_vox,8,0.29046473415949303,0.25652146650143914,0.6617187514964373,PPA
13,miniblock,sm_2_vox,9,0.25044303313878824,0.23639659393202364,0.6350794232284975,PPA
13,miniblock,sm_2_vox,10,0.25693290780528455,0.2370944150067189,0.5826705666382306,PPA
13,er,unsmoothed,1,0.05435692730878179,0.051372692221816396,0.5193055248877969,EBA
13,er,unsmoothed,2,0.040841154919393635,0.041350035637282956,0.6028832543752545,EBA
13,er,unsmoothed,3,0.05703320469037432,0.04708476843406505,0.5275786573948693,EBA
13,er,unsmoothed,4,0.04038540286648434,0.04378249512654515,0.6363314893942388,EBA
13,er,unsmoothed,5,0.030494085446099883,0.03000419439708863,0.5808258651554613,EBA
13,er,unsmoothed,6,0.011636059949122285,0.010706129040470283,0.6088543827598399,EBA
13,er,unsmoothed,7,0.04115315335245043,0.04337488365461686,0.5470357526067319,EBA
13,er,unsmoothed,8,0.027504991977747435,0.03558269654318288,0.5528380404260327,EBA
13,er,unsmoothed,9,0.03641426470591147,0.0326733229060222,0.6233086757434784,EBA
13,er,unsmoothed,10,0.017341250202011015,0.012842735593989046,0.5415412986454684,EBA
13,er,sm_2_vox,1,0.11008402416005462,0.10779729619362617,0.5999098220749929,EBA
13,er,sm_2_vox,2,0.10678906653947327,0.09257284876125767,0.6194396512086224,EBA
13,er,sm_2_vox,3,0.12643638386725325,0.12333594658482774,0.654977042119401,EBA
13,er,sm_2_vox,4,0.12189004064450842,0.12306719261645975,0.7010989928234144,EBA
13,er,sm_2_vox,5,0.07605181139566164,0.08173550814543662,0.6838378579398715,EBA
13,er,sm_2_vox,6,0.020916158140363204,0.028618406849299154,0.5988492042889574,EBA
13,er,sm_2_vox,7,0.1302872671992546,0.13483970081361926,0.7524596399566599,EBA
13,er,sm_2_vox,8,0.09484196048500851,0.10397845715774136,0.5577574167401105,EBA
13,er,sm_2_vox,9,0.08478381052257228,0.08928982586014061,0.5819354234452129,EBA
13,er,sm_2_vox,10,0.055873283469014344,0.050605731152885636,0.557442982770186,EBA
13,sus,unsmoothed,1,-0.005914468389139026,-0.004035343657451019,0.5221287143106115,EBA
13,sus,unsmoothed,2,0.028008060249982834,0.034196812191057524,0.5237810373121777,EBA
13,sus,unsmoothed,3,0.029413563631200283,0.034132598978000625,0.5000817078642448,EBA
13,sus,unsmoothed,4,0.015338508642975038,0.023475475625632198,0.5361577151441224,EBA
13,sus,unsmoothed,5,-0.014842225155407921,-0.01153853298404358,0.5474926114535326,EBA
13,sus,unsmoothed,6,-0.023873247161572977,-0.021637292753621664,0.47276637804398547,EBA
13,sus,unsmoothed,7,0.02175904382428505,0.025087489074125197,0.49475227520357745,EBA
13,sus,unsmoothed,8,-0.020418839414748167,-0.021647818254427867,0.4801817644480867,EBA
13,sus,unsmoothed,9,0.030349979673629984,0.030236421322716686,0.579052030625717,EBA
13,sus,unsmoothed,10,0.04023543874967703,0.03866553007214402,0.5468569999072433,EBA
13,sus,sm_2_vox,1,0.15297689368321238,0.1498597330058873,0.5737467793182147,EBA
13,sus,sm_2_vox,2,0.1596351115323524,0.15974474713888276,0.6382168876924366,EBA
13,sus,sm_2_vox,3,0.11865532707416825,0.1157312618514414,0.5585465807815146,EBA
13,sus,sm_2_vox,4,0.12010209716388365,0.12183599682426978,0.5624532047820103,EBA
13,sus,sm_2_vox,5,0.08991472619594737,0.09118743259027438,0.6319685646949245,EBA
13,sus,sm_2_vox,6,0.042213724423848964,0.0471780039197558,0.6017172473172998,EBA
13,sus,sm_2_vox,7,0.12112154874487072,0.12291426320416948,0.6530080445243707,EBA
13,sus,sm_2_vox,8,0.07638188514217928,0.07732004073710287,0.5539886257469381,EBA
13,sus,sm_2_vox,9,0.17896726934840557,0.1733981298552471,0.6164983369823377,EBA
13,sus,sm_2_vox,10,0.18519296688508358,0.16879047171128814,0.6271455538137579,EBA
13,miniblock,unsmoothed,1,0.029251165772236444,0.035031725335399666,0.6201545445028793,EBA
13,miniblock,unsmoothed,2,0.04651388114935306,0.04686302179297632,0.5738181784318594,EBA
13,miniblock,unsmoothed,3,0.04924795661981872,0.05778865708658321,0.6725334900174271,EBA
13,miniblock,unsmoothed,4,0.0797809201315202,0.08609133333172093,0.6511213280479179,EBA
13,miniblock,unsmoothed,5,0.04003675401324135,0.04874387796766402,0.5480014203432617,EBA
13,miniblock,unsmoothed,6,0.09837278923471425,0.09529069966147496,0.7018682553383412,EBA
13,miniblock,unsmoothed,7,0.06498698736475139,0.07367729710176506,0.6660628991541205,EBA
13,miniblock,unsmoothed,8,0.05052826917443396,0.05437000380756763,0.6360814591146087,EBA
13,miniblock,unsmoothed,9,0.06602988745799687,0.07186151348063947,0.6062983678228479,EBA
13,miniblock,unsmoothed,10,0.07701208019725775,0.07627399020889483,0.6153927496505,EBA
13,miniblock,sm_2_vox,1,0.21751670001552936,0.2112477428310181,0.671649820114453,EBA
13,miniblock,sm_2_vox,2,0.24917843973039805,0.22862404562850538,0.7549393279773133,EBA
13,miniblock,sm_2_vox,3,0.2132069110644036,0.20982184535459714,0.7182129000606203,EBA
13,miniblock,sm_2_vox,4,0.20867634779417024,0.2122797693349981,0.731941531350141,EBA
13,miniblock,sm_2_vox,5,0.2531923133595564,0.24091008722429022,0.7388770404729794,EBA
13,miniblock,sm_2_vox,6,0.23179587753560194,0.23017602939932577,0.7383333108620063,EBA
13,miniblock,sm_2_vox,7,0.25454102125813716,0.24479702226443698,0.7374636925767574,EBA
13,miniblock,sm_2_vox,8,0.18927781954923562,0.19701989591771452,0.7090536193495953,EBA
13,miniblock,sm_2_vox,9,0.17699939304364215,0.1717300622206627,0.6815369006563079,EBA
13,miniblock,sm_2_vox,10,0.2561360694928907,0.24769854039974137,0.705641950396578,EBA
13,er,unsmoothed,1,0.0383686716688524,0.03908056261065374,0.6431909355752856,EVC
13,er,unsmoothed,2,0.025336330496987938,0.028927473028128415,0.6570169581245497,EVC
13,er,unsmoothed,3,0.025262931021486735,0.027981587422058436,0.6302233389290073,EVC
13,er,unsmoothed,4,0.02766151619728186,0.028366268600627936,0.5884950989422997,EVC
13,er,unsmoothed,5,0.019442216253337592,0.020052929787338216,0.628061467079315,EVC
13,er,unsmoothed,6,0.00691315886134305,0.01123864359073057,0.6189537172875408,EVC
13,er,unsmoothed,7,0.03713956419029649,0.038957807060149494,0.5863153964385516,EVC
13,er,unsmoothed,8,0.03150037369245308,0.03385004642130685,0.6180082121242609,EVC
13,er,unsmoothed,9,0.003232021098323278,0.0069752565725984105,0.5707109138433377,EVC
13,er,unsmoothed,10,0.019146112438564494,0.021453545654917815,0.5792762230176417,EVC
13,er,sm_2_vox,1,0.06873169980780527,0.07631416158915828,0.6857223832923766,EVC
13,er,sm_2_vox,2,0.05290792378875353,0.06471277609015312,0.7090531665064936,EVC
13,er,sm_2_vox,3,0.059449091268550046,0.06400728732219832,0.6539620106453843,EVC
13,er,sm_2_vox,4,0.07348492165563072,0.07613386984932576,0.6505315222141789,EVC
13,er,sm_2_vox,5,0.06318216847399036,0.07246675463459981,0.6933562703281604,EVC
13,er,sm_2_vox,6,0.021858032018264032,0.029482677045942728,0.6548555615408331,EVC
13,er,sm_2_vox,7,0.09993739869664732,0.10194023132625904,0.713096403811218,EVC
13,er,sm_2_vox,8,0.0824499811160045,0.08434786424255815,0.650597834037195,EVC
13,er,sm_2_vox,9,0.01685423623931878,0.02510131253234993,0.6322548666417662,EVC
13,er,sm_2_vox,10,0.0697240256777549,0.07327109442421179,0.6049818530280546,EVC
13,sus,unsmoothed,1,-0.034438545855769845,-0.03492103799479778,0.5496139756134742,EVC
13,sus,unsmoothed,2,-0.0042545116393813125,0.0020090121540158336,0.6006992906234829,EVC
13,sus,unsmoothed,3,-0.0017223136243989176,0.001215699504015496,0.6340662383369473,EVC
13,sus,unsmoothed,4,0.00594965875837402,0.008135029206369382,0.5524537664541738,EVC
13,sus,unsmoothed,5,-0.019780642807872225,-0.021836956245531215,0.6385135688434442,EVC
13,sus,unsmoothed,6,-0.017845752653520765,-0.009956244730552014,0.5521242769307823,EVC
13,sus,unsmoothed,7,0.011895105944587134,0.019924964232082783,0.600137328415767,EVC
13,sus,unsmoothed,8,-0.021843289742793894,-0.013877130411135289,0.6060837028566047,EVC
13,sus,unsmoothed,9,-0.004491711862007134,-0.004541365273209652,0.6476507651419655,EVC
13,sus,unsmoothed,10,-0.01785344553855328,-0.017616038494873514,0.6348807076619472,EVC
13,sus,sm_2_vox,1,0.03437370673177828,0.04183314331815701,0.6027535886932123,EVC
13,sus,sm_2_vox,2,0.0460531000694407,0.0479114180564745,0.6308751582860821,EVC
13,sus,sm_2_vox,3,0.06610436965406023,0.06981076078955582,0.6777037139770528,EVC
13,sus,sm_2_vox,4,0.05728994846994765,0.06214682265730292,0.6378408498258308,EVC
13,sus,sm_2_vox,5,0.0044080377398916576,0.01295946249106407,0.5790999154091429,EVC
13,sus,sm_2_vox,6,0.030154358885204968,0.042031144895011634,0.5538962254058006,EVC
13,sus,sm_2_vox,7,0.10913188631558274,0.10942271430194851,0.6566407998623388,EVC
13,sus,sm_2_vox,8,0.043191446131899125,0.04849041253088634,0.5817932392098913,EVC
13,sus,sm_2_vox,9,0.06602198402425295,0.06969648878162264,0.6736138121678279,EVC
13,sus,sm_2_vox,10,0.03374757378598322,0.0380612815411923,0.5986081775079166,EVC
13,miniblock,unsmoothed,1,0.030533487252978685,0.0397290428813427,0.6378040917397632,EVC
13,miniblock,unsmoothed,2,0.036499801205575805,0.04452645237120488,0.6852971856775065,EVC
13,miniblock,unsmoothed,3,0.013463556353403988,0.022787753283260805,0.693804584700588,EVC
13,miniblock,unsmoothed,4,0.033105033925889565,0.04459613543589957,0.718043727857893,EVC
13,miniblock,unsmoothed,5,0.019049977744880993,0.03037589212213216,0.6985873778787673,EVC
13,miniblock,unsmoothed,6,0.041795089038269694,0.048512734615403064,0.7387605902268288,EVC
13,miniblock,unsmoothed,7,0.04260207949202909,0.04936068311891239,0.7380131524259417,EVC
13,miniblock,unsmoothed,8,0.029200416474395585,0.03822719337686154,0.6640476035278702,EVC
13,miniblock,unsmoothed,9,0.03563689309691355,0.046947468838656164,0.7228756004086524,EVC
13,miniblock,unsmoothed,10,0.03326141589508444,0.043261327123454325,0.670849504019019,EVC
13,miniblock,sm_2_vox,1,0.1334491313320074,0.1532527562261819,0.755346649455527,EVC
13,miniblock,sm_2_vox,2,0.16847702313696172,0.17850869554933932,0.7932533509977122,EVC
13,miniblock,sm_2_vox,3,0.08044374631331205,0.10845735466279786,0.7432234857476342,EVC
13,miniblock,sm_2_vox,4,0.09582917720863433,0.12225929220096604,0.7214059705411163,EVC
13,miniblock,sm_2_vox,5,0.09418670850807988,0.11355021822529586,0.7785526431501814,EVC
13,miniblock,sm_2_vox,6,0.10276598838806489,0.11400906033316624,0.6935034542036398,EVC
13,miniblock,sm_2_vox,7,0.1393886240620453,0.15476296066304004,0.8246975028766932,EVC
13,miniblock,sm_2_vox,8,0.11951619807720652,0.13496940578269287,0.7284602685008404,EVC
13,miniblock,sm_2_vox,9,0.07801587708766454,0.11464470083496826,0.7646870113475173,EVC
13,miniblock,sm_2_vox,10,0.16821919727984627,0.1782843475101549,0.7178488339197017,EVC
14,er,unsmoothed,1,0.014791013835142723,0.01484868277080827,0.5772788357663882,visually_responsive_voxels
14,er,unsmoothed,2,0.014624835448230697,0.016672679639576818,0.6555430683217465,visually_responsive_voxels
14,er,unsmoothed,3,0.006052691263290097,0.0035700754175171947,0.6277595973902719,visually_responsive_voxels
14,er,unsmoothed,4,0.016758095112526513,0.015736144223490112,0.5855648403054897,visually_responsive_voxels
14,er,unsmoothed,5,0.02427241276792988,0.022434501668403765,0.6360810136794356,visually_responsive_voxels
14,er,unsmoothed,6,-0.016393791869701604,-0.016331951451728537,0.5898713468760075,visually_responsive_voxels
14,er,unsmoothed,7,0.0003102019204618556,-0.0005250346858859901,0.5931480799938529,visually_responsive_voxels
14,er,unsmoothed,8,-0.05254532754730554,-0.049713801345252336,0.597159550602679,visually_responsive_voxels
14,er,unsmoothed,9,0.015276514540855518,0.01225818793477655,0.5859168784307015,visually_responsive_voxels
14,er,unsmoothed,10,0.015883287605525737,0.015873023102720322,0.6580657992117745,visually_responsive_voxels
14,er,sm_2_vox,1,0.03848987746728283,0.040844987367265086,0.6551536350318936,visually_responsive_voxels
14,er,sm_2_vox,2,0.05289137803871567,0.04761738126560472,0.7134097512965486,visually_responsive_voxels
14,er,sm_2_vox,3,0.03473149760198397,0.04077329670074416,0.7188705506150128,visually_responsive_voxels
14,er,sm_2_vox,4,0.06612497496069865,0.0639723260410921,0.713760617887002,visually_responsive_voxels
14,er,sm_2_vox,5,0.05143780919733791,0.04921822410534933,0.6953048487031348,visually_responsive_voxels
14,er,sm_2_vox,6,0.06534305898085485,0.06546736133062782,0.7058828773543223,visually_responsive_voxels
14,er,sm_2_vox,7,0.06220389023042113,0.06278747032689587,0.7333271412750114,visually_responsive_voxels
14,er,sm_2_vox,8,0.05552331903193869,0.057550612068843654,0.6971077603599602,visually_responsive_voxels
14,er,sm_2_vox,9,0.06355210990430593,0.06766597016820104,0.7547397844104751,visually_responsive_voxels
14,er,sm_2_vox,10,0.08158405213056624,0.07940642241862961,0.7017119797337672,visually_responsive_voxels
14,sus,unsmoothed,1,0.030255518096807106,0.032824816242694614,0.7113777134094185,visually_responsive_voxels
14,sus,unsmoothed,2,0.047548562536274847,0.048669082375631355,0.649140715756561,visually_responsive_voxels
14,sus,unsmoothed,3,0.04067116303806634,0.03993403168684473,0.6837983818708763,visually_responsive_voxels
14,sus,unsmoothed,4,0.03930019277710045,0.04317493874041435,0.6807945110170242,visually_responsive_voxels
14,sus,unsmoothed,5,0.04928427836213402,0.049918148334270995,0.6994964743629208,visually_responsive_voxels
14,sus,unsmoothed,6,0.051374455731973995,0.052821652176568874,0.7241261367545277,visually_responsive_voxels
14,sus,unsmoothed,7,0.02813925757733471,0.029831017984400975,0.7410817116651709,visually_responsive_voxels
14,sus,unsmoothed,8,0.03004528406184978,0.032267583449636185,0.7077107097681836,visually_responsive_voxels
14,sus,unsmoothed,9,0.034802628588671,0.03718950885921649,0.7100354498120325,visually_responsive_voxels
14,sus,unsmoothed,10,0.03688941488228634,0.03855198845138298,0.7489619713513735,visually_responsive_voxels
14,sus,sm_2_vox,1,0.07417501301539126,0.07615770814560924,0.7071941027903792,visually_responsive_voxels
14,sus,sm_2_vox,2,0.06395621140036893,0.06583096318147054,0.7168652711440373,visually_responsive_voxels
14,sus,sm_2_vox,3,0.06206759073006653,0.06220634192892684,0.8090002784169286,visually_responsive_voxels
14,sus,sm_2_vox,4,0.05849549412790225,0.060549925098244375,0.7877118770707127,visually_responsive_voxels
14,sus,sm_2_vox,5,0.08504403652771848,0.08842903561617935,0.7815663253527549,visually_responsive_voxels
14,sus,sm_2_vox,6,0.08177142006642471,0.0785919663596409,0.8214837196507034,visually_responsive_voxels
14,sus,sm_2_vox,7,0.0849076851813268,0.08657220832920917,0.7937527546587988,visually_responsive_voxels
14,sus,sm_2_vox,8,0.06481786275894347,0.06363831434905283,0.8028529179793129,visually_responsive_voxels
14,sus,sm_2_vox,9,0.08920844610112548,0.08567485160088842,0.8620649650778662,visually_responsive_voxels
14,sus,sm_2_vox,10,0.06022088112297701,0.06682440377901391,0.8056369280432581,visually_responsive_voxels
14,miniblock,unsmoothed,1,0.07931002795028723,0.08576714019510397,0.8581893049302227,visually_responsive_voxels
14,miniblock,unsmoothed,2,0.06255200090257651,0.07174555896104462,0.8262895360311642,visually_responsive_voxels
14,miniblock,unsmoothed,3,0.08710346268081756,0.09300521875145436,0.7854354481783269,visually_responsive_voxels
14,miniblock,unsmoothed,4,0.06458464041720645,0.07095872590265927,0.7981979240344111,visually_responsive_voxels
14,miniblock,unsmoothed,5,0.0373242121766202,0.044789749767487806,0.8435218002530721,visually_responsive_voxels
14,miniblock,unsmoothed,6,0.052791062194914355,0.060242958665701306,0.7876023912630106,visually_responsive_voxels
14,miniblock,unsmoothed,7,0.058068244286223446,0.06533170649332429,0.8169420037421217,visually_responsive_voxels
14,miniblock,unsmoothed,8,0.06449430374617529,0.0707971313850696,0.8307678796442778,visually_responsive_voxels
14,miniblock,unsmoothed,9,0.05268386234800311,0.06309726547256314,0.78348253719585,visually_responsive_voxels
14,miniblock,unsmoothed,10,0.07227801285141719,0.08310553771004449,0.8243173125182177,visually_responsive_voxels
14,miniblock,sm_2_vox,1,0.10357568571348094,0.13197571646389536,0.8808460065845803,visually_responsive_voxels
14,miniblock,sm_2_vox,2,0.10862425474974018,0.13385325161932438,0.8784297781319723,visually_responsive_voxels
14,miniblock,sm_2_vox,3,0.09321286791742467,0.12049664203700682,0.8742175613969261,visually_responsive_voxels
14,miniblock,sm_2_vox,4,0.1142600319409183,0.13936339351906638,0.8940355071949264,visually_responsive_voxels
14,miniblock,sm_2_vox,5,0.09006792715501538,0.11395802043837418,0.908596784468654,visually_responsive_voxels
14,miniblock,sm_2_vox,6,0.12252001161169664,0.13212901883768177,0.8333761648918963,visually_responsive_voxels
14,miniblock,sm_2_vox,7,0.10923086918723852,0.13963767598192636,0.8743936170751819,visually_responsive_voxels
14,miniblock,sm_2_vox,8,0.1200933410412435,0.1350187304076773,0.8581462812694016,visually_responsive_voxels
14,miniblock,sm_2_vox,9,0.10476945952115112,0.12552868569835396,0.8803610095941221,visually_responsive_voxels
14,miniblock,sm_2_vox,10,0.11249515361808506,0.1420429738280507,0.9261579348139368,visually_responsive_voxels
14,er,unsmoothed,1,0.058052798740435195,0.06099780375708613,0.5244340706719179,FFA
14,er,unsmoothed,2,0.06636939998730898,0.0646460731606426,0.5849644930532738,FFA
14,er,unsmoothed,3,0.04918651623117729,0.04535035240257614,0.6047470411935224,FFA
14,er,unsmoothed,4,0.07356785774183205,0.06300510563979944,0.48332199054421743,FFA
14,er,unsmoothed,5,0.056731680447966004,0.052174785038724136,0.47233249872202504,FFA
14,er,unsmoothed,6,0.005367147640008656,0.014824651504503768,0.5946259702096464,FFA
14,er,unsmoothed,7,0.07361635854369336,0.07619030137906903,0.4966739672940873,FFA
14,er,unsmoothed,8,0.01102112291459372,0.007894777171257162,0.556462393141056,FFA
14,er,unsmoothed,9,0.02320946313845716,0.020334804238487554,0.44852863567526324,FFA
14,er,unsmoothed,10,0.07320255852785468,0.07429130064702717,0.5632895209921569,FFA
14,er,sm_2_vox,1,0.26222520116486725,0.2502700503450853,0.5802617817616307,FFA
14,er,sm_2_vox,2,0.2942277567192306,0.27638480632157975,0.6746324670670476,FFA
14,er,sm_2_vox,3,0.25558971452053586,0.23058182835292929,0.5895759758177195,FFA
14,er,sm_2_vox,4,0.3194337601008833,0.27895411637444906,0.713760617887002,FFA
14,er,sm_2_vox,5,0.24207291901684108,0.2452217862713051,0.6523858701543399,FFA
14,er,sm_2_vox,6,0.2519652864426507,0.24841850153303083,0.5936591325249894,FFA
14,er,sm_2_vox,7,0.2826246955266554,0.26303932295110444,0.6683197521995463,FFA
14,er,sm_2_vox,8,0.31308401135353536,0.28704389237912026,0.6971077603599602,FFA
14,er,sm_2_vox,9,0.2053851611745665,0.19949946780837202,0.6903878856097094,FFA
14,er,sm_2_vox,10,0.2762932786311449,0.2622120398824996,0.6377156204904555,FFA
14,sus,unsmoothed,1,0.10022926802010923,0.09876041898070403,0.5980840828361051,FFA
14,sus,unsmoothed,2,0.13059724920072746,0.13103951842908462,0.5594854633435725,FFA
14,sus,unsmoothed,3,0.12785608683302951,0.11699472055393935,0.5899508715106847,FFA
14,sus,unsmoothed,4,0.1339665898758293,0.1208220504227663,0.5993314285672556,FFA
14,sus,unsmoothed,5,0.1430601544732602,0.13804931666531217,0.5720724435854925,FFA
14,sus,unsmoothed,6,0.10727486780444775,0.11081056070818097,0.5991754720993699,FFA
14,sus,unsmoothed,7,0.09759628646769206,0.11274571896193988,0.5860691853737651,FFA
14,sus,unsmoothed,8,0.09270106482329828,0.09926963385113308,0.5756370297171782,FFA
14,sus,unsmoothed,9,0.10044951446692058,0.10495958157431258,0.5691232023286824,FFA
14,sus,unsmoothed,10,0.08969131857949339,0.10536696258703006,0.560090648744981,FFA
14,sus,sm_2_vox,1,0.14214807168878163,0.152815562610505,0.6122206524219611,FFA
14,sus,sm_2_vox,2,0.2192568332882131,0.21898995760000192,0.6029568557302951,FFA
14,sus,sm_2_vox,3,0.1627431903832059,0.1629952305470769,0.6014970453305268,FFA
14,sus,sm_2_vox,4,0.1736038911061921,0.1833127804695688,0.6674178254139856,FFA
14,sus,sm_2_vox,5,0.26690355388791687,0.247601365231082,0.7058479324512517,FFA
14,sus,sm_2_vox,6,0.14457578177131108,0.14369262964174287,0.6158776920109365,FFA
14,sus,sm_2_vox,7,0.24396574195051457,0.2284708691528622,0.6259450117881769,FFA
14,sus,sm_2_vox,8,0.16131113046618953,0.16320740904609396,0.5969848589610735,FFA
14,sus,sm_2_vox,9,0.2095200315157131,0.2215194914557011,0.6770498850246898,FFA
14,sus,sm_2_vox,10,0.20182009591494618,0.19096500051748244,0.6156958802220234,FFA
14,miniblock,unsmoothed,1,0.14435526343015914,0.1636585052817728,0.758827519784378,FFA
14,miniblock,unsmoothed,2,0.14401962588660916,0.16151103630410849,0.7619550772685857,FFA
14,miniblock,unsmoothed,3,0.10015216057804657,0.13479024045161025,0.707712719923328,FFA
14,miniblock,unsmoothed,4,0.10291931077268043,0.12798711875906169,0.7530841602169844,FFA
14,miniblock,unsmoothed,5,0.0861735778212509,0.10517005883402201,0.6957144706343426,FFA
14,miniblock,unsmoothed,6,0.11040237159376147,0.12258424932977802,0.7136308215504049,FFA
14,miniblock,unsmoothed,7,0.10902244278887296,0.12678648714841362,0.7247032559011881,FFA
14,miniblock,unsmoothed,8,0.0993723677929603,0.12494837220155268,0.7068143282087342,FFA
14,miniblock,unsmoothed,9,0.07525116676073264,0.09676800906169439,0.7518590962305473,FFA
14,miniblock,unsmoothed,10,0.13217373062032103,0.16012743253072204,0.8208002307965652,FFA
14,miniblock,sm_2_vox,1,0.2835651060182932,0.31654510903756206,0.8436381509070241,FFA
14,miniblock,sm_2_vox,2,0.29978795237107486,0.3248329195962873,0.8729546279111424,FFA
14,miniblock,sm_2_vox,3,0.2740998673994079,0.29390043909426716,0.8443157696941432,FFA
14,miniblock,sm_2_vox,4,0.288168307508722,0.3039576018988001,0.8476195235523369,FFA
14,miniblock,sm_2_vox,5,0.3066388535470761,0.3225724601779842,0.896148373414293,FFA
14,miniblock,sm_2_vox,6,0.254666655248577,0.26047587095820635,0.7984643682056347,FFA
14,miniblock,sm_2_vox,7,0.27609733516456547,0.300527027514408,0.8454344961609648,FFA
14,miniblock,sm_2_vox,8,0.26758732704585764,0.28352486627237533,0.8001899930784409,FFA
14,miniblock,sm_2_vox,9,0.26009493472339784,0.270529833926362,0.824442838654388,FFA
14,miniblock,sm_2_vox,10,0.3340636212965115,0.33804021991054106,0.8718883600528677,FFA
14,er,unsmoothed,1,0.02118595005490624,0.022728131483626745,0.6070795063574642,PPA
14,er,unsmoothed,2,0.03252130253278725,0.032929819972648156,0.5081245819240368,PPA
14,er,unsmoothed,3,0.02728032367150049,0.023174067353353877,0.5186801332425608,PPA
14,er,unsmoothed,4,0.03722115455872125,0.0391140027803802,0.479909719620666,PPA
14,er,unsmoothed,5,0.032191927014170785,0.034210401780937226,0.5265300832641759,PPA
14,er,unsmoothed,6,0.014760954744263963,0.012831740939976065,0.5089482410331938,PPA
14,er,unsmoothed,7,0.022880306501309428,0.023804684376400768,0.46125613911992935,PPA
14,er,unsmoothed,8,-0.02020368443334633,-0.020645004545720564,0.59859515235903,PPA
14,er,unsmoothed,9,0.018529994248824802,0.01961351338210935,0.4397482630553954,PPA
14,er,unsmoothed,10,0.004715029144410119,0.00811230785383886,0.5120094514276009,PPA
14,er,sm_2_vox,1,0.0954651549654909,0.0901301224834373,0.48219368106830696,PPA
14,er,sm_2_vox,2,0.09252122711401972,0.09222297594895905,0.5779782931779978,PPA
14,er,sm_2_vox,3,0.12416531733648174,0.12131275806260779,0.5186125945508979,PPA
14,er,sm_2_vox,4,0.1069005857849444,0.10170902808797996,0.5636713954956915,PPA
14,er,sm_2_vox,5,0.1350128441269427,0.13229899062711073,0.5836099496329442,PPA
14,er,sm_2_vox,6,0.10555431525521466,0.09602898695343508,0.4766207127143234,PPA
14,er,sm_2_vox,7,0.09477800147458226,0.09660536911270864,0.5414542620406064,PPA
14,er,sm_2_vox,8,0.122427096335067,0.10976518146239117,0.5957458758420644,PPA
14,er,sm_2_vox,9,0.12997408301461572,0.12663814586206662,0.5964119547720379,PPA
14,er,sm_2_vox,10,0.09643245273043893,0.09202295461026533,0.6058219492404104,PPA
14,sus,unsmoothed,1,0.06569679465923689,0.06604291405527299,0.5732011245532769,PPA
14,sus,unsmoothed,2,0.038973262096760664,0.04732125579038239,0.5359414132719507,PPA
14,sus,unsmoothed,3,0.050565928581564806,0.05474277981900861,0.5797156622958448,PPA
14,sus,unsmoothed,4,0.04860235843987286,0.05949491246634697,0.7155846420396849,PPA
14,sus,unsmoothed,5,0.07794481897127525,0.07396822664683537,0.6379579744549762,PPA
14,sus,unsmoothed,6,0.0548532826832938,0.056320067199791206,0.5323994342389693,PPA
14,sus,unsmoothed,7,0.026243055397923744,0.03258959330922053,0.4740255165171189,PPA
14,sus,unsmoothed,8,0.0655231113740451,0.057213926698693046,0.6227237054379001,PPA
14,sus,unsmoothed,9,0.04551195065550018,0.05466118679100952,0.5943151926433725,PPA
14,sus,unsmoothed,10,0.06012498421205087,0.0596212992403056,0.5315398852030544,PPA
14,sus,sm_2_vox,1,0.12848517114847796,0.11965632246327612,0.6391295138984217,PPA
14,sus,sm_2_vox,2,0.06853546319524986,0.06694988277661414,0.5356157587693531,PPA
14,sus,sm_2_vox,3,0.07893118652301555,0.07710119136171358,0.48687221160068594,PPA
14,sus,sm_2_vox,4,0.07639779130106489,0.07409844165882692,0.610276651806916,PPA
14,sus,sm_2_vox,5,0.12045947597506144,0.1263841891109535,0.6284703660783617,PPA
14,sus,sm_2_vox,6,0.12208791956999304,0.11868821897059643,0.511760380940984,PPA
14,sus,sm_2_vox,7,0.11925034163532604,0.10746240686369292,0.5257970727603453,PPA
14,sus,sm_2_vox,8,0.13580167348855976,0.13555714316606315,0.6465094649469616,PPA
14,sus,sm_2_vox,9,0.13643326515302207,0.14069541186190754,0.638555352754095,PPA
14,sus,sm_2_vox,10,0.12125344781918021,0.12253975751161579,0.5691361449651982,PPA
14,miniblock,unsmoothed,1,0.08274675236398168,0.08059970295757524,0.6522625455370001,PPA
14,miniblock,unsmoothed,2,0.09024442000275357,0.08675803882437602,0.6295091919811355,PPA
14,miniblock,unsmoothed,3,0.0865767822463687,0.08972398690480404,0.6361517602198896,PPA
14,miniblock,unsmoothed,4,0.06473269952866369,0.06123818728882376,0.7218687620251855,PPA
14,miniblock,unsmoothed,5,0.0238884521604425,0.0302964207012041,0.6270232862209841,PPA
14,miniblock,unsmoothed,6,0.05412935530441908,0.06221204308630477,0.6770218173574445,PPA
14,miniblock,unsmoothed,7,0.06150568271414892,0.06540509474317373,0.6183577496232473,PPA
14,miniblock,unsmoothed,8,0.06257065567290768,0.06206514990639876,0.6800662858583382,PPA
14,miniblock,unsmoothed,9,0.06345399630155961,0.06910602669459018,0.6524825088948758,PPA
14,miniblock,unsmoothed,10,0.09432962871263623,0.09376189348726212,0.6731427063557613,PPA
14,miniblock,sm_2_vox,1,0.23743266349795433,0.23525590669924815,0.8001510270612378,PPA
14,miniblock,sm_2_vox,2,0.2624166054849908,0.24964711678883103,0.7635581627398027,PPA
14,miniblock,sm_2_vox,3,0.2657977081147038,0.2504690855751271,0.810075466323456,PPA
14,miniblock,sm_2_vox,4,0.2372515039093278,0.23170625377243179,0.7802359603876838,PPA
14,miniblock,sm_2_vox,5,0.19020149505512773,0.19755784557189981,0.7807380031292773,PPA
14,miniblock,sm_2_vox,6,0.25733860080413196,0.26146495136619,0.7625188867777019,PPA
14,miniblock,sm_2_vox,7,0.2484310105576637,0.2406494900285233,0.7798640734978106,PPA
14,miniblock,sm_2_vox,8,0.26336894385201964,0.25572653777705645,0.7760049121484787,PPA
14,miniblock,sm_2_vox,9,0.25086482181462416,0.23897815720501658,0.7085441553673085,PPA
14,miniblock,sm_2_vox,10,0.2795527998608199,0.28064582635226776,0.7635639342225367,PPA
14,er,unsmoothed,1,0.01331017777696547,0.014007898679026775,0.5038777797425822,EBA
14,er,unsmoothed,2,-0.015568370857655105,-0.013123754630333315,0.5183956151992064,EBA
14,er,unsmoothed,3,0.04883920245097417,0.04252570613503979,0.5337159897504637,EBA
14,er,unsmoothed,4,0.027199099260575444,0.02931130083579018,0.5325530482802788,EBA
14,er,unsmoothed,5,0.035010596407736586,0.03418853391089143,0.582686020268166,EBA
14,er,unsmoothed,6,0.026035459105250736,0.019119015374263724,0.6118083796606381,EBA
14,er,unsmoothed,7,0.02087402654600982,0.01951025914584932,0.5742383468069706,EBA
14,er,unsmoothed,8,-0.008242804569637479,-0.006855807733668653,0.4755926989433114,EBA
14,er,unsmoothed,9,0.020221946313400033,0.020431062448332312,0.5574631565100179,EBA
14,er,unsmoothed,10,0.02449942005043386,0.023620770940192593,0.5415893135695697,EBA
14,er,sm_2_vox,1,0.06715185649115746,0.07488344402287939,0.6551536350318936,EBA
14,er,sm_2_vox,2,0.08198221580922768,0.07894500268641984,0.7134097512965486,EBA
14,er,sm_2_vox,3,0.11407102413163503,0.12470045431530373,0.7188705506150128,EBA
14,er,sm_2_vox,4,0.09696964144641046,0.09848319830858403,0.6804425205537888,EBA
14,er,sm_2_vox,5,0.09628641531965901,0.09225033847790676,0.6329968199327753,EBA
14,er,sm_2_vox,6,0.13707155315559505,0.13615806935640903,0.7058828773543223,EBA
14,er,sm_2_vox,7,0.09642489317174519,0.11012698950998975,0.7333271412750114,EBA
14,er,sm_2_vox,8,0.11488867012041608,0.11641781379206634,0.6344756745130717,EBA
14,er,sm_2_vox,9,0.1498611164291948,0.16114240758195453,0.7535872392829637,EBA
14,er,sm_2_vox,10,0.11960440848718114,0.13092953466106735,0.7017119797337672,EBA
14,sus,unsmoothed,1,0.05107607649053164,0.04845415856999229,0.6474639428491236,EBA
14,sus,unsmoothed,2,0.07841486892969614,0.0777991590183747,0.649140715756561,EBA
14,sus,unsmoothed,3,0.07134633082734301,0.07506943771014024,0.6837983818708763,EBA
14,sus,unsmoothed,4,0.07577472963403925,0.07932164514388074,0.6807945110170242,EBA
14,sus,unsmoothed,5,0.07479353750908044,0.08145911302410513,0.6994964743629208,EBA
14,sus,unsmoothed,6,0.08265002857282497,0.08651704048519027,0.7241261367545277,EBA
14,sus,unsmoothed,7,0.06891776555591532,0.0761003462026636,0.7410817116651709,EBA
14,sus,unsmoothed,8,0.04645122238544784,0.05158448553681552,0.7077107097681836,EBA
14,sus,unsmoothed,9,0.06399776201594876,0.06958572738247484,0.7898965052663478,EBA
14,sus,unsmoothed,10,0.07405294406468839,0.07637006956560584,0.7489619713513735,EBA
14,sus,sm_2_vox,1,0.11864774245854563,0.11903209194708374,0.7071941027903792,EBA
14,sus,sm_2_vox,2,0.13135102625949055,0.13061835453210985,0.7168652711440373,EBA
14,sus,sm_2_vox,3,0.13687880145216264,0.13643632714815665,0.8090002784169286,EBA
14,sus,sm_2_vox,4,0.11352465451034027,0.12040990214179616,0.7877118770707127,EBA
14,sus,sm_2_vox,5,0.13642273673742306,0.13809197851500035,0.7815663253527549,EBA
14,sus,sm_2_vox,6,0.12641430291142863,0.1258969039977533,0.8214837196507034,EBA
14,sus,sm_2_vox,7,0.19575386347183332,0.18841099118127153,0.7937527546587988,EBA
14,sus,sm_2_vox,8,0.11503307348551858,0.11082880005726349,0.8028529179793129,EBA
14,sus,sm_2_vox,9,0.11489260552323415,0.11845554178254196,0.8620649650778662,EBA
14,sus,sm_2_vox,10,0.1327495296191435,0.1302814892859395,0.8056369280432581,EBA
14,miniblock,unsmoothed,1,0.1093612562616956,0.12008348073060184,0.8581893049302227,EBA
14,miniblock,unsmoothed,2,0.08511929718842887,0.09911663051323674,0.8262895360311642,EBA
14,miniblock,unsmoothed,3,0.10033010433985022,0.11354546389935265,0.7810434580553154,EBA
14,miniblock,unsmoothed,4,0.09465051595431918,0.10634790140565148,0.7981979240344111,EBA
14,miniblock,unsmoothed,5,0.07191894813663394,0.08398479933181721,0.8435218002530721,EBA
14,miniblock,unsmoothed,6,0.10726509246261781,0.11816408587543284,0.7876023912630106,EBA
14,miniblock,unsmoothed,7,0.06976381997766738,0.0798678522651162,0.8169420037421217,EBA
14,miniblock,unsmoothed,8,0.09715397114320176,0.1055310336472674,0.8307678796442778,EBA
14,miniblock,unsmoothed,9,0.0706989731878552,0.08476846228258618,0.7724626922866231,EBA
14,miniblock,unsmoothed,10,0.12370247702562714,0.13311694199565716,0.8260174124418997,EBA
14,miniblock,sm_2_vox,1,0.18671711185524537,0.2158353593269853,0.8978172049526647,EBA
14,miniblock,sm_2_vox,2,0.22887809073922868,0.2496376139757535,0.8868116564413014,EBA
14,miniblock,sm_2_vox,3,0.17555775311975838,0.19709391988434527,0.8716215087789678,EBA
14,miniblock,sm_2_vox,4,0.20569373684450398,0.23202893495953272,0.8940355071949264,EBA
14,miniblock,sm_2_vox,5,0.20210195290819188,0.23146171040868646,0.924722604862952,EBA
14,miniblock,sm_2_vox,6,0.2145110962418093,0.22132100800806476,0.8446707527998185,EBA
14,miniblock,sm_2_vox,7,0.196063223011547,0.21513327592698867,0.8743936170751819,EBA
14,miniblock,sm_2_vox,8,0.22896797468776753,0.2408866169055151,0.8693817695329575,EBA
14,miniblock,sm_2_vox,9,0.183715440924554,0.20772022720439395,0.8803610095941221,EBA
14,miniblock,sm_2_vox,10,0.24908391300230376,0.27885994624322863,0.9261579348139368,EBA
14,er,unsmoothed,1,0.0031390877851116133,0.0025839197998028425,0.5298580517407392,EVC
14,er,unsmoothed,2,0.03992629951999571,0.04225728635520259,0.6555430683217465,EVC
14,er,unsmoothed,3,0.011855638308508686,0.009472681734974656,0.6277595973902719,EVC
14,er,unsmoothed,4,0.023462210954569997,0.022768425766922822,0.5855648403054897,EVC
14,er,unsmoothed,5,0.030533630472163578,0.02778739908550886,0.5670616578433155,EVC
14,er,unsmoothed,6,-0.011663635467112105,-0.011156303118375979,0.6080712160089355,EVC
14,er,unsmoothed,7,0.00761201359058216,0.0031965136118472957,0.5726881018478673,EVC
14,er,unsmoothed,8,-0.05597981221707719,-0.05381587480868738,0.597159550602679,EVC
14,er,unsmoothed,9,0.0155825052577203,0.011673665382625096,0.6117825928368649,EVC
14,er,unsmoothed,10,0.017060852119977786,0.017936064575035555,0.6580657992117745,EVC
14,er,sm_2_vox,1,0.03456274115921008,0.03682910632845851,0.5508651726478521,EVC
14,er,sm_2_vox,2,0.09859118113032009,0.0914152463609244,0.5684199292243461,EVC
14,er,sm_2_vox,3,0.06600170162770305,0.06636364406398458,0.6106655623928883,EVC
14,er,sm_2_vox,4,0.07491676092702204,0.06562400478123223,0.5713396196152791,EVC
14,er,sm_2_vox,5,0.07219380481442454,0.06287763148672483,0.5928764722048878,EVC
14,er,sm_2_vox,6,0.06313372762820814,0.05895009566638798,0.5471797233088973,EVC
14,er,sm_2_vox,7,0.06823591850293634,0.06649644198850718,0.6383759188934002,EVC
14,er,sm_2_vox,8,0.056543932153526946,0.056304848281695685,0.5598320641997747,EVC
14,er,sm_2_vox,9,0.07764671895542759,0.07858950909415253,0.6681837752205513,EVC
14,er,sm_2_vox,10,0.10818220101113216,0.10469660966731931,0.6655843117435956,EVC
14,sus,unsmoothed,1,0.06910486535437291,0.07224913527255483,0.6845229391317065,EVC
14,sus,unsmoothed,2,0.08621920698703091,0.08393837251455427,0.6217663974104329,EVC
14,sus,unsmoothed,3,0.07034498284128005,0.0652059582000454,0.5954605276250069,EVC
14,sus,unsmoothed,4,0.07507786304957445,0.07623202872453977,0.6064787027815255,EVC
14,sus,unsmoothed,5,0.08164640271997627,0.08199880243395694,0.6678633468814031,EVC
14,sus,unsmoothed,6,0.08274383702744384,0.07987488781274124,0.6665019088788223,EVC
14,sus,unsmoothed,7,0.056613600581313116,0.058394429426491166,0.6647517579732648,EVC
14,sus,unsmoothed,8,0.06412299225077983,0.06478272295914606,0.6656781502887901,EVC
14,sus,unsmoothed,9,0.05731532781793695,0.0601218361093239,0.6430780207387232,EVC
14,sus,unsmoothed,10,0.07896673030450188,0.07836913963451746,0.658875163924214,EVC
14,sus,sm_2_vox,1,0.15028272385117164,0.1431447163627061,0.6582505223017101,EVC
14,sus,sm_2_vox,2,0.13435418200802002,0.12721535680448587,0.6313716404325028,EVC
14,sus,sm_2_vox,3,0.10866897094857614,0.10580214432509774,0.6127945517726752,EVC
14,sus,sm_2_vox,4,0.1331653377887372,0.12146218101937876,0.6566106152552841,EVC
14,sus,sm_2_vox,5,0.16073980652070596,0.15138975329589557,0.7305090083952492,EVC
14,sus,sm_2_vox,6,0.1453234571069367,0.13129935235272705,0.6356125029833409,EVC
14,sus,sm_2_vox,7,0.17317598011195035,0.15436614708681262,0.6614968928730877,EVC
14,sus,sm_2_vox,8,0.13673289725464677,0.1321862935821392,0.6919462803788039,EVC
14,sus,sm_2_vox,9,0.1541999934365379,0.14505844193234713,0.6677394373351409,EVC
14,sus,sm_2_vox,10,0.17158506132040088,0.15511482277684943,0.7016628262912186,EVC
14,miniblock,unsmoothed,1,0.12425431732791337,0.13059428393734265,0.7597583943330488,EVC
14,miniblock,unsmoothed,2,0.10079728160354992,0.11159289674227024,0.7539758264129284,EVC
14,miniblock,unsmoothed,3,0.11769476300869874,0.12604794162326335,0.7854354481783269,EVC
14,miniblock,unsmoothed,4,0.10334595452781295,0.10991502125662315,0.7738251594293989,EVC
14,miniblock,unsmoothed,5,0.08235608219401624,0.09482429855006069,0.7052291838042839,EVC
14,miniblock,unsmoothed,6,0.08639218964643713,0.09566059767970234,0.7426695862949719,EVC
14,miniblock,unsmoothed,7,0.09979725868196077,0.10651439930160399,0.8007923892588469,EVC
14,miniblock,unsmoothed,8,0.09646089990871659,0.1049687957971739,0.798443450690699,EVC
14,miniblock,unsmoothed,9,0.10075522183850254,0.11162645171476422,0.7666384585776954,EVC
14,miniblock,unsmoothed,10,0.121807978448332,0.13925350268618186,0.8313298770325162,EVC
14,miniblock,sm_2_vox,1,0.25907278460695826,0.26113554975504255,0.8702292222937373,EVC
14,miniblock,sm_2_vox,2,0.24922361147350283,0.25024326758737364,0.8482311994166533,EVC
14,miniblock,sm_2_vox,3,0.24062898485607737,0.24467980395425223,0.8981275844678036,EVC
14,miniblock,sm_2_vox,4,0.24850463345798124,0.25901880339283967,0.8780769736488814,EVC
14,miniblock,sm_2_vox,5,0.21291010692485468,0.23124485727047733,0.824586221808651,EVC
14,miniblock,sm_2_vox,6,0.21508843936728891,0.22134068688634476,0.8580591515860829,EVC
14,miniblock,sm_2_vox,7,0.2620053065940515,0.2539104110618682,0.8483833704561445,EVC
14,miniblock,sm_2_vox,8,0.22464952212053457,0.23420661493222067,0.8316140286124645,EVC
14,miniblock,sm_2_vox,9,0.2294036252964981,0.2418902264553576,0.8600999309095516,EVC
14,miniblock,sm_2_vox,10,0.264607525880613,0.2592676234314172,0.9134596335674265,EVC
15,er,unsmoothed,1,0.02792490610920967,0.030253487280204196,0.6267773080700111,visually_responsive_voxels
15,er,unsmoothed,2,0.02920780599474572,0.0320338554973363,0.7768705256284512,visually_responsive_voxels
15,er,unsmoothed,3,0.029468189267308834,0.02937856449344817,0.7248602701812344,visually_responsive_voxels
15,er,unsmoothed,4,0.01808936593449295,0.0199574253114948,0.7149285695337948,visually_responsive_voxels
15,er,unsmoothed,5,0.04007620388227548,0.041296867946341936,0.7462195777945229,visually_responsive_voxels
15,er,unsmoothed,6,0.010368785942859615,0.012388298920492376,0.6748330293035605,visually_responsive_voxels
15,er,unsmoothed,7,0.012428760490176476,0.016610393109561004,0.633918660792797,visually_responsive_voxels
15,er,unsmoothed,8,0.03085419205657735,0.03273620983020139,0.7165591490953274,visually_responsive_voxels
15,er,unsmoothed,9,0.039659513704688225,0.04389942986661691,0.7117348574322994,visually_responsive_voxels
15,er,unsmoothed,10,0.012140751484514645,0.013242495255224118,0.635557223117864,visually_responsive_voxels
15,er,sm_2_vox,1,0.025324671132996232,0.0357293396709511,0.7984161826937923,visually_responsive_voxels
15,er,sm_2_vox,2,0.030070436720284827,0.042619727895152774,0.8467213274632047,visually_responsive_voxels
15,er,sm_2_vox,3,0.022912340420262696,0.03313478688702541,0.7858288966692035,visually_responsive_voxels
15,er,sm_2_vox,4,0.02714093054287413,0.041751644544133354,0.7938638009983154,visually_responsive_voxels
15,er,sm_2_vox,5,0.06470450711900952,0.07867918055852191,0.8039027228688851,visually_responsive_voxels
15,er,sm_2_vox,6,0.01903132760743154,0.02923465678107874,0.8109545316696625,visually_responsive_voxels
15,er,sm_2_vox,7,0.030345207397784422,0.04268838772032781,0.7720252102542043,visually_responsive_voxels
15,er,sm_2_vox,8,0.05856291288133742,0.07154628530814465,0.7942456345920836,visually_responsive_voxels
15,er,sm_2_vox,9,0.050333423750451564,0.06286051532021039,0.8014281243422903,visually_responsive_voxels
15,er,sm_2_vox,10,0.03811261520545989,0.047453139934487555,0.7518852520648174,visually_responsive_voxels
15,sus,unsmoothed,1,0.015133564694630591,0.03819396098146692,0.8841418762198501,visually_responsive_voxels
15,sus,unsmoothed,2,0.03949220028822084,0.06153332700672629,0.8977357656602705,visually_responsive_voxels
15,sus,unsmoothed,3,0.03619355944675143,0.05457327626842998,0.8797570326952441,visually_responsive_voxels
15,sus,unsmoothed,4,0.04623273663061234,0.06511311566872396,0.9041902249262306,visually_responsive_voxels
15,sus,unsmoothed,5,0.04569344730226792,0.06767664883090342,0.8966336523535884,visually_responsive_voxels
15,sus,unsmoothed,6,0.05859375676211747,0.07795883787040378,0.915321972407092,visually_responsive_voxels
15,sus,unsmoothed,7,0.04401941512951043,0.06302631503730385,0.9074166438679367,visually_responsive_voxels
15,sus,unsmoothed,8,0.03330102175194978,0.05286172938857587,0.9019607341212181,visually_responsive_voxels
15,sus,unsmoothed,9,0.05354623236223975,0.07211411222079686,0.880825520886446,visually_responsive_voxels
15,sus,unsmoothed,10,0.033321136604584294,0.05467413037934059,0.8938061892153724,visually_responsive_voxels
15,sus,sm_2_vox,1,0.06551609476587852,0.11830738512164723,0.9230360125307797,visually_responsive_voxels
15,sus,sm_2_vox,2,0.11341658535490559,0.15456086684540815,0.9106050282688841,visually_responsive_voxels
15,sus,sm_2_vox,3,0.07520519895493433,0.12404428930690539,0.9075220103707817,visually_responsive_voxels
15,sus,sm_2_vox,4,0.09394499383157083,0.14521999040355815,0.9346077532122397,visually_responsive_voxels
15,sus,sm_2_vox,5,0.08659053155871783,0.13511553929512943,0.9226864272641354,visually_responsive_voxels
15,sus,sm_2_vox,6,0.07768976521193857,0.12422438991360503,0.923010948460379,visually_responsive_voxels
15,sus,sm_2_vox,7,0.07348451994839442,0.12734207565375846,0.935311041642718,visually_responsive_voxels
15,sus,sm_2_vox,8,0.07584573906152872,0.12833351546539568,0.9221214015398567,visually_responsive_voxels
15,sus,sm_2_vox,9,0.08836237770936407,0.13652618805951416,0.90637863542955,visually_responsive_voxels
15,sus,sm_2_vox,10,0.07108097028223076,0.12353233061837982,0.9256353992465498,visually_responsive_voxels
15,miniblock,unsmoothed,1,0.028270588982696992,0.06073726837020211,0.9243326577989859,visually_responsive_voxels
15,miniblock,unsmoothed,2,0.04003816293118375,0.06581432312356225,0.915754386805071,visually_responsive_voxels
15,miniblock,unsmoothed,3,0.04646255785465975,0.07347051112576268,0.9304946019804514,visually_responsive_voxels
15,miniblock,unsmoothed,4,0.04334401946623022,0.06990551127844367,0.9179283316026405,visually_responsive_voxels
15,miniblock,unsmoothed,5,0.015823137135994886,0.04507737475023525,0.9124367524346859,visually_responsive_voxels
15,miniblock,unsmoothed,6,0.06396669143404768,0.0903884228820764,0.9152377340366379,visually_responsive_voxels
15,miniblock,unsmoothed,7,0.015143981072943454,0.04262460234724418,0.9502928148134402,visually_responsive_voxels
15,miniblock,unsmoothed,8,0.055450089835916205,0.08308966089728059,0.9276956407610235,visually_responsive_voxels
15,miniblock,unsmoothed,9,0.027733788568352406,0.05499947882159632,0.9173572389024669,visually_responsive_voxels
15,miniblock,unsmoothed,10,0.023489891991918494,0.052671826480200384,0.9163019322684618,visually_responsive_voxels
15,miniblock,sm_2_vox,1,0.0934027249401424,0.15109604269568347,0.9354009439095603,visually_responsive_voxels
15,miniblock,sm_2_vox,2,0.10326367981238602,0.16505577219574244,0.941818041605643,visually_responsive_voxels
15,miniblock,sm_2_vox,3,0.13510130311817187,0.18100714457313669,0.9316060658413942,visually_responsive_voxels
15,miniblock,sm_2_vox,4,0.08917899921642095,0.14983782006250249,0.9408502409181851,visually_responsive_voxels
15,miniblock,sm_2_vox,5,0.09353291997554415,0.14574820692877982,0.9192659561354822,visually_responsive_voxels
15,miniblock,sm_2_vox,6,0.11372120265237391,0.16961269112295269,0.933261353971123,visually_responsive_voxels
15,miniblock,sm_2_vox,7,0.09299297899532342,0.14912145093504436,0.9474250417101984,visually_responsive_voxels
15,miniblock,sm_2_vox,8,0.10398422344554781,0.16351389915935488,0.9379626833219831,visually_responsive_voxels
15,miniblock,sm_2_vox,9,0.09251105914201978,0.1517179740896546,0.9381961005847841,visually_responsive_voxels
15,miniblock,sm_2_vox,10,0.09094923962831215,0.1430099254222015,0.9191099084315706,visually_responsive_voxels
15,er,unsmoothed,1,0.07222956888642565,0.0713516599796561,0.5679472991316092,FFA
15,er,unsmoothed,2,0.08396375814781093,0.08920973217533594,0.642464743729279,FFA
15,er,unsmoothed,3,0.06170651259609548,0.06726629080907279,0.5927860798407687,FFA
15,er,unsmoothed,4,0.05358555519619171,0.061361052711379906,0.6130995147637778,FFA
15,er,unsmoothed,5,0.0734687384469351,0.08615964701127579,0.5881466545737418,FFA
15,er,unsmoothed,6,0.041174048770428434,0.054132839763325544,0.5449016872203151,FFA
15,er,unsmoothed,7,0.06522161572628808,0.06895199617355893,0.5769305459928363,FFA
15,er,unsmoothed,8,0.07965398818746039,0.08396841944226041,0.5994050776604184,FFA
15,er,unsmoothed,9,0.08155454838586254,0.08623855951357609,0.606442591413412,FFA
15,er,unsmoothed,10,0.06812341858347164,0.06623040396670267,0.5518385061914042,FFA
15,er,sm_2_vox,1,0.23866350323686897,0.23019944103705706,0.7082446846278642,FFA
15,er,sm_2_vox,2,0.224148809789552,0.2286034385073877,0.7724573993777251,FFA
15,er,sm_2_vox,3,0.2209769303207091,0.2222846911796135,0.7560460202731973,FFA
15,er,sm_2_vox,4,0.26325953765728344,0.26830899713367623,0.7453629086479934,FFA
15,er,sm_2_vox,5,0.2566754724232498,0.2586258879368258,0.7958792375392454,FFA
15,er,sm_2_vox,6,0.2523239363386983,0.2440881569945032,0.7451460381406602,FFA
15,er,sm_2_vox,7,0.24056985703237382,0.2409267389239032,0.7720252102542043,FFA
15,er,sm_2_vox,8,0.28349158665352114,0.26987888362804047,0.7370858681901903,FFA
15,er,sm_2_vox,9,0.2493982837735497,0.24476633103753223,0.7182135983246017,FFA
15,er,sm_2_vox,10,0.2520791288601118,0.24748406791820368,0.6951678975180865,FFA
15,sus,unsmoothed,1,0.17684301057681476,0.19979328627278226,0.8148001489315451,FFA
15,sus,unsmoothed,2,0.18895990963195766,0.21478688469308363,0.8374224138594537,FFA
15,sus,unsmoothed,3,0.20146527266613812,0.2278303434530624,0.786803730119022,FFA
15,sus,unsmoothed,4,0.18801682031280062,0.21055014926894472,0.8561182077674508,FFA
15,sus,unsmoothed,5,0.19078556355677934,0.21949741759925284,0.8355259993592203,FFA
15,sus,unsmoothed,6,0.217469605871736,0.24247626541596856,0.8347148753307285,FFA
15,sus,unsmoothed,7,0.2188018303336998,0.231216341942619,0.8381626655452996,FFA
15,sus,unsmoothed,8,0.21650112495627116,0.22853151546183728,0.8270274089508093,FFA
15,sus,unsmoothed,9,0.22045434636972666,0.24427271318380542,0.8688064603281308,FFA
15,sus,unsmoothed,10,0.2018637832247818,0.22581017709098172,0.8176348395418136,FFA
15,sus,sm_2_vox,1,0.5644164315435871,0.5003810087921746,0.8840949598842416,FFA
15,sus,sm_2_vox,2,0.5923594656648764,0.5365718202078343,0.8699225717828967,FFA
15,sus,sm_2_vox,3,0.6061319754580023,0.550403389604903,0.8748873841575883,FFA
15,sus,sm_2_vox,4,0.5424135327279593,0.49492506176749207,0.8813500642090873,FFA
15,sus,sm_2_vox,5,0.5633788113980707,0.5110006275025546,0.876949252964632,FFA
15,sus,sm_2_vox,6,0.5804249616743086,0.5354561277045137,0.8905834789616697,FFA
15,sus,sm_2_vox,7,0.5955849288840669,0.5399910095304391,0.8996615713259989,FFA
15,sus,sm_2_vox,8,0.5631645415363544,0.5156305305169563,0.8920219655152909,FFA
15,sus,sm_2_vox,9,0.6320521012776346,0.568771305815897,0.9088786023722326,FFA
15,sus,sm_2_vox,10,0.6025423316122597,0.5508595452832706,0.9165565226544501,FFA
15,miniblock,unsmoothed,1,0.28173997325364447,0.2803009582178478,0.90602955614055,FFA
15,miniblock,unsmoothed,2,0.25386957345436806,0.26563791760432803,0.8545058828236752,FFA
15,miniblock,unsmoothed,3,0.2991998062869382,0.2858046752722969,0.886766649921621,FFA
15,miniblock,unsmoothed,4,0.28072448008746786,0.28176922395479514,0.8930862200116907,FFA
15,miniblock,unsmoothed,5,0.25526347384158776,0.26029475606475044,0.8728914974288805,FFA
15,miniblock,unsmoothed,6,0.3014897728648781,0.2975598227459806,0.9152377340366379,FFA
15,miniblock,unsmoothed,7,0.22446724522141498,0.2558548590312284,0.8723793810989959,FFA
15,miniblock,unsmoothed,8,0.2741300763776112,0.28658541989349356,0.8671003547175672,FFA
15,miniblock,unsmoothed,9,0.25165980656684,0.25446795727995264,0.8970675826020001,FFA
15,miniblock,unsmoothed,10,0.24350737996167185,0.25380809772749413,0.8783445731198051,FFA
15,miniblock,sm_2_vox,1,0.6635672051421708,0.5881220515177731,0.9354009439095603,FFA
15,miniblock,sm_2_vox,2,0.6785583149849868,0.5864052188479886,0.9067651968234045,FFA
15,miniblock,sm_2_vox,3,0.6392040860900017,0.5833426689275596,0.9396170649939324,FFA
15,miniblock,sm_2_vox,4,0.6729147322290157,0.5998461595170371,0.9451076331571052,FFA
15,miniblock,sm_2_vox,5,0.6472416678941342,0.5709104053580617,0.8982008500207206,FFA
15,miniblock,sm_2_vox,6,0.6493122719323086,0.574204341003125,0.9209183490536178,FFA
15,miniblock,sm_2_vox,7,0.6296132922742643,0.572313467107964,0.9293443907279297,FFA
15,miniblock,sm_2_vox,8,0.6688317590110686,0.6052457175392002,0.9280811771857445,FFA
15,miniblock,sm_2_vox,9,0.6440447116983761,0.5844647523512809,0.9339262838816805,FFA
15,miniblock,sm_2_vox,10,0.6328657382451035,0.5808191324495117,0.9406688945557465,FFA
15,er,unsmoothed,1,0.04171846757290454,0.043073371764814475,0.5232081524476915,PPA
15,er,unsmoothed,2,0.02231081056830866,0.03398166372739489,0.5009944132986608,PPA
15,er,unsmoothed,3,0.027725738834560643,0.03011307185385261,0.5231698056140837,PPA
15,er,unsmoothed,4,0.0059552646707701495,0.00885215241105544,0.48479574950487914,PPA
15,er,unsmoothed,5,0.037537928570446716,0.040264542743772176,0.5481131498005081,PPA
15,er,unsmoothed,6,0.009948868839956496,0.00882171536038589,0.4657934785515111,PPA
15,er,unsmoothed,7,0.015112184334067455,0.014197677998301537,0.4163982009465863,PPA
15,er,unsmoothed,8,0.020747878151078647,0.025618098068323925,0.5418791327247796,PPA
15,er,unsmoothed,9,0.030456672272228688,0.03405324604706179,0.5676478611324705,PPA
15,er,unsmoothed,10,0.007011226634071138,0.0038723115588829957,0.5387177901802397,PPA
15,er,sm_2_vox,1,0.08843703484877813,0.10146794208108961,0.7353855671884987,PPA
15,er,sm_2_vox,2,0.09005681845693836,0.09078557707665101,0.5556751789784571,PPA
15,er,sm_2_vox,3,0.07726893652496485,0.08625932632919055,0.6460418279703355,PPA
15,er,sm_2_vox,4,0.09230734233155952,0.10163695063254485,0.5932764206834186,PPA
15,er,sm_2_vox,5,0.10860961358462891,0.11445236723162032,0.6684027833590045,PPA
15,er,sm_2_vox,6,0.07883276957063512,0.08255150191608135,0.6184650556135629,PPA
15,er,sm_2_vox,7,0.06818576558729067,0.07362908163663219,0.561384991059737,PPA
15,er,sm_2_vox,8,0.09023820372577585,0.10574387150894259,0.6554620047209082,PPA
15,er,sm_2_vox,9,0.08624777940608334,0.08953654874461285,0.6321740838730721,PPA
15,er,sm_2_vox,10,0.06508331036976919,0.07866387601198123,0.6162359939409623,PPA
15,sus,unsmoothed,1,0.049372278430107164,0.0544660902585248,0.6315100205149404,PPA
15,sus,unsmoothed,2,0.06048537155906507,0.05980693063820688,0.5708853004556016,PPA
15,sus,unsmoothed,3,0.05021511498417383,0.05628004921327381,0.6342473469604408,PPA
15,sus,unsmoothed,4,0.06398092925817474,0.07118730371703068,0.729725065861532,PPA
15,sus,unsmoothed,5,0.057275323095844745,0.0653327372191401,0.7343431261711619,PPA
15,sus,unsmoothed,6,0.0756253767660843,0.080356370457687,0.6911867953558647,PPA
15,sus,unsmoothed,7,0.049518263973390195,0.05743835559924042,0.7116317873703588,PPA
15,sus,unsmoothed,8,0.0521756246896741,0.05624635264730096,0.6647097784885172,PPA
15,sus,unsmoothed,9,0.053426861652523534,0.06652821521336867,0.705845184161146,PPA
15,sus,unsmoothed,10,0.046673470883384666,0.04555001331326529,0.6504619823484854,PPA
15,sus,sm_2_vox,1,0.19463086056646128,0.2084268410865181,0.758869929120783,PPA
15,sus,sm_2_vox,2,0.1776528503648397,0.1964764141528099,0.7380279792925636,PPA
15,sus,sm_2_vox,3,0.2054424168954243,0.22159741039422143,0.8093579945140754,PPA
15,sus,sm_2_vox,4,0.2074377295927262,0.22886376795675895,0.8196315448195757,PPA
15,sus,sm_2_vox,5,0.21650209896494615,0.22101408031801906,0.834659569375887,PPA
15,sus,sm_2_vox,6,0.2276145301639472,0.22947917255686942,0.7605983362792414,PPA
15,sus,sm_2_vox,7,0.2041620376078433,0.21164423168245727,0.7558045583757071,PPA
15,sus,sm_2_vox,8,0.18698262442182095,0.20190844753746337,0.7976942353886182,PPA
15,sus,sm_2_vox,9,0.2124962734423496,0.22799846902954976,0.7738023332401575,PPA
15,sus,sm_2_vox,10,0.21504136155876113,0.22735087419108801,0.7939331521489168,PPA
15,miniblock,unsmoothed,1,0.06928759461690565,0.08019082835940637,0.7432155911444799,PPA
15,miniblock,unsmoothed,2,0.07023497705542855,0.07802092976828277,0.7784083647218796,PPA
15,miniblock,unsmoothed,3,0.0998499606079489,0.10515819262709519,0.7413602725797322,PPA
15,miniblock,unsmoothed,4,0.08661786840200857,0.09023923054446835,0.7378495994747134,PPA
15,miniblock,unsmoothed,5,0.07379931600770584,0.0854437395900026,0.6611694189964122,PPA
15,miniblock,unsmoothed,6,0.10222049559826081,0.10941106636203693,0.7118754379708881,PPA
15,miniblock,unsmoothed,7,0.06253950467258913,0.07249201740607886,0.7264678832627591,PPA
15,miniblock,unsmoothed,8,0.0982832391025169,0.10349987838012495,0.778266119670771,PPA
15,miniblock,unsmoothed,9,0.061180895969837605,0.06744239057201788,0.7363482807694046,PPA
15,miniblock,unsmoothed,10,0.0554382435558638,0.06805068497516616,0.6688402027020741,PPA
15,miniblock,sm_2_vox,1,0.19485772212273283,0.20548937163663464,0.7961661388397767,PPA
15,miniblock,sm_2_vox,2,0.19485348492805513,0.2140512068620583,0.8131726043576055,PPA
15,miniblock,sm_2_vox,3,0.2311456057286911,0.2524500068384047,0.794331103693591,PPA
15,miniblock,sm_2_vox,4,0.20101559648097245,0.214958823525531,0.8010928382920284,PPA
15,miniblock,sm_2_vox,5,0.20621008828836987,0.21973208253484486,0.7893528976387119,PPA
15,miniblock,sm_2_vox,6,0.21736523382145517,0.22888521321207492,0.8252351056756457,PPA
15,miniblock,sm_2_vox,7,0.15363567398816727,0.16936845138962905,0.810701346158715,PPA
15,miniblock,sm_2_vox,8,0.19521971515727995,0.22311057917183152,0.8259384893472259,PPA
15,miniblock,sm_2_vox,9,0.18056461285735947,0.20547516592530624,0.8214783718773815,PPA
15,miniblock,sm_2_vox,10,0.15780296047114745,0.1804193927645389,0.7484918807831216,PPA
15,er,unsmoothed,1,0.05205853705746747,0.04617356303912461,0.5473481519610822,EBA
15,er,unsmoothed,2,0.059495352817681244,0.05786889497185935,0.6602558694523515,EBA
15,er,unsmoothed,3,0.04697297372426194,0.048182476641236,0.6238068966722381,EBA
15,er,unsmoothed,4,0.042918386615049126,0.04140714679601236,0.5663600968641438,EBA
15,er,unsmoothed,5,0.05775233579362618,0.06058028866650304,0.623887069780221,EBA
15,er,unsmoothed,6,0.03213035251664477,0.029425390116077844,0.557749024123007,EBA
15,er,unsmoothed,7,0.044590589852675826,0.042065328882129,0.5116164072904753,EBA
15,er,unsmoothed,8,0.0543988274515719,0.05605780444255918,0.5500440505625152,EBA
15,er,unsmoothed,9,0.057689306473392585,0.054248489401983804,0.5985616483560248,EBA
15,er,unsmoothed,10,0.048354866434720034,0.04128076432399183,0.49823382719604825,EBA
15,er,sm_2_vox,1,0.07589797837215968,0.07959628300243966,0.6199056592385673,EBA
15,er,sm_2_vox,2,0.09136551611006807,0.08696186294658657,0.673664184754916,EBA
15,er,sm_2_vox,3,0.07017486530930912,0.0825471231972383,0.7515762345070137,EBA
15,er,sm_2_vox,4,0.0682833893559426,0.07386298887732497,0.7265377814446485,EBA
15,er,sm_2_vox,5,0.12680451950761618,0.1273564812250126,0.7293928183955095,EBA
15,er,sm_2_vox,6,0.034580706936035724,0.0405560348811341,0.7062831497065883,EBA
15,er,sm_2_vox,7,0.10178050996073522,0.10402362663313322,0.6062920114738068,EBA
15,er,sm_2_vox,8,0.1308901421797122,0.14001590233646247,0.6930257340436677,EBA
15,er,sm_2_vox,9,0.13037469580881164,0.12769680222037505,0.6879600064583844,EBA
15,er,sm_2_vox,10,0.12861552992869632,0.1253298671948664,0.643658000982948,EBA
15,sus,unsmoothed,1,0.04098791426413461,0.05580964635931539,0.7472572208723536,EBA
15,sus,unsmoothed,2,0.06128293329692812,0.07610363322783628,0.735246020046838,EBA
15,sus,unsmoothed,3,0.05551330854474873,0.06810339648112404,0.7621581603191847,EBA
15,sus,unsmoothed,4,0.056239586902741445,0.07120689344431812,0.7602255488715859,EBA
15,sus,unsmoothed,5,0.07465511052973524,0.08586428737035139,0.7712775492030826,EBA
15,sus,unsmoothed,6,0.07425901366014727,0.08954056621396597,0.7405500008203674,EBA
15,sus,unsmoothed,7,0.0730821524894123,0.08367645386802317,0.7652245168387284,EBA
15,sus,unsmoothed,8,0.06251720149445165,0.07743930025239898,0.7350467383356509,EBA
15,sus,unsmoothed,9,0.08210780191197255,0.09833581296204538,0.7959346214229124,EBA
15,sus,unsmoothed,10,0.069750743695525,0.07916760701113087,0.7375593047615607,EBA
15,sus,sm_2_vox,1,0.165277798066436,0.18891424863361214,0.8134832474515588,EBA
15,sus,sm_2_vox,2,0.2325127367258481,0.2458259876682894,0.8075720916998611,EBA
15,sus,sm_2_vox,3,0.1944296972620369,0.21542993044350817,0.8826775683693718,EBA
15,sus,sm_2_vox,4,0.16883270099741843,0.1929194389433978,0.8127146142909151,EBA
15,sus,sm_2_vox,5,0.2404307661747419,0.23969477723856136,0.8200420880227688,EBA
15,sus,sm_2_vox,6,0.21543956954664678,0.22827263667475528,0.8144584554290668,EBA
15,sus,sm_2_vox,7,0.23901353754895896,0.24974330230012057,0.7984546862077836,EBA
15,sus,sm_2_vox,8,0.21116295936168417,0.23423911910403258,0.8290167152938083,EBA
15,sus,sm_2_vox,9,0.21969023871875218,0.2431823139575705,0.8608621183859063,EBA
15,sus,sm_2_vox,10,0.20402422980984375,0.22066668903837147,0.8128975578550492,EBA
15,miniblock,unsmoothed,1,0.09183990239545832,0.11194300103528093,0.8488416465166991,EBA
15,miniblock,unsmoothed,2,0.07906247861658797,0.09925013836514873,0.8500807809410797,EBA
15,miniblock,unsmoothed,3,0.09158997522192053,0.10464712357928797,0.8275879592541621,EBA
15,miniblock,unsmoothed,4,0.09587530002244482,0.11693860934023562,0.809365882148974,EBA
15,miniblock,unsmoothed,5,0.05998935042023941,0.08567727743000551,0.8122122909302553,EBA
15,miniblock,unsmoothed,6,0.10960929141150677,0.12486093745990601,0.8782578365875511,EBA
15,miniblock,unsmoothed,7,0.07173350584793943,0.0905552279174782,0.827472295195945,EBA
15,miniblock,unsmoothed,8,0.09025346893466532,0.11316262039752056,0.8147774851939321,EBA
15,miniblock,unsmoothed,9,0.07999015936150364,0.09778448752872315,0.8464372616276883,EBA
15,miniblock,unsmoothed,10,0.06273793187775283,0.08583288162488933,0.8139949968493471,EBA
15,miniblock,sm_2_vox,1,0.26524055580644507,0.2785515520722047,0.8896555843889595,EBA
15,miniblock,sm_2_vox,2,0.26322870004282445,0.28508786342146886,0.8783613653631317,EBA
15,miniblock,sm_2_vox,3,0.27726881884410504,0.2994004370488779,0.8936215271112729,EBA
15,miniblock,sm_2_vox,4,0.27672585507302794,0.30168427624335487,0.8954832387852847,EBA
15,miniblock,sm_2_vox,5,0.23786486964362108,0.2614519814845712,0.8689173550563831,EBA
15,miniblock,sm_2_vox,6,0.25441268892816227,0.280343563561594,0.8933462001481385,EBA
15,miniblock,sm_2_vox,7,0.2394404103316179,0.27010426367607965,0.8799025150341466,EBA
15,miniblock,sm_2_vox,8,0.2714547796727302,0.2852204893032614,0.8501345686153965,EBA
15,miniblock,sm_2_vox,9,0.2878377693249144,0.29721599426484635,0.8988151087475946,EBA
15,miniblock,sm_2_vox,10,0.2470113235257289,0.2718774200428786,0.8991760249428583,EBA
15,er,unsmoothed,1,0.05870564427111341,0.06438214047121388,0.6872091608972706,EVC
15,er,unsmoothed,2,0.05985420214638901,0.06973741380749089,0.7982996131750323,EVC
15,er,unsmoothed,3,0.06013220205039378,0.06597075586101295,0.7918508563664043,EVC
15,er,unsmoothed,4,0.05340496742556816,0.059595845853436934,0.7739779374939008,EVC
15,er,unsmoothed,5,0.07193949699971044,0.08033511304492329,0.7462195777945229,EVC
15,er,unsmoothed,6,0.04403833139778083,0.04976037042371547,0.6778022524846073,EVC
15,er,unsmoothed,7,0.042337572825354386,0.04800342409323327,0.682944710018162,EVC
15,er,unsmoothed,8,0.06608774718718584,0.07023956021542918,0.7280207987294367,EVC
15,er,unsmoothed,9,0.07545505474763503,0.08398754189304879,0.7177071842212986,EVC
15,er,unsmoothed,10,0.03218819610194096,0.03544810313379281,0.6480786058025098,EVC
15,er,sm_2_vox,1,0.14058120721704748,0.15412122232412045,0.8079826620261044,EVC
15,er,sm_2_vox,2,0.13010720824560815,0.15648166041190148,0.8910969692893574,EVC
15,er,sm_2_vox,3,0.10192808404278289,0.12666080550068257,0.7980700248566353,EVC
15,er,sm_2_vox,4,0.09126128568348262,0.1274248862851433,0.8244905412128392,EVC
15,er,sm_2_vox,5,0.15204741000196628,0.17387174896641183,0.8140749949990931,EVC
15,er,sm_2_vox,6,0.09115473940827057,0.11976850774295288,0.8134712926516376,EVC
15,er,sm_2_vox,7,0.11062810311675679,0.1423088608668954,0.8167306809002473,EVC
15,er,sm_2_vox,8,0.16434255733159553,0.18302051484015355,0.8014796310404767,EVC
15,er,sm_2_vox,9,0.12678544695576316,0.16394371244648565,0.852979825261907,EVC
15,er,sm_2_vox,10,0.09092907379018378,0.11398363974372222,0.803104322147191,EVC
15,sus,unsmoothed,1,0.10434419426693985,0.15664831763738732,0.8841418762198501,EVC
15,sus,unsmoothed,2,0.1260413051365934,0.17690729066769714,0.9000438841674949,EVC
15,sus,unsmoothed,3,0.11220931142739135,0.1616977665511299,0.9130693442226661,EVC
15,sus,unsmoothed,4,0.12982584851414752,0.17952941361870509,0.9139572754419487,EVC
15,sus,unsmoothed,5,0.13706513480472154,0.18893596215061648,0.8966336523535884,EVC
15,sus,unsmoothed,6,0.14049417167754516,0.19323647999360585,0.915321972407092,EVC
15,sus,unsmoothed,7,0.13094773347885305,0.1770568255452635,0.9074166438679367,EVC
15,sus,unsmoothed,8,0.11860644529943387,0.16872011781583285,0.9019607341212181,EVC
15,sus,unsmoothed,9,0.14085115855679867,0.18435014879646636,0.880825520886446,EVC
15,sus,unsmoothed,10,0.13657960834195493,0.1840235213144573,0.8938061892153724,EVC
15,sus,sm_2_vox,1,0.3470730184329501,0.36949845656194574,0.9230360125307797,EVC
15,sus,sm_2_vox,2,0.3355766268236668,0.37276457617938363,0.9156315684262721,EVC
15,sus,sm_2_vox,3,0.29423643455174264,0.3482701029079918,0.9328153618540455,EVC
15,sus,sm_2_vox,4,0.36133775823534797,0.38418262871817077,0.9352063956846046,EVC
15,sus,sm_2_vox,5,0.3164312875957689,0.3603410591221895,0.9226864272641354,EVC
15,sus,sm_2_vox,6,0.30039442838918645,0.35247581820979573,0.9358363125448421,EVC
15,sus,sm_2_vox,7,0.33174118578781137,0.3687843356748649,0.935311041642718,EVC
15,sus,sm_2_vox,8,0.3634529505890395,0.3900108118797809,0.9221214015398567,EVC
15,sus,sm_2_vox,9,0.3255117928778649,0.3579655349201477,0.9142512733821542,EVC
15,sus,sm_2_vox,10,0.3451981746959266,0.36958175024383183,0.9271419273546575,EVC
15,miniblock,unsmoothed,1,0.09910236303371169,0.16425231585747255,0.9243326577989859,EVC
15,miniblock,unsmoothed,2,0.12296605630126839,0.17742325096349745,0.9383153141076129,EVC
15,miniblock,unsmoothed,3,0.14068873841700555,0.19375884474122057,0.9373392300349029,EVC
15,miniblock,unsmoothed,4,0.12765256332994945,0.1809207432757618,0.9251844270139142,EVC
15,miniblock,unsmoothed,5,0.1088444721840709,0.16195051479176573,0.9124367524346859,EVC
15,miniblock,unsmoothed,6,0.14404794227119935,0.2027348976287437,0.9133642038030663,EVC
15,miniblock,unsmoothed,7,0.09554981205640994,0.15688845548420938,0.9502928148134402,EVC
15,miniblock,unsmoothed,8,0.14591004864439205,0.1993300645888064,0.9332624880053833,EVC
15,miniblock,unsmoothed,9,0.12003388539774629,0.17423788197492088,0.934210564706297,EVC
15,miniblock,unsmoothed,10,0.09823300564527279,0.15555455337377885,0.9227357301281429,EVC
15,miniblock,sm_2_vox,1,0.303387205745658,0.3497429384315289,0.9240285123723944,EVC
15,miniblock,sm_2_vox,2,0.29043318113867816,0.3474586875477311,0.9486330203222333,EVC
15,miniblock,sm_2_vox,3,0.3129669033953272,0.3630714954616474,0.9430780242486261,EVC
15,miniblock,sm_2_vox,4,0.2708115072540265,0.34241850761852055,0.9457199167087573,EVC
15,miniblock,sm_2_vox,5,0.2637229202647394,0.3267046866056521,0.9257288882983001,EVC
15,miniblock,sm_2_vox,6,0.29755865911782936,0.35341731073242494,0.933261353971123,EVC
15,miniblock,sm_2_vox,7,0.25389990515730476,0.33342456440446433,0.951429997195586,EVC
15,miniblock,sm_2_vox,8,0.2587564584519234,0.33988979183851326,0.9379626833219831,EVC
15,miniblock,sm_2_vox,9,0.3081499577122458,0.3503102446348418,0.9455204703845261,EVC
15,miniblock,sm_2_vox,10,0.26021484566937936,0.3187709278359065,0.9238859667687933,EVC
17,er,unsmoothed,1,0.0021621157637898396,0.003533680472856954,0.7024723234838227,visually_responsive_voxels
17,er,unsmoothed,2,0.003218149044370018,0.0021210750614303986,0.5957186685197036,visually_responsive_voxels
17,er,unsmoothed,3,-0.006061528880801385,-0.0036882622962357042,0.6478298741772976,visually_responsive_voxels
17,er,unsmoothed,4,-0.005183741359227065,-0.004718693185357628,0.6308968092437091,visually_responsive_voxels
17,er,unsmoothed,5,6.699261886446498e-05,0.0032319602613486297,0.6402830123060497,visually_responsive_voxels
17,er,unsmoothed,6,-0.004353300550787489,-0.0031214312736565436,0.5979607041913532,visually_responsive_voxels
17,er,unsmoothed,7,0.013660641157416444,0.014942953052467312,0.6808744028589646,visually_responsive_voxels
17,er,unsmoothed,8,0.003362908628584408,0.004099109621230077,0.6495126219184176,visually_responsive_voxels
17,er,unsmoothed,9,0.004013196374280839,0.004183053311644491,0.6978207396730622,visually_responsive_voxels
17,er,unsmoothed,10,0.0038062689477112496,0.00409593908886004,0.6409990502999297,visually_responsive_voxels
17,er,sm_2_vox,1,0.010236591351885357,0.015054321031923187,0.7602676910319043,visually_responsive_voxels
17,er,sm_2_vox,2,0.00957725356553851,0.013514259511245838,0.6804031976336563,visually_responsive_voxels
17,er,sm_2_vox,3,0.015750335718055737,0.022241616535806866,0.7263259275992676,visually_responsive_voxels
17,er,sm_2_vox,4,0.005453196539354999,0.00620576419704135,0.6109618521022268,visually_responsive_voxels
17,er,sm_2_vox,5,0.012580522296418623,0.017307472413153408,0.7142503180282296,visually_responsive_voxels
17,er,sm_2_vox,6,0.02360853539593475,0.027442706934093303,0.6025328969716456,visually_responsive_voxels
17,er,sm_2_vox,7,0.035931128521659986,0.039751179315018245,0.6333578620579701,visually_responsive_voxels
17,er,sm_2_vox,8,0.02975688150188849,0.03483861476262332,0.7176958255518209,visually_responsive_voxels
17,er,sm_2_vox,9,0.024210437607502633,0.028317786176780393,0.7166907331353672,visually_responsive_voxels
17,er,sm_2_vox,10,0.02221628242663865,0.024014346393322557,0.711372314613592,visually_responsive_voxels
17,sus,unsmoothed,1,0.013307792070119322,0.01244135248286729,0.6808614826394364,visually_responsive_voxels
17,sus,unsmoothed,2,0.013736308455412283,0.016535187757169476,0.6623810140171127,visually_responsive_voxels
17,sus,unsmoothed,3,0.026257340050642564,0.02556438542343413,0.623898507694647,visually_responsive_voxels
17,sus,unsmoothed,4,0.03355338543836195,0.03198992480261186,0.6725697083558381,visually_responsive_voxels
17,sus,unsmoothed,5,-0.0011265941054785372,0.0032361715110569285,0.674579272991597,visually_responsive_voxels
17,sus,unsmoothed,6,-0.004553535977232657,-0.002127661981622388,0.6675079825793022,visually_responsive_voxels
17,sus,unsmoothed,7,0.013895649094536201,0.015488047111903524,0.6806739080839785,visually_responsive_voxels
17,sus,unsmoothed,8,-0.0034878801927169453,-0.0010303217034672533,0.6724370930396959,visually_responsive_voxels
17,sus,unsmoothed,9,-0.006485488399344319,-0.003294310618644442,0.7022173087969378,visually_responsive_voxels
17,sus,unsmoothed,10,8.962910782690098e-05,0.004107479571531551,0.6940015440612444,visually_responsive_voxels
17,sus,sm_2_vox,1,0.003802019463777298,0.0037077250215410145,0.6076203386670357,visually_responsive_voxels
17,sus,sm_2_vox,2,0.015513027247216614,0.02701666790838689,0.6940238864034718,visually_responsive_voxels
17,sus,sm_2_vox,3,0.030595833737240022,0.030795047475942302,0.6449902522117452,visually_responsive_voxels
17,sus,sm_2_vox,4,0.04397181499187926,0.04337885668828145,0.6127696164729423,visually_responsive_voxels
17,sus,sm_2_vox,5,-0.019904343269890573,-0.00796883510479177,0.6581425442834284,visually_responsive_voxels
17,sus,sm_2_vox,6,-0.008831456261246647,-0.001957607298178465,0.5770246160175336,visually_responsive_voxels
17,sus,sm_2_vox,7,0.02375308244957912,0.030077193567874642,0.6465862821517541,visually_responsive_voxels
17,sus,sm_2_vox,8,-0.017767685895322457,-0.006205782199221991,0.6342247007329295,visually_responsive_voxels
17,sus,sm_2_vox,9,-0.023749208127392687,-0.01613529194215565,0.7236248351193214,visually_responsive_voxels
17,sus,sm_2_vox,10,-0.013192737631409629,-0.0016516222481608516,0.6604425594028869,visually_responsive_voxels
17,miniblock,unsmoothed,1,0.012315873834648005,0.020488474261933613,0.7590056076800811,visually_responsive_voxels
17,miniblock,unsmoothed,2,0.03181828626795473,0.03708805268655869,0.7303791026200672,visually_responsive_voxels
17,miniblock,unsmoothed,3,0.032890798843987934,0.03920052903550816,0.7977239694375637,visually_responsive_voxels
17,miniblock,unsmoothed,4,0.04202184268609073,0.04742008797240146,0.7959749803989431,visually_responsive_voxels
17,miniblock,unsmoothed,5,0.021026731988858946,0.0312594363824449,0.7820198302476142,visually_responsive_voxels
17,miniblock,unsmoothed,6,0.03134185415161234,0.03898741087763555,0.7608702525829867,visually_responsive_voxels
17,miniblock,unsmoothed,7,0.03158520730437958,0.038146454963438714,0.780693157521785,visually_responsive_voxels
17,miniblock,unsmoothed,8,0.024410340968357785,0.03095039057807595,0.751896123944324,visually_responsive_voxels
17,miniblock,unsmoothed,9,0.02492547958089731,0.03183953207826783,0.7357365455095504,visually_responsive_voxels
17,miniblock,unsmoothed,10,0.01460249850283575,0.02246170808569532,0.7285348550803639,visually_responsive_voxels
17,miniblock,sm_2_vox,1,0.019972434155877915,0.05747617663216298,0.8673455773927354,visually_responsive_voxels
17,miniblock,sm_2_vox,2,0.06826436453139685,0.09530228642093441,0.8454510207931523,visually_responsive_voxels
17,miniblock,sm_2_vox,3,0.042869862429295066,0.0774402684706126,0.8642938467157372,visually_responsive_voxels
17,miniblock,sm_2_vox,4,0.06021884482586737,0.09266402237714967,0.8200408823699861,visually_responsive_voxels
17,miniblock,sm_2_vox,5,0.01663911462697846,0.05777158979835775,0.8555403835241338,visually_responsive_voxels
17,miniblock,sm_2_vox,6,0.056192491223195216,0.09131248664789728,0.8849897483536704,visually_responsive_voxels
17,miniblock,sm_2_vox,7,0.05795348133131246,0.09036909241923617,0.8331280717224756,visually_responsive_voxels
17,miniblock,sm_2_vox,8,0.02857511595470094,0.06265593672533061,0.8433804629079558,visually_responsive_voxels
17,miniblock,sm_2_vox,9,0.05501690798139172,0.09382232402007112,0.8700972191160592,visually_responsive_voxels
17,miniblock,sm_2_vox,10,0.022092694001559342,0.05161583473353999,0.832528500643857,visually_responsive_voxels
17,er,unsmoothed,1,0.05014677487691821,0.05261609303938688,0.5432816866590435,FFA
17,er,unsmoothed,2,0.05078606293342368,0.052408235220747446,0.5338705106691076,FFA
17,er,unsmoothed,3,0.04833177709331449,0.04808264970746484,0.5627581522864565,FFA
17,er,unsmoothed,4,0.02957713740511478,0.03213764313032125,0.5595767829442129,FFA
17,er,unsmoothed,5,0.056601424474364836,0.057947521891341586,0.5494531961909245,FFA
17,er,unsmoothed,6,0.05995351446015585,0.05824610923310108,0.499843756678413,FFA
17,er,unsmoothed,7,0.05511568267391938,0.055353645151541016,0.5805754287687008,FFA
17,er,unsmoothed,8,0.0568785847054842,0.06061357225166853,0.5761908705132883,FFA
17,er,unsmoothed,9,0.0614160754597308,0.06418322469845138,0.652653638358373,FFA
17,er,unsmoothed,10,0.046876189777066896,0.04017925032191573,0.5363183995595244,FFA
17,er,sm_2_vox,1,0.13306962144124812,0.1379295835784669,0.5503018857177956,FFA
17,er,sm_2_vox,2,0.15089298828796227,0.1502287560238386,0.5976829658858601,FFA
17,er,sm_2_vox,3,0.1591379210772751,0.15428548506735965,0.6420199757484566,FFA
17,er,sm_2_vox,4,0.14804926828456036,0.13264695048628192,0.5922226023132126,FFA
17,er,sm_2_vox,5,0.16299260722584258,0.15821919352709732,0.6822802958376253,FFA
17,er,sm_2_vox,6,0.1793894995939565,0.1847425787233311,0.684957028167902,FFA
17,er,sm_2_vox,7,0.13078587928366303,0.11360029236231681,0.5220595375050037,FFA
17,er,sm_2_vox,8,0.18995122815089177,0.18754164558124153,0.5962452193925045,FFA
17,er,sm_2_vox,9,0.1865458946620981,0.18218804673607406,0.6509093543179572,FFA
17,er,sm_2_vox,10,0.1300951389586012,0.11674683224158908,0.5576048908295663,FFA
17,sus,unsmoothed,1,0.088512832558966,0.0861813968597303,0.5500130800557363,FFA
17,sus,unsmoothed,2,0.08185861005628785,0.08261117749059795,0.637481078247426,FFA
17,sus,unsmoothed,3,0.12918065895597935,0.12577405608601785,0.6213455746746661,FFA
17,sus,unsmoothed,4,0.1132207839074373,0.1063576609728594,0.6725697083558381,FFA
17,sus,unsmoothed,5,0.022958997475365887,0.03274202476433072,0.6023811590048175,FFA
17,sus,unsmoothed,6,0.028360827534716655,0.02742329958813703,0.490173856316526,FFA
17,sus,unsmoothed,7,0.05664786504343963,0.0558567997760753,0.6806739080839785,FFA
17,sus,unsmoothed,8,0.027086313216543725,0.029556860094346604,0.5052515785306666,FFA
17,sus,unsmoothed,9,0.04521128028363072,0.04247728549874501,0.5778953523749976,FFA
17,sus,unsmoothed,10,0.043959521170555196,0.047907707871785686,0.6006477718769597,FFA
17,sus,sm_2_vox,1,0.19075078290067998,0.1876162886961809,0.6076203386670357,FFA
17,sus,sm_2_vox,2,0.20646282784377462,0.20981635659269732,0.6712887774650612,FFA
17,sus,sm_2_vox,3,0.2534442832389783,0.24131995831609154,0.6727919606892306,FFA
17,sus,sm_2_vox,4,0.18530836617784974,0.17972810702260295,0.6127696164729423,FFA
17,sus,sm_2_vox,5,0.024373320013468452,0.04710318869371538,0.6146418917371775,FFA
17,sus,sm_2_vox,6,0.008330836266619956,0.028229910247482785,0.5615025970282188,FFA
17,sus,sm_2_vox,7,0.10102676836778689,0.10817228554022743,0.6463670070798389,FFA
17,sus,sm_2_vox,8,0.03761173528914569,0.04569944320171714,0.5999302920094767,FFA
17,sus,sm_2_vox,9,0.046585324682667364,0.05900610056623403,0.5075062411262294,FFA
17,sus,sm_2_vox,10,0.023457595970768248,0.05757892139979778,0.6604425594028869,FFA
17,miniblock,unsmoothed,1,0.12108844057449379,0.12793022783982638,0.7494412521582874,FFA
17,miniblock,unsmoothed,2,0.09515831101571083,0.10520269710210553,0.6619294717320967,FFA
17,miniblock,unsmoothed,3,0.11642575920187456,0.12466093811944945,0.766125941911865,FFA
17,miniblock,unsmoothed,4,0.1247607770981573,0.12695340204426192,0.7277945925599504,FFA
17,miniblock,unsmoothed,5,0.12153282082729491,0.13230319961187256,0.7762511969889399,FFA
17,miniblock,unsmoothed,6,0.10967820357701889,0.12444593404816512,0.7609128493519903,FFA
17,miniblock,unsmoothed,7,0.132994931168241,0.1452345548750974,0.7817689703265256,FFA
17,miniblock,unsmoothed,8,0.11794839215945702,0.12328825197744184,0.7244901369382309,FFA
17,miniblock,unsmoothed,9,0.10021403713971562,0.11560623373473519,0.7830618643374494,FFA
17,miniblock,unsmoothed,10,0.09570807640277276,0.11436544286201628,0.7924162462178728,FFA
17,miniblock,sm_2_vox,1,0.288424464106266,0.271150531787545,0.8673455773927354,FFA
17,miniblock,sm_2_vox,2,0.21473051144580474,0.21704652996125295,0.7650618172989235,FFA
17,miniblock,sm_2_vox,3,0.31275149552325415,0.3058034585889744,0.861926237381005,FFA
17,miniblock,sm_2_vox,4,0.2527859106663958,0.25845537535311547,0.8200408823699861,FFA
17,miniblock,sm_2_vox,5,0.30957115645776323,0.298356703593684,0.7656968921578668,FFA
17,miniblock,sm_2_vox,6,0.2887342434085005,0.28471165597768294,0.7912324685529558,FFA
17,miniblock,sm_2_vox,7,0.3345382306061935,0.3201655978330312,0.8039905336422086,FFA
17,miniblock,sm_2_vox,8,0.2950886236174121,0.29359564343837125,0.7873906998218758,FFA
17,miniblock,sm_2_vox,9,0.3034429219943809,0.27948814756354334,0.7926777607358062,FFA
17,miniblock,sm_2_vox,10,0.2545108108693051,0.2575282707712373,0.7637266609312985,FFA
17,er,unsmoothed,1,0.030215758697773716,0.03150997316982467,0.41348278067151545,PPA
17,er,unsmoothed,2,0.02880808800557913,0.033532885572943816,0.5811019966976547,PPA
17,er,unsmoothed,3,0.029556808824009094,0.022761665361271943,0.4674591677893739,PPA
17,er,unsmoothed,4,0.011841658071184417,0.013742605000838667,0.4077369966085197,PPA
17,er,unsmoothed,5,0.029280985622883032,0.024128354695372726,0.498402829941614,PPA
17,er,unsmoothed,6,0.02087829847161942,0.022904770255029936,0.5460808966428836,PPA
17,er,unsmoothed,7,0.0229517645610232,0.020055304754989955,0.4342942122913953,PPA
17,er,unsmoothed,8,0.022647388182521662,0.023762236807572244,0.48769683198759756,PPA
17,er,unsmoothed,9,0.03029392256697391,0.031123397464423132,0.46284829960796486,PPA
17,er,unsmoothed,10,0.022450186925313025,0.02167428577836545,0.6005408087684219,PPA
17,er,sm_2_vox,1,0.07341539372529049,0.07187486796888656,0.4795147860537794,PPA
17,er,sm_2_vox,2,0.07041286985503832,0.06641645323532133,0.5820387104823743,PPA
17,er,sm_2_vox,3,0.09625785711589739,0.08610895038994855,0.5546096807851326,PPA
17,er,sm_2_vox,4,0.04902940062646233,0.052467348729868135,0.47258079278381526,PPA
17,er,sm_2_vox,5,0.07634265147976534,0.07728968020057472,0.530341997975886,PPA
17,er,sm_2_vox,6,0.07637354691852763,0.07595900192592267,0.5150103851363209,PPA
17,er,sm_2_vox,7,0.043230313285488854,0.04645187851456829,0.5239553426487416,PPA
17,er,sm_2_vox,8,0.09050218798418438,0.07430998527796809,0.5045876960504552,PPA
17,er,sm_2_vox,9,0.10007247494360376,0.09393597805907149,0.5343219583020808,PPA
17,er,sm_2_vox,10,0.057265051871873654,0.06483009360206335,0.6142486067118136,PPA
17,sus,unsmoothed,1,-0.023632590703027735,-0.03189838471765963,0.42910113710335723,PPA
17,sus,unsmoothed,2,-0.034681425462900824,-0.03270592294824237,0.41750363160601844,PPA
17,sus,unsmoothed,3,-0.004437705830595969,-0.006385281282897508,0.5089948109475257,PPA
17,sus,unsmoothed,4,0.017639755507773962,0.012583750597800342,0.48683743852482125,PPA
17,sus,unsmoothed,5,-0.03294185926203384,-0.028541598993867608,0.43836571176547967,PPA
17,sus,unsmoothed,6,-0.02409547911494777,-0.023020478747906702,0.4616215839565091,PPA
17,sus,unsmoothed,7,-0.037430032980294715,-0.03717877712348915,0.49730033008008273,PPA
17,sus,unsmoothed,8,-0.025748597613268337,-0.029912313206310763,0.46316471300170403,PPA
17,sus,unsmoothed,9,-0.042620469381201,-0.03975397548258592,0.4914211762587188,PPA
17,sus,unsmoothed,10,-0.01809783059085758,-0.02964183151848455,0.4068823916730719,PPA
17,sus,sm_2_vox,1,-0.09826869174948621,-0.09034367208606872,0.4414678949568944,PPA
17,sus,sm_2_vox,2,-0.08053052278247458,-0.07621779540228889,0.4441535070168886,PPA
17,sus,sm_2_vox,3,-0.0474674964552841,-0.028827822441312427,0.49091568798490515,PPA
17,sus,sm_2_vox,4,0.018225215328441808,0.01313904762774728,0.4259574809306452,PPA
17,sus,sm_2_vox,5,-0.10405415857554917,-0.10493914108614376,0.4112385368136104,PPA
17,sus,sm_2_vox,6,-0.06452077087943209,-0.05041098211081297,0.39436475622568506,PPA
17,sus,sm_2_vox,7,-0.08769427069351349,-0.09178357355792856,0.426989421256176,PPA
17,sus,sm_2_vox,8,-0.0824507679576752,-0.07055076347335414,0.47826469881023853,PPA
17,sus,sm_2_vox,9,-0.10958702856608749,-0.11622702918281252,0.4521660950013482,PPA
17,sus,sm_2_vox,10,-0.07372707421516156,-0.07964006054352127,0.4735146347068132,PPA
17,miniblock,unsmoothed,1,0.0419846935711048,0.03899655817824307,0.5352289647235569,PPA
17,miniblock,unsmoothed,2,0.04032019455630988,0.04036288229783842,0.5289066392497028,PPA
17,miniblock,unsmoothed,3,0.035000604640756244,0.034756546326122864,0.4652501861797783,PPA
17,miniblock,unsmoothed,4,0.05541877347429226,0.05078290014273679,0.5200728695969297,PPA
17,miniblock,unsmoothed,5,0.0317551065434309,0.028391341195541507,0.4388042776018364,PPA
17,miniblock,unsmoothed,6,0.03255232554455037,0.030207391074572085,0.5291264375434556,PPA
17,miniblock,unsmoothed,7,0.03112318990206782,0.02929122668909766,0.5312392033748055,PPA
17,miniblock,unsmoothed,8,0.031503792924016644,0.02605126633148296,0.5611355194749098,PPA
17,miniblock,unsmoothed,9,0.0341979374814457,0.03793269352702989,0.4988267624079129,PPA
17,miniblock,unsmoothed,10,0.02961327163977949,0.034122116334117006,0.500561813914195,PPA
17,miniblock,sm_2_vox,1,0.09654158147570993,0.09825806910150489,0.5838326876529352,PPA
17,miniblock,sm_2_vox,2,0.07311096569515893,0.075290976187378,0.5786998439851148,PPA
17,miniblock,sm_2_vox,3,0.046157042646396085,0.05013541400018878,0.508174941320566,PPA
17,miniblock,sm_2_vox,4,0.08459158818389736,0.08477002083528572,0.5504077137777538,PPA
17,miniblock,sm_2_vox,5,0.06902145228953646,0.06461128350952115,0.5318569246839582,PPA
17,miniblock,sm_2_vox,6,0.09960425483541055,0.09623120888437567,0.5987668056336948,PPA
17,miniblock,sm_2_vox,7,0.09357290172384337,0.09664871070959653,0.5989530686561486,PPA
17,miniblock,sm_2_vox,8,0.05937200980121207,0.05458323484976332,0.5679740655319357,PPA
17,miniblock,sm_2_vox,9,0.08195717219160714,0.08577851803523963,0.6647633341440851,PPA
17,miniblock,sm_2_vox,10,0.051351448330189856,0.0431891973685891,0.514396627678466,PPA
17,er,unsmoothed,1,0.014946126037652623,0.016878309361582213,0.5111438184180253,EBA
17,er,unsmoothed,2,0.021483727860912065,0.016777465656198032,0.5223717100039491,EBA
17,er,unsmoothed,3,0.005063577071322151,0.007267443488166958,0.5115856399778242,EBA
17,er,unsmoothed,4,0.004415891923597506,0.005238373682976797,0.5710453027960376,EBA
17,er,unsmoothed,5,0.009041417942213852,0.0096472789694027,0.5283770754360531,EBA
17,er,unsmoothed,6,0.01817131493585431,0.015921983260131764,0.533621225496718,EBA
17,er,unsmoothed,7,0.026482413101312538,0.027645289187586394,0.5947707075796613,EBA
17,er,unsmoothed,8,0.01163946702347423,0.011501231205366419,0.5510085355702707,EBA
17,er,unsmoothed,9,0.012017593325777697,0.014598389348391874,0.607482826241613,EBA
17,er,unsmoothed,10,0.025122662200564548,0.019659775367960722,0.5630994915434169,EBA
17,er,sm_2_vox,1,0.03215127170660877,0.03148303949323378,0.6017731888707452,EBA
17,er,sm_2_vox,2,0.04917680840437623,0.04204525919150048,0.6064915210568643,EBA
17,er,sm_2_vox,3,0.049539019165134375,0.05587547998907311,0.5857220306056732,EBA
17,er,sm_2_vox,4,0.026736865632876472,0.02907986450405238,0.5423814028313777,EBA
17,er,sm_2_vox,5,0.03858580003559561,0.039976011548729304,0.5251534647830839,EBA
17,er,sm_2_vox,6,0.07956843917362535,0.07150011396456366,0.5158116737412082,EBA
17,er,sm_2_vox,7,0.09355212671788272,0.08162843968323816,0.6245895003868038,EBA
17,er,sm_2_vox,8,0.06649697836836813,0.06211502783831475,0.6600903455489208,EBA
17,er,sm_2_vox,9,0.031288534794961714,0.027805034543634984,0.6160060301575774,EBA
17,er,sm_2_vox,10,0.05675790918443631,0.05516366979801106,0.711372314613592,EBA
17,sus,unsmoothed,1,0.00973623041518323,0.010499666483527563,0.5238013905940838,EBA
17,sus,unsmoothed,2,0.011920209907126911,0.014565255482155851,0.5512928195653803,EBA
17,sus,unsmoothed,3,0.025825073345341544,0.03111992265127667,0.58419709010438,EBA
17,sus,unsmoothed,4,0.03164201432910123,0.03614076693536821,0.6389769879225955,EBA
17,sus,unsmoothed,5,-0.025892532966675326,-0.018597919471259862,0.5109991832809867,EBA
17,sus,unsmoothed,6,-0.019428200727666156,-0.015995001309028856,0.502689880992278,EBA
17,sus,unsmoothed,7,-0.010753275355312612,-0.010109721813807804,0.512689417465451,EBA
17,sus,unsmoothed,8,-0.027442625191000727,-0.020036509397612822,0.5423055578542743,EBA
17,sus,unsmoothed,9,-0.02628797085906343,-0.02471269245012441,0.49801327975681353,EBA
17,sus,unsmoothed,10,-0.02498858220525148,-0.019615262275070496,0.5424525059953726,EBA
17,sus,sm_2_vox,1,-0.0044872802315611224,0.004747925348418067,0.49820024372431493,EBA
17,sus,sm_2_vox,2,0.0363862327597063,0.032904793324823586,0.6160994926028903,EBA
17,sus,sm_2_vox,3,0.0388347818404086,0.045509825191931155,0.634630315593685,EBA
17,sus,sm_2_vox,4,0.052135561008337133,0.0585613575100591,0.5769830232101487,EBA
17,sus,sm_2_vox,5,-0.06825483048076272,-0.05287428222744332,0.5893607320604901,EBA
17,sus,sm_2_vox,6,-0.046116685077251154,-0.03481026250430816,0.47902309829224543,EBA
17,sus,sm_2_vox,7,-0.04227552992584352,-0.028930071081064275,0.5909399469425414,EBA
17,sus,sm_2_vox,8,-0.057085739305919286,-0.048025345517790856,0.5990571044768915,EBA
17,sus,sm_2_vox,9,-0.08608274317808573,-0.07248889215819779,0.4786724035624288,EBA
17,sus,sm_2_vox,10,-0.06523143586999264,-0.05598827680970273,0.4743136921401537,EBA
17,miniblock,unsmoothed,1,0.006271075398936784,0.023300556033150833,0.7279493245625821,EBA
17,miniblock,unsmoothed,2,0.02556291585841356,0.03342558979890682,0.6591493679248257,EBA
17,miniblock,unsmoothed,3,0.05114349058221836,0.05271421080057447,0.7688154081797463,EBA
17,miniblock,unsmoothed,4,0.020585413895494543,0.023758451598477035,0.6720285054138141,EBA
17,miniblock,unsmoothed,5,0.021927328100040236,0.033687516552007454,0.7160375893998101,EBA
17,miniblock,unsmoothed,6,0.02273172812350069,0.033624153154835607,0.6967245517647316,EBA
17,miniblock,unsmoothed,7,0.044250122123492365,0.05286910828855591,0.780693157521785,EBA
17,miniblock,unsmoothed,8,0.016788791716067696,0.026065835910042905,0.7030208304051999,EBA
17,miniblock,unsmoothed,9,0.031179258683090724,0.03880728297611984,0.6599116876505595,EBA
17,miniblock,unsmoothed,10,0.005051890812121947,0.01924025806190431,0.7122761062144971,EBA
17,miniblock,sm_2_vox,1,0.046549826846378414,0.08509000531744704,0.7754825468077869,EBA
17,miniblock,sm_2_vox,2,0.05963246143185131,0.07751538096835875,0.7445163034539181,EBA
17,miniblock,sm_2_vox,3,0.06314080337686019,0.09317872466262894,0.7875076755914311,EBA
17,miniblock,sm_2_vox,4,0.0571612005384646,0.08493235562053747,0.7681036038074951,EBA
17,miniblock,sm_2_vox,5,0.08576852020809134,0.10292996518601777,0.7459510943507407,EBA
17,miniblock,sm_2_vox,6,0.06091833704365414,0.0944661748064366,0.745331686471291,EBA
17,miniblock,sm_2_vox,7,0.07302311065593561,0.11369622925938051,0.7999943127900297,EBA
17,miniblock,sm_2_vox,8,0.06706464008694593,0.09130368647793187,0.7674834613988335,EBA
17,miniblock,sm_2_vox,9,0.05512643064886226,0.10151372690245118,0.8071316767866458,EBA
17,miniblock,sm_2_vox,10,0.02845604925066009,0.06791353653552584,0.7872990674842946,EBA
17,er,unsmoothed,1,0.007964903308781648,0.01367158922923984,0.7024723234838227,EVC
17,er,unsmoothed,2,0.008760863818461315,0.014272849247512306,0.591804491741606,EVC
17,er,unsmoothed,3,0.001994298799237279,0.0066458822331049265,0.6513716102798757,EVC
17,er,unsmoothed,4,-0.012430495420410938,-0.007703286912734411,0.6201007592200927,EVC
17,er,unsmoothed,5,0.017277008591790446,0.022039118024639724,0.6402830123060497,EVC
17,er,unsmoothed,6,0.0045740179472448135,0.009643306628829508,0.6039951484368976,EVC
17,er,unsmoothed,7,0.018871701405268546,0.024534397728014114,0.7159718408029319,EVC
17,er,unsmoothed,8,0.0029943665282233453,0.00666602414383123,0.6495126219184176,EVC
17,er,unsmoothed,9,0.02358302647668583,0.02731638505286496,0.7114801112182998,EVC
17,er,unsmoothed,10,0.014440274099771631,0.020475082849291285,0.6922381005332892,EVC
17,er,sm_2_vox,1,0.024577172789892045,0.045790203316245656,0.7602676910319043,EVC
17,er,sm_2_vox,2,0.03017056315450549,0.04207708008015037,0.6804031976336563,EVC
17,er,sm_2_vox,3,0.03867714319558954,0.054589196278324516,0.6941037109586121,EVC
17,er,sm_2_vox,4,-0.012720718465506368,-0.0021119980251979257,0.587630027360233,EVC
17,er,sm_2_vox,5,0.06360311384502057,0.06871945547142236,0.7142503180282296,EVC
17,er,sm_2_vox,6,0.04442121198489106,0.053462723363357834,0.6113267591512105,EVC
17,er,sm_2_vox,7,0.04449346374447391,0.05617767481848236,0.6353815969064847,EVC
17,er,sm_2_vox,8,0.03368117075130027,0.046065046491945864,0.7176958255518209,EVC
17,er,sm_2_vox,9,0.09089868151323904,0.09762049651135064,0.7622384266168891,EVC
17,er,sm_2_vox,10,0.04545411412904141,0.055938418662858216,0.6866368911712928,EVC
17,sus,unsmoothed,1,0.041188085324641244,0.042598210255620626,0.6808614826394364,EVC
17,sus,unsmoothed,2,0.05824193421303317,0.06281003787878943,0.6645683689150358,EVC
17,sus,unsmoothed,3,0.05841831472703217,0.0611169380913307,0.6569092795948756,EVC
17,sus,unsmoothed,4,0.06085557063926406,0.05939226322990879,0.5937506179546768,EVC
17,sus,unsmoothed,5,0.04998443636497728,0.05179442854861783,0.674579272991597,EVC
17,sus,unsmoothed,6,0.027091887645328418,0.029669724240242723,0.6675079825793022,EVC
17,sus,unsmoothed,7,0.06155856083246103,0.06523059094889976,0.6620463993784284,EVC
17,sus,unsmoothed,8,0.04245423770939098,0.044545108580608554,0.6813734465989005,EVC
17,sus,unsmoothed,9,0.03067289122896771,0.03825610174881892,0.7094185568135166,EVC
17,sus,unsmoothed,10,0.04999485441613123,0.05902886352669696,0.6940015440612444,EVC
17,sus,sm_2_vox,1,0.05569118745279351,0.05255389771574994,0.5403208638077854,EVC
17,sus,sm_2_vox,2,0.1177367772862965,0.11953980361770425,0.6940238864034718,EVC
17,sus,sm_2_vox,3,0.10215259601711027,0.10332815113904494,0.5856550737103833,EVC
17,sus,sm_2_vox,4,0.10838390200426334,0.10426085644120632,0.5686528038926622,EVC
17,sus,sm_2_vox,5,0.08876152776760163,0.08857280083482563,0.6581425442834284,EVC
17,sus,sm_2_vox,6,0.061297572500881796,0.06501970081416923,0.5846427588951536,EVC
17,sus,sm_2_vox,7,0.13439516803062895,0.137567089578454,0.6465862821517541,EVC
17,sus,sm_2_vox,8,0.07164950572554399,0.07958076334018588,0.6620663865776701,EVC
17,sus,sm_2_vox,9,0.052545268102996937,0.0710537374625019,0.7358753731627925,EVC
17,sus,sm_2_vox,10,0.09719614864620255,0.11420675400474618,0.7000235470692486,EVC
17,miniblock,unsmoothed,1,0.05066303945691557,0.06737236588655682,0.7913103163147455,EVC
17,miniblock,unsmoothed,2,0.06313083353579702,0.07760088589049946,0.7539661322804521,EVC
17,miniblock,unsmoothed,3,0.07184390108124245,0.08230719892450848,0.7604355251443448,EVC
17,miniblock,unsmoothed,4,0.07793526401511125,0.0946444963149887,0.7959749803989431,EVC
17,miniblock,unsmoothed,5,0.05548101592472929,0.07534163873567519,0.8200081366155854,EVC
17,miniblock,unsmoothed,6,0.07695824792587386,0.09094026361541888,0.7785579125159388,EVC
17,miniblock,unsmoothed,7,0.06269686849745988,0.07411241900751041,0.7711776853884245,EVC
17,miniblock,unsmoothed,8,0.0631729495370576,0.07883921885613498,0.8008153572416291,EVC
17,miniblock,unsmoothed,9,0.06949059805138552,0.0806011075572063,0.7663296880293458,EVC
17,miniblock,unsmoothed,10,0.05372992875508841,0.07024689211766114,0.7289553288255897,EVC
17,miniblock,sm_2_vox,1,0.17162159760902426,0.20883480076301733,0.8567344078934174,EVC
17,miniblock,sm_2_vox,2,0.2264035983345991,0.259760060547271,0.8454510207931523,EVC
17,miniblock,sm_2_vox,3,0.1765694851105459,0.22219549984390558,0.8642938467157372,EVC
17,miniblock,sm_2_vox,4,0.22952615257148348,0.25148239904017994,0.8556535364984774,EVC
17,miniblock,sm_2_vox,5,0.15809706846280996,0.1997965226568729,0.8555403835241338,EVC
17,miniblock,sm_2_vox,6,0.24915094148728095,0.2778915949976159,0.8849897483536704,EVC
17,miniblock,sm_2_vox,7,0.16788084992319746,0.21510218005419912,0.8374148623924861,EVC
17,miniblock,sm_2_vox,8,0.18418642487306902,0.21692216783372525,0.8433804629079558,EVC
17,miniblock,sm_2_vox,9,0.2455699179056201,0.2723166939567705,0.8700972191160592,EVC
17,miniblock,sm_2_vox,10,0.15244330078442384,0.1938729303359967,0.853361725804443,EVC
18,er,unsmoothed,1,0.018079605262364414,0.019082699118727668,0.6459870413796058,visually_responsive_voxels
18,er,unsmoothed,2,0.03968820198532428,0.039889112893381165,0.6467850123549506,visually_responsive_voxels
18,er,unsmoothed,3,0.03156637569128797,0.033209845219590195,0.6650201102413194,visually_responsive_voxels
18,er,unsmoothed,4,0.01776598418681421,0.019668262547529708,0.6215459469418385,visually_responsive_voxels
18,er,unsmoothed,5,0.0519891576051716,0.05521071569910783,0.6643808668113717,visually_responsive_voxels
18,er,unsmoothed,6,0.036732625636382556,0.0366061949134859,0.7050243429336451,visually_responsive_voxels
18,er,unsmoothed,7,0.023802531763066077,0.02627644798874273,0.7271986613492243,visually_responsive_voxels
18,er,unsmoothed,8,0.04066914598869461,0.04113761174160262,0.7093147223955829,visually_responsive_voxels
18,er,unsmoothed,9,0.041027626295161365,0.04192240522733546,0.6449394567731821,visually_responsive_voxels
18,er,unsmoothed,10,0.04159257061989911,0.04139682828258992,0.673738839701455,visually_responsive_voxels
18,er,sm_2_vox,1,0.05786707738719779,0.06029194307844782,0.8156389245351832,visually_responsive_voxels
18,er,sm_2_vox,2,0.05538263328887916,0.05948316674276028,0.8185558402234805,visually_responsive_voxels
18,er,sm_2_vox,3,0.06279172882640219,0.06868337265104847,0.752379643699137,visually_responsive_voxels
18,er,sm_2_vox,4,0.05971700655916909,0.06390657223028613,0.7521479599543972,visually_responsive_voxels
18,er,sm_2_vox,5,0.07921410806719043,0.08363262483576568,0.7672247139955115,visually_responsive_voxels
18,er,sm_2_vox,6,0.059376012169940276,0.06462020687914609,0.8121579264770189,visually_responsive_voxels
18,er,sm_2_vox,7,0.0446450692436058,0.05231505969638115,0.7389675678656318,visually_responsive_voxels
18,er,sm_2_vox,8,0.07172301832290554,0.07512189410708128,0.811965165688983,visually_responsive_voxels
18,er,sm_2_vox,9,0.06166392709559533,0.063855800860999,0.7737829549225258,visually_responsive_voxels
18,er,sm_2_vox,10,0.04099085847955066,0.04692499293249598,0.785035065405252,visually_responsive_voxels
18,sus,unsmoothed,1,0.06750060140390879,0.08725239423814016,0.9162222716196782,visually_responsive_voxels
18,sus,unsmoothed,2,0.061917314120012404,0.08102122027763299,0.8990157678392248,visually_responsive_voxels
18,sus,unsmoothed,3,0.053417718367908804,0.0692379064110727,0.8402769142876874,visually_responsive_voxels
18,sus,unsmoothed,4,0.05183247957189067,0.06713990521856658,0.8762118233527707,visually_responsive_voxels
18,sus,unsmoothed,5,0.05255494662646343,0.0727925627964315,0.8820895906223021,visually_responsive_voxels
18,sus,unsmoothed,6,0.06004746653622714,0.07445655028156127,0.8656596764834454,visually_responsive_voxels
18,sus,unsmoothed,7,0.060092614889564945,0.07877570465429419,0.878668649615423,visually_responsive_voxels
18,sus,unsmoothed,8,0.05326134239777667,0.07352388318453427,0.8903921769869672,visually_responsive_voxels
18,sus,unsmoothed,9,0.062002473971521886,0.07445209095686114,0.8645883289895864,visually_responsive_voxels
18,sus,unsmoothed,10,0.06260410791751686,0.07913275768300232,0.9001082088654291,visually_responsive_voxels
18,sus,sm_2_vox,1,0.12144628020759873,0.1637156516957636,0.9212163988568214,visually_responsive_voxels
18,sus,sm_2_vox,2,0.10607616804761295,0.15750240437203525,0.9150321729861404,visually_responsive_voxels
18,sus,sm_2_vox,3,0.09973614260246787,0.14264962190428382,0.8835693335486552,visually_responsive_voxels
18,sus,sm_2_vox,4,0.10569449438252196,0.14128442608003272,0.9107016549170417,visually_responsive_voxels
18,sus,sm_2_vox,5,0.09084250953726108,0.1342199057928183,0.9303666068230791,visually_responsive_voxels
18,sus,sm_2_vox,6,0.12604149438845985,0.16839554954994662,0.9036325540348963,visually_responsive_voxels
18,sus,sm_2_vox,7,0.1134403166176522,0.153021589264703,0.9209037562433626,visually_responsive_voxels
18,sus,sm_2_vox,8,0.10770757019004829,0.14814239644931346,0.9133244022398683,visually_responsive_voxels
18,sus,sm_2_vox,9,0.11633890257726187,0.15167482948781474,0.9265677030156416,visually_responsive_voxels
18,sus,sm_2_vox,10,0.12806207053770646,0.17102021272813908,0.9288942441417559,visually_responsive_voxels
18,miniblock,unsmoothed,1,0.04616847217529871,0.06689089733367973,0.9231661440332961,visually_responsive_voxels
18,miniblock,unsmoothed,2,0.049546987794231445,0.06754198003184364,0.8855853897784733,visually_responsive_voxels
18,miniblock,unsmoothed,3,0.05303330189824125,0.06853418652712537,0.8956120683405102,visually_responsive_voxels
18,miniblock,unsmoothed,4,0.04271830334083151,0.060521730091123695,0.8682039958107842,visually_responsive_voxels
18,miniblock,unsmoothed,5,0.03312666842248898,0.04983599835613352,0.875420397315231,visually_responsive_voxels
18,miniblock,unsmoothed,6,0.037593932220130334,0.05181250889729805,0.8831603269458389,visually_responsive_voxels
18,miniblock,unsmoothed,7,0.04085272886860483,0.05762191353423753,0.9244385994527128,visually_responsive_voxels
18,miniblock,unsmoothed,8,0.045130375130965295,0.06218782344600018,0.8761525826565003,visually_responsive_voxels
18,miniblock,unsmoothed,9,0.03303349597471909,0.04929616591483365,0.8525218935838177,visually_responsive_voxels
18,miniblock,unsmoothed,10,0.04465253029494835,0.06481304254428388,0.88613043474089,visually_responsive_voxels
18,miniblock,sm_2_vox,1,0.11089584285457647,0.16083941337925686,0.9173667225063031,visually_responsive_voxels
18,miniblock,sm_2_vox,2,0.09846027921148455,0.1446763406575062,0.9152805077541842,visually_responsive_voxels
18,miniblock,sm_2_vox,3,0.12755469800653102,0.1691703031063391,0.9244426231437128,visually_responsive_voxels
18,miniblock,sm_2_vox,4,0.11333215637952253,0.15339807570784877,0.9025305291986951,visually_responsive_voxels
18,miniblock,sm_2_vox,5,0.08768897852979296,0.13626128942360932,0.8991719819843678,visually_responsive_voxels
18,miniblock,sm_2_vox,6,0.08820017089976318,0.1343761493538569,0.9182189392031157,visually_responsive_voxels
18,miniblock,sm_2_vox,7,0.11376275428973388,0.15891756632810514,0.9282789313321529,visually_responsive_voxels
18,miniblock,sm_2_vox,8,0.12274669164667917,0.16846444404759223,0.9126265973353258,visually_responsive_voxels
18,miniblock,sm_2_vox,9,0.10753455161301671,0.14661086548246124,0.8990131122108032,visually_responsive_voxels
18,miniblock,sm_2_vox,10,0.1139616026976458,0.16176025246727177,0.9267328623419495,visually_responsive_voxels
18,er,unsmoothed,1,0.06055658389287108,0.06707021962262005,0.6427267042641811,FFA
18,er,unsmoothed,2,0.10067552485436379,0.10061608649474472,0.6467850123549506,FFA
18,er,unsmoothed,3,0.09005161669980476,0.09359599003715992,0.5752853002324578,FFA
18,er,unsmoothed,4,0.05520807931439571,0.06196071583851354,0.6791222607699223,FFA
18,er,unsmoothed,5,0.10317151262622791,0.11046023987997258,0.6296436998371572,FFA
18,er,unsmoothed,6,0.08370804836048598,0.08538071766083052,0.6147551382105743,FFA
18,er,unsmoothed,7,0.058969985443674905,0.06584257386023756,0.6090616797693333,FFA
18,er,unsmoothed,8,0.06925340995035884,0.07398751270067132,0.6488854318978443,FFA
18,er,unsmoothed,9,0.07984472510429977,0.08687032302563458,0.6617228725532136,FFA
18,er,unsmoothed,10,0.08478461612103717,0.09183773510751765,0.673738839701455,FFA
18,er,sm_2_vox,1,0.26820261170270954,0.2663336165139385,0.8156389245351832,FFA
18,er,sm_2_vox,2,0.29551986453230683,0.30192886902490224,0.8185558402234805,FFA
18,er,sm_2_vox,3,0.31197057495400327,0.29687757596142766,0.752379643699137,FFA
18,er,sm_2_vox,4,0.28925061960175413,0.28503334577521366,0.7521479599543972,FFA
18,er,sm_2_vox,5,0.30443859918557725,0.29424273630007325,0.7672247139955115,FFA
18,er,sm_2_vox,6,0.31047650307675695,0.3001724650338091,0.8121579264770189,FFA
18,er,sm_2_vox,7,0.23129811404352008,0.25246568565536903,0.7744405432347286,FFA
18,er,sm_2_vox,8,0.2762089934230361,0.2876092065559912,0.8177879265958072,FFA
18,er,sm_2_vox,9,0.2659957050005377,0.26674048518312776,0.7737829549225258,FFA
18,er,sm_2_vox,10,0.2756772230958964,0.2788641757967497,0.8025360245795554,FFA
18,sus,unsmoothed,1,0.1678468745198471,0.19199980844569273,0.8488987367163784,FFA
18,sus,unsmoothed,2,0.15294627232464872,0.19884744610847624,0.8668681601268293,FFA
18,sus,unsmoothed,3,0.15667236169647517,0.1777868507758089,0.8127159711401264,FFA
18,sus,unsmoothed,4,0.1385584852876635,0.16824301153768723,0.8400441273063857,FFA
18,sus,unsmoothed,5,0.15209140386992948,0.18552301459089776,0.8319799461951831,FFA
18,sus,unsmoothed,6,0.14028748964607596,0.1726378284950193,0.8111057118158278,FFA
18,sus,unsmoothed,7,0.1637476758243764,0.19636243444275597,0.8654717956572094,FFA
18,sus,unsmoothed,8,0.1523203415287443,0.1809573663097221,0.8413044829493808,FFA
18,sus,unsmoothed,9,0.1413589497467913,0.17782147195399997,0.8049334148078071,FFA
18,sus,unsmoothed,10,0.14605233392234057,0.18039518583179018,0.8747856374705887,FFA
18,sus,sm_2_vox,1,0.5139585697637646,0.4646477012453329,0.9212163988568214,FFA
18,sus,sm_2_vox,2,0.5605172053751206,0.49930817516438303,0.9150321729861404,FFA
18,sus,sm_2_vox,3,0.48125197623491867,0.4435174521361191,0.8799858481577958,FFA
18,sus,sm_2_vox,4,0.5036934940563462,0.45383660756060756,0.8777643605913519,FFA
18,sus,sm_2_vox,5,0.4842149005185714,0.4524450761718249,0.8918541655292684,FFA
18,sus,sm_2_vox,6,0.5143987412273465,0.4641721440344176,0.8886912153798936,FFA
18,sus,sm_2_vox,7,0.5037585733194119,0.4610568656237519,0.9082302041638339,FFA
18,sus,sm_2_vox,8,0.5007797769255165,0.45477919568324854,0.8895539704947266,FFA
18,sus,sm_2_vox,9,0.5280865163893018,0.4773617801992838,0.9265677030156416,FFA
18,sus,sm_2_vox,10,0.5203635162899771,0.4733106457440984,0.8898811593125635,FFA
18,miniblock,unsmoothed,1,0.12306958604394566,0.1478789252432892,0.7950068462201412,FFA
18,miniblock,unsmoothed,2,0.13457474310173406,0.1563796129381877,0.7771673601191127,FFA
18,miniblock,unsmoothed,3,0.1289898921970404,0.15193140547647058,0.815901787222209,FFA
18,miniblock,unsmoothed,4,0.12141796470630575,0.14486332912078842,0.7632161480399733,FFA
18,miniblock,unsmoothed,5,0.11019550421950458,0.14646106883597876,0.7947261098736755,FFA
18,miniblock,unsmoothed,6,0.11108114457834312,0.1283818824923018,0.7904777244568112,FFA
18,miniblock,unsmoothed,7,0.11673506353604263,0.13971284659868874,0.8238825180502303,FFA
18,miniblock,unsmoothed,8,0.11925501080498535,0.1417527467007903,0.797796800048141,FFA
18,miniblock,unsmoothed,9,0.11889102347193316,0.13749853623446093,0.7505009932405489,FFA
18,miniblock,unsmoothed,10,0.1109601264342253,0.13927737149106734,0.774515536655122,FFA
18,miniblock,sm_2_vox,1,0.4135305001785335,0.3941734489833462,0.8718464240499788,FFA
18,miniblock,sm_2_vox,2,0.43171474616242445,0.40754432697680526,0.8574185716814755,FFA
18,miniblock,sm_2_vox,3,0.43093674849878133,0.41569367077747754,0.8474030553516063,FFA
18,miniblock,sm_2_vox,4,0.44663113103786833,0.42309113147117294,0.8849352554806746,FFA
18,miniblock,sm_2_vox,5,0.4285630206129677,0.40765376272059856,0.8691051148341922,FFA
18,miniblock,sm_2_vox,6,0.4070851342175378,0.38613355037357167,0.8669710608339277,FFA
18,miniblock,sm_2_vox,7,0.4176789697030977,0.3946317003855443,0.8663730365380786,FFA
18,miniblock,sm_2_vox,8,0.4802197880223572,0.4435156267372372,0.8767171251243786,FFA
18,miniblock,sm_2_vox,9,0.41223478182665735,0.3933891595728974,0.8750560518753621,FFA
18,miniblock,sm_2_vox,10,0.44812530435570086,0.4131981140365586,0.8709894051271427,FFA
18,er,unsmoothed,1,0.022341259584886385,0.02007999508277639,0.5641492242238082,PPA
18,er,unsmoothed,2,0.02912146700496972,0.02625090973138827,0.49671094077323696,PPA
18,er,unsmoothed,3,0.020026125768560638,0.02781060080262136,0.5957110009215225,PPA
18,er,unsmoothed,4,0.026532598461419844,0.025545341554698116,0.5012891592077814,PPA
18,er,unsmoothed,5,0.04328997857398127,0.04345917337618957,0.5230435861531595,PPA
18,er,unsmoothed,6,0.028906246769678224,0.029600238447641983,0.5500092143785604,PPA
18,er,unsmoothed,7,0.008265767525710573,0.010642485933084313,0.4707776397727106,PPA
18,er,unsmoothed,8,0.027133658141378372,0.024603871767551976,0.5599480934221475,PPA
18,er,unsmoothed,9,0.032914631172623526,0.02841500189965466,0.5480604708504692,PPA
18,er,unsmoothed,10,0.02919916038344396,0.02603862034162902,0.5003933681879608,PPA
18,er,sm_2_vox,1,0.0814581722933402,0.08356373814348438,0.5965911162696026,PPA
18,er,sm_2_vox,2,0.0792634432802542,0.07657748696613456,0.5527150859234784,PPA
18,er,sm_2_vox,3,0.06364979325537962,0.07091227063130955,0.6396339500953842,PPA
18,er,sm_2_vox,4,0.08416308041180877,0.07750922388737946,0.5903601635282597,PPA
18,er,sm_2_vox,5,0.10041300749518553,0.10118715383536973,0.6145924854928991,PPA
18,er,sm_2_vox,6,0.08361172670940203,0.08162281571321327,0.5720311576587479,PPA
18,er,sm_2_vox,7,0.034284482382204384,0.03708691681311632,0.552203069185526,PPA
18,er,sm_2_vox,8,0.10193419446973316,0.09863326054339148,0.6976513635785142,PPA
18,er,sm_2_vox,9,0.09625436067849749,0.09297476142666737,0.6368135856548336,PPA
18,er,sm_2_vox,10,0.09932569709364655,0.10013436908896278,0.6027786337317015,PPA
18,sus,unsmoothed,1,0.057737159766064444,0.06514232178488387,0.7067019563019015,PPA
18,sus,unsmoothed,2,0.05155024175115466,0.05844098074593495,0.7299471611631354,PPA
18,sus,unsmoothed,3,0.045584304820056966,0.0502466833402924,0.6194861622776362,PPA
18,sus,unsmoothed,4,0.04393641972971476,0.05072239480486607,0.6985005808847871,PPA
18,sus,unsmoothed,5,0.03783082846854773,0.046851545041248964,0.7241628811093728,PPA
18,sus,unsmoothed,6,0.05397049854293194,0.06168210462706638,0.6623933998943198,PPA
18,sus,unsmoothed,7,0.060322905752737147,0.06591712251314387,0.6551646206814281,PPA
18,sus,unsmoothed,8,0.04166423990803151,0.05192650097867228,0.5879109155383617,PPA
18,sus,unsmoothed,9,0.04508369602801421,0.051055530642017725,0.6126526874224923,PPA
18,sus,unsmoothed,10,0.05745253317631954,0.06888549022567375,0.7320703638787786,PPA
18,sus,sm_2_vox,1,0.14845885956276544,0.16648616986484988,0.709541181279959,PPA
18,sus,sm_2_vox,2,0.17045576174215632,0.18660451510593398,0.7930661330236694,PPA
18,sus,sm_2_vox,3,0.11514555087038594,0.1336154777660341,0.7132974805376098,PPA
18,sus,sm_2_vox,4,0.14738550480722074,0.16264081783850054,0.700519152942099,PPA
18,sus,sm_2_vox,5,0.12858352355863192,0.13923481499141982,0.6720045943745583,PPA
18,sus,sm_2_vox,6,0.1780153356785481,0.20521610787051897,0.7569224532515885,PPA
18,sus,sm_2_vox,7,0.1392752247278585,0.15560234727307778,0.766919192612407,PPA
18,sus,sm_2_vox,8,0.1634712657977167,0.16934499108843865,0.7282883935605484,PPA
18,sus,sm_2_vox,9,0.14037840837046714,0.16477498153091064,0.8022846457910648,PPA
18,sus,sm_2_vox,10,0.19276827000112373,0.19737074889520242,0.7840415007317734,PPA
18,miniblock,unsmoothed,1,0.05868837064926343,0.06494695862055934,0.699467770173322,PPA
18,miniblock,unsmoothed,2,0.05146149768651625,0.0585857327649182,0.6945832389436375,PPA
18,miniblock,unsmoothed,3,0.05195946545746299,0.056745505273819385,0.6686936072368423,PPA
18,miniblock,unsmoothed,4,0.05660644411804762,0.06144195535413415,0.7037932087911225,PPA
18,miniblock,unsmoothed,5,0.044597189300104825,0.0474282882628633,0.694287775036206,PPA
18,miniblock,unsmoothed,6,0.03481249308770979,0.0455036521158032,0.7123992227109868,PPA
18,miniblock,unsmoothed,7,0.03862072981096537,0.04773235405051095,0.6607127409796173,PPA
18,miniblock,unsmoothed,8,0.05378452250511781,0.05811463505059052,0.6961897287086483,PPA
18,miniblock,unsmoothed,9,0.04188148548847492,0.04708580904178421,0.6858677718606763,PPA
18,miniblock,unsmoothed,10,0.048036387639157616,0.05549725885869161,0.6949285037434396,PPA
18,miniblock,sm_2_vox,1,0.12770616343645785,0.14889388188248118,0.8389502928036154,PPA
18,miniblock,sm_2_vox,2,0.14177563530303275,0.15819743063831454,0.8362650564436366,PPA
18,miniblock,sm_2_vox,3,0.13880093725087878,0.15358750330457327,0.8151242363073145,PPA
18,miniblock,sm_2_vox,4,0.14444299990241494,0.15539506826346308,0.7928720400132991,PPA
18,miniblock,sm_2_vox,5,0.10851266512865113,0.13156167981102823,0.7854090381476855,PPA
18,miniblock,sm_2_vox,6,0.12597832449120022,0.14507553398460832,0.8028904539740089,PPA
18,miniblock,sm_2_vox,7,0.12705245516467523,0.14094670643216556,0.8153111233389045,PPA
18,miniblock,sm_2_vox,8,0.1551463381649899,0.1701410819096231,0.8259907723855324,PPA
18,miniblock,sm_2_vox,9,0.14071882283688025,0.15632130739576652,0.8243754996297126,PPA
18,miniblock,sm_2_vox,10,0.12132802230865145,0.13971053448597934,0.8440202741296061,PPA
18,er,unsmoothed,1,0.0389538538668557,0.03897684628335585,0.6451612092955831,EBA
18,er,unsmoothed,2,0.06547609689197904,0.061638144954880895,0.5892453945811733,EBA
18,er,unsmoothed,3,0.04800241476379821,0.0526306278965725,0.60280331162113,EBA
18,er,unsmoothed,4,0.04234821623916249,0.04321775407777232,0.5739133083843045,EBA
18,er,unsmoothed,5,0.0802663142430676,0.07972335686097529,0.6291773737119325,EBA
18,er,unsmoothed,6,0.036203046298565425,0.037915595467932654,0.6718327468441414,EBA
18,er,unsmoothed,7,0.023722835320908714,0.02674018275469901,0.6484582865208693,EBA
18,er,unsmoothed,8,0.055180582076814456,0.05553560113117359,0.6215143998219916,EBA
18,er,unsmoothed,9,0.05551810114114353,0.05743087836625257,0.5874970162323848,EBA
18,er,unsmoothed,10,0.04213319428707441,0.044714503847205926,0.6615274199074457,EBA
18,er,sm_2_vox,1,0.12390844018323886,0.11944693557213008,0.604102786171256,EBA
18,er,sm_2_vox,2,0.11494575488821054,0.11418461610940556,0.686880259529707,EBA
18,er,sm_2_vox,3,0.12189643909245503,0.1228089603338112,0.698573907407627,EBA
18,er,sm_2_vox,4,0.12672612946469636,0.12640063733035525,0.6340358553175973,EBA
18,er,sm_2_vox,5,0.12000537981639962,0.12021850481914004,0.7528089356462933,EBA
18,er,sm_2_vox,6,0.08305764492491828,0.08425899517776096,0.6953553538282378,EBA
18,er,sm_2_vox,7,0.06187052634464975,0.06704021098133538,0.7071522810136136,EBA
18,er,sm_2_vox,8,0.10440841750468266,0.10609183005909746,0.7286553754685527,EBA
18,er,sm_2_vox,9,0.11157400890449665,0.102152486754212,0.6795243544391619,EBA
18,er,sm_2_vox,10,0.06124266286382363,0.06802444475234425,0.7526996289319146,EBA
18,sus,unsmoothed,1,0.09120053157318364,0.12268965314455434,0.8699938823914602,EBA
18,sus,unsmoothed,2,0.10077025391752281,0.12372641740087625,0.8755309930696346,EBA
18,sus,unsmoothed,3,0.09629218771265094,0.11436607211442494,0.815178477518669,EBA
18,sus,unsmoothed,4,0.0807293657314557,0.10158612698087692,0.8576093746389402,EBA
18,sus,unsmoothed,5,0.09684457598231688,0.11696102910990587,0.8415499121023261,EBA
18,sus,unsmoothed,6,0.08516282521253477,0.10768015034033908,0.8133384940700242,EBA
18,sus,unsmoothed,7,0.09639312971935882,0.12228401836822994,0.8341894334039524,EBA
18,sus,unsmoothed,8,0.08758951979448609,0.1116170620075205,0.8265865739846523,EBA
18,sus,unsmoothed,9,0.09420881926966172,0.10931972180501277,0.8465015919061252,EBA
18,sus,unsmoothed,10,0.08580991074532557,0.11384721262851544,0.8246525337280982,EBA
18,sus,sm_2_vox,1,0.28268558610287636,0.27855033269221796,0.8991170858342661,EBA
18,sus,sm_2_vox,2,0.2998692817541802,0.30527466892949506,0.9112434688228932,EBA
18,sus,sm_2_vox,3,0.277218414385641,0.27308610739447525,0.8769093067313674,EBA
18,sus,sm_2_vox,4,0.25973164150184597,0.248574672225008,0.8668706091865863,EBA
18,sus,sm_2_vox,5,0.24363293572910716,0.24255904680276608,0.88314966713536,EBA
18,sus,sm_2_vox,6,0.2988342495522502,0.27883423497653653,0.8637608847309823,EBA
18,sus,sm_2_vox,7,0.25855952292501205,0.25279728762148035,0.8811996338973409,EBA
18,sus,sm_2_vox,8,0.26795568443448314,0.26013833560656086,0.9075021614823774,EBA
18,sus,sm_2_vox,9,0.26524197787182513,0.25337444814594,0.892747290431934,EBA
18,sus,sm_2_vox,10,0.2665252948704173,0.2667086756783228,0.869350531915599,EBA
18,miniblock,unsmoothed,1,0.08331039115126745,0.1153387286589158,0.8265056703088196,EBA
18,miniblock,unsmoothed,2,0.09406558870336154,0.1157081540488285,0.8223839947330174,EBA
18,miniblock,unsmoothed,3,0.09318369716343164,0.118157081692493,0.8742174971506539,EBA
18,miniblock,unsmoothed,4,0.08445054233320826,0.10999261491844418,0.8682039958107842,EBA
18,miniblock,unsmoothed,5,0.08566654547150682,0.1031769852105896,0.7839304161226723,EBA
18,miniblock,unsmoothed,6,0.06928930060137647,0.09269240900089006,0.8188821747780025,EBA
18,miniblock,unsmoothed,7,0.08847967024856652,0.10643285870427856,0.7848474696616923,EBA
18,miniblock,unsmoothed,8,0.08404890837035739,0.10780276112047296,0.7957144616518073,EBA
18,miniblock,unsmoothed,9,0.07251656606081029,0.09262886143896279,0.7856952926021423,EBA
18,miniblock,unsmoothed,10,0.0843553649779756,0.1069110116656023,0.8075185901768049,EBA
18,miniblock,sm_2_vox,1,0.28052300440132366,0.29376495122057994,0.8699453327802296,EBA
18,miniblock,sm_2_vox,2,0.28605244596567103,0.2820374230937794,0.8564813322282218,EBA
18,miniblock,sm_2_vox,3,0.2781770884463157,0.2956818868572748,0.8706321947336313,EBA
18,miniblock,sm_2_vox,4,0.2939462564184784,0.2984486535094371,0.9025305291986951,EBA
18,miniblock,sm_2_vox,5,0.2752464225030935,0.2714257650332662,0.8712449696030131,EBA
18,miniblock,sm_2_vox,6,0.2599099115652952,0.2731802373329353,0.8531701186625521,EBA
18,miniblock,sm_2_vox,7,0.3099126317053405,0.30761996599650476,0.8669062506152894,EBA
18,miniblock,sm_2_vox,8,0.2883456299513517,0.3006175681249674,0.8816240392835503,EBA
18,miniblock,sm_2_vox,9,0.26770256412222176,0.28814418792263,0.8496885935906413,EBA
18,miniblock,sm_2_vox,10,0.286068726310737,0.29089229772603636,0.8266612920899548,EBA
18,er,unsmoothed,1,0.03801101283771655,0.03914807582921904,0.7038036236261478,EVC
18,er,unsmoothed,2,0.048733237710802735,0.04812242073138622,0.6163872042900549,EVC
18,er,unsmoothed,3,0.043470506033464903,0.04565448799532594,0.6694428215451091,EVC
18,er,unsmoothed,4,0.03955990611895162,0.040478385584896505,0.6654223765463457,EVC
18,er,unsmoothed,5,0.0673295624838888,0.07004691415385302,0.6942801123870336,EVC
18,er,unsmoothed,6,0.05694908303663232,0.05696288529472229,0.7050243429336451,EVC
18,er,unsmoothed,7,0.03920172279325839,0.04545392108765207,0.7271986613492243,EVC
18,er,unsmoothed,8,0.061645484266580265,0.06462116209595677,0.7093147223955829,EVC
18,er,unsmoothed,9,0.06789593121566694,0.07060006827744861,0.6671620337043609,EVC
18,er,unsmoothed,10,0.054727003931126346,0.0545300297067387,0.6733322190757275,EVC
18,er,sm_2_vox,1,0.11788637966016483,0.12162755495554195,0.7296052551844117,EVC
18,er,sm_2_vox,2,0.08663279791528386,0.09134404159124991,0.644508137123611,EVC
18,er,sm_2_vox,3,0.08490139913154998,0.09115311007136237,0.7086875093096346,EVC
18,er,sm_2_vox,4,0.09275580963126027,0.09887078396959183,0.6956686996100206,EVC
18,er,sm_2_vox,5,0.12412421396750507,0.12969275593268764,0.7318933184546628,EVC
18,er,sm_2_vox,6,0.12553117839745262,0.1277129389189597,0.7188582944740705,EVC
18,er,sm_2_vox,7,0.0914663044138986,0.10051450207852361,0.7193894125951523,EVC
18,er,sm_2_vox,8,0.13508671331773828,0.13774336438289211,0.7815363756236362,EVC
18,er,sm_2_vox,9,0.13949884291989406,0.13630881265435912,0.7293838478009773,EVC
18,er,sm_2_vox,10,0.08609046662242632,0.0931261054786548,0.7312651059065436,EVC
18,sus,unsmoothed,1,0.13256575898639636,0.16776723796769025,0.9162222716196782,EVC
18,sus,unsmoothed,2,0.11309222472754721,0.14760647157140094,0.8990157678392248,EVC
18,sus,unsmoothed,3,0.11371569117053346,0.14636675573519795,0.8692570747232553,EVC
18,sus,unsmoothed,4,0.0979871163526197,0.12842870198045353,0.8762118233527707,EVC
18,sus,unsmoothed,5,0.11303391910031944,0.14898446578521765,0.8820895906223021,EVC
18,sus,unsmoothed,6,0.11840807843318667,0.14789736577346088,0.8737170813531929,EVC
18,sus,unsmoothed,7,0.12556798420330129,0.15872521996524105,0.9182405721445723,EVC
18,sus,unsmoothed,8,0.12291081171537577,0.15473248816810556,0.8903921769869672,EVC
18,sus,unsmoothed,9,0.11550055153863442,0.1434226558472077,0.8645883289895864,EVC
18,sus,unsmoothed,10,0.10987492802007653,0.15194598843380036,0.9001082088654291,EVC
18,sus,sm_2_vox,1,0.3036956068640777,0.3161553590612586,0.9222380762810843,EVC
18,sus,sm_2_vox,2,0.3064720993675807,0.3086061453987767,0.9118346873681634,EVC
18,sus,sm_2_vox,3,0.2910042685367348,0.3019101423556511,0.8881579602596079,EVC
18,sus,sm_2_vox,4,0.25580190313111617,0.2716533819318809,0.9107016549170417,EVC
18,sus,sm_2_vox,5,0.2762279194038848,0.2893138929716033,0.9303666068230791,EVC
18,sus,sm_2_vox,6,0.31995433267214207,0.31216829455799516,0.9036325540348963,EVC
18,sus,sm_2_vox,7,0.290820832017282,0.3089879095244735,0.9209037562433626,EVC
18,sus,sm_2_vox,8,0.2935350275808509,0.30427929421884914,0.9133244022398683,EVC
18,sus,sm_2_vox,9,0.2713860309928349,0.28651746269450684,0.8720956212190047,EVC
18,sus,sm_2_vox,10,0.3161411439325666,0.31927310224330163,0.9288942441417559,EVC
18,miniblock,unsmoothed,1,0.11641054318816832,0.15807942119730797,0.9231661440332961,EVC
18,miniblock,unsmoothed,2,0.11398890653416843,0.14774880466790963,0.9042317649667396,EVC
18,miniblock,unsmoothed,3,0.10969143968834397,0.14592390051995816,0.8956120683405102,EVC
18,miniblock,unsmoothed,4,0.10402528075954978,0.13963114101478172,0.8670714119201146,EVC
18,miniblock,unsmoothed,5,0.1048280522153455,0.13546414310243218,0.8846461349999075,EVC
18,miniblock,unsmoothed,6,0.09674884067303785,0.13031497200466052,0.9087424248946347,EVC
18,miniblock,unsmoothed,7,0.1083354296220302,0.14466236391606857,0.9244385994527128,EVC
18,miniblock,unsmoothed,8,0.10964546105418592,0.1449574137028461,0.8933505591792739,EVC
18,miniblock,unsmoothed,9,0.10168292316630691,0.1322416381566495,0.8871333408566406,EVC
18,miniblock,unsmoothed,10,0.10855137679729367,0.1455565367543422,0.914401424090872,EVC
18,miniblock,sm_2_vox,1,0.3067054517749581,0.3413992689726512,0.9274296591703542,EVC
18,miniblock,sm_2_vox,2,0.2964040283462993,0.3086071318491891,0.9220840279884858,EVC
18,miniblock,sm_2_vox,3,0.3055145836269709,0.33146086584665424,0.9272451854241723,EVC
18,miniblock,sm_2_vox,4,0.280205171654765,0.3040762735744359,0.9013453313709301,EVC
18,miniblock,sm_2_vox,5,0.2921814519212601,0.30820493836656554,0.9070993685166566,EVC
18,miniblock,sm_2_vox,6,0.26958984091393623,0.30104828621179847,0.9220003382201983,EVC
18,miniblock,sm_2_vox,7,0.29151517064890364,0.3219861568833704,0.930014492192994,EVC
18,miniblock,sm_2_vox,8,0.31686751396321183,0.3345926008452682,0.9148315414271234,EVC
18,miniblock,sm_2_vox,9,0.2838061565177509,0.3075226495504553,0.9014413723101464,EVC
18,miniblock,sm_2_vox,10,0.3058726517142786,0.32645263853438644,0.9267328623419495,EVC
19,er,unsmoothed,1,0.0205410565768514,0.021468091984192937,0.6019243082012347,visually_responsive_voxels
19,er,unsmoothed,2,0.01567848260122564,0.01636821763247072,0.6128766678666433,visually_responsive_voxels
19,er,unsmoothed,3,0.02250367208496586,0.024043256817942282,0.605837891296918,visually_responsive_voxels
19,er,unsmoothed,4,0.024447580849313064,0.026010934334242383,0.7179632559073894,visually_responsive_voxels
19,er,unsmoothed,5,0.020823022643787978,0.024138316615204977,0.6633680738743724,visually_responsive_voxels
19,er,unsmoothed,6,0.022109802308067306,0.021444495514978904,0.6192249907430066,visually_responsive_voxels
19,er,unsmoothed,7,0.026413469903994978,0.027301004109815077,0.6857339857401026,visually_responsive_voxels
19,er,unsmoothed,8,0.013341400380413938,0.013727566302773383,0.5686238734932337,visually_responsive_voxels
19,er,unsmoothed,9,0.031070461822807444,0.03315908071018671,0.6221906238951249,visually_responsive_voxels
19,er,unsmoothed,10,0.019733759792591725,0.020847044390459542,0.6343294996207459,visually_responsive_voxels
19,er,sm_2_vox,1,0.04601847482969606,0.05298488230452297,0.7112290655677013,visually_responsive_voxels
19,er,sm_2_vox,2,0.06335420188480038,0.06701662593994502,0.6757885777454826,visually_responsive_voxels
19,er,sm_2_vox,3,0.04514751187768079,0.05093409976473968,0.68406741150028,visually_responsive_voxels
19,er,sm_2_vox,4,0.05045255825422548,0.05393353379669097,0.6781168980298347,visually_responsive_voxels
19,er,sm_2_vox,5,0.04897049593994917,0.053207347410718746,0.6513231320623307,visually_responsive_voxels
19,er,sm_2_vox,6,0.05901361859324617,0.06057666278399653,0.6484889935011189,visually_responsive_voxels
19,er,sm_2_vox,7,0.06610826489324607,0.06854469705727166,0.6408562194676803,visually_responsive_voxels
19,er,sm_2_vox,8,0.05785750854282817,0.05840058738901241,0.6981863393740896,visually_responsive_voxels
19,er,sm_2_vox,9,0.06010988030409013,0.06647798201977778,0.641978709219065,visually_responsive_voxels
19,er,sm_2_vox,10,0.04852438361577208,0.050661220523678344,0.6336375039323372,visually_responsive_voxels
19,sus,unsmoothed,1,0.02461552568662164,0.029423309336044215,0.7051362227645008,visually_responsive_voxels
19,sus,unsmoothed,2,0.0019746899793258565,0.0048843919734989655,0.7721736605833718,visually_responsive_voxels
19,sus,unsmoothed,3,0.04463914050200227,0.051469899041903196,0.7613729702078662,visually_responsive_voxels
19,sus,unsmoothed,4,-0.002012249870631991,0.00323493673934421,0.7328880886275677,visually_responsive_voxels
19,sus,unsmoothed,5,0.02715695911480881,0.032459725877083095,0.7246661953268768,visually_responsive_voxels
19,sus,unsmoothed,6,0.014838662271917474,0.020089709363792497,0.7760118276015284,visually_responsive_voxels
19,sus,unsmoothed,7,0.026277160376410688,0.033247032221469935,0.7929364928023164,visually_responsive_voxels
19,sus,unsmoothed,8,0.0122871368050416,0.01615856185609804,0.7381308784951133,visually_responsive_voxels
19,sus,unsmoothed,9,0.042953597531596985,0.048187033481024384,0.7613232971195132,visually_responsive_voxels
19,sus,unsmoothed,10,0.04754947595411115,0.053116814907526594,0.7909411542478045,visually_responsive_voxels
19,sus,sm_2_vox,1,0.04453780155493352,0.05840744345427399,0.7508993667057056,visually_responsive_voxels
19,sus,sm_2_vox,2,0.010909141762480076,0.03643228018679302,0.80418065021915,visually_responsive_voxels
19,sus,sm_2_vox,3,0.0740379438389838,0.08905384293109234,0.7977704807500305,visually_responsive_voxels
19,sus,sm_2_vox,4,0.02298344941184079,0.03805336262724405,0.7767700698846387,visually_responsive_voxels
19,sus,sm_2_vox,5,0.045792862482788244,0.06574922516639327,0.7776125626615873,visually_responsive_voxels
19,sus,sm_2_vox,6,0.047126347704606275,0.062192597437931506,0.7895814150834775,visually_responsive_voxels
19,sus,sm_2_vox,7,0.07621080570644398,0.09726596786611967,0.8329300894689674,visually_responsive_voxels
19,sus,sm_2_vox,8,0.005492364033271097,0.01760114920344334,0.7406364850325502,visually_responsive_voxels
19,sus,sm_2_vox,9,0.0788755213610606,0.09945730435331189,0.8468769104217033,visually_responsive_voxels
19,sus,sm_2_vox,10,0.06592708340398445,0.08355055417163737,0.8288290791639495,visually_responsive_voxels
19,miniblock,unsmoothed,1,-0.0059085688891435725,-8.084942508456112e-05,0.6988036212656821,visually_responsive_voxels
19,miniblock,unsmoothed,2,0.019417422793132758,0.02289457125565357,0.742995023004795,visually_responsive_voxels
19,miniblock,unsmoothed,3,0.06336238575819869,0.06564752789914963,0.7979428430848509,visually_responsive_voxels
19,miniblock,unsmoothed,4,0.030666848930207116,0.032201250039985495,0.7299232409829791,visually_responsive_voxels
19,miniblock,unsmoothed,5,0.013673871165728328,0.01539179603220346,0.738246187046545,visually_responsive_voxels
19,miniblock,unsmoothed,6,0.01998861505535423,0.02076496537238506,0.6476489036029477,visually_responsive_voxels
19,miniblock,unsmoothed,7,0.049164725443354165,0.05305694428332215,0.7766471280098649,visually_responsive_voxels
19,miniblock,unsmoothed,8,0.06048725285635775,0.061440093280699944,0.7073238759262502,visually_responsive_voxels
19,miniblock,unsmoothed,9,0.037662146912134944,0.039591542912046376,0.7107680130988445,visually_responsive_voxels
19,miniblock,unsmoothed,10,0.00736273226461813,0.01159219839061489,0.6946744303829681,visually_responsive_voxels
19,miniblock,sm_2_vox,1,0.015736709002304727,0.026272125294691487,0.7489266442164326,visually_responsive_voxels
19,miniblock,sm_2_vox,2,0.03765416995579013,0.040956043902648794,0.7221865012836217,visually_responsive_voxels
19,miniblock,sm_2_vox,3,0.042517903809675496,0.048556902040313564,0.7529911877569166,visually_responsive_voxels
19,miniblock,sm_2_vox,4,0.04289014476545236,0.047809137225099975,0.7571430901792369,visually_responsive_voxels
19,miniblock,sm_2_vox,5,0.014220036863395857,0.02055796358589318,0.8115611527295077,visually_responsive_voxels
19,miniblock,sm_2_vox,6,0.037470035041916344,0.0459245569520714,0.7571955184780286,visually_responsive_voxels
19,miniblock,sm_2_vox,7,0.04888890957793042,0.054673915373310296,0.7939332236514709,visually_responsive_voxels
19,miniblock,sm_2_vox,8,0.06654539536228017,0.06876839842578156,0.7870312788557283,visually_responsive_voxels
19,miniblock,sm_2_vox,9,0.058868094078055336,0.06723586616370691,0.7523962340368939,visually_responsive_voxels
19,miniblock,sm_2_vox,10,0.0403049233966854,0.048653969292299974,0.7219961770775672,visually_responsive_voxels
19,er,unsmoothed,1,0.04769908421085558,0.034059705747966025,0.36219458565121226,FFA
19,er,unsmoothed,2,0.06306194349218755,0.046150143173541304,0.5326312687142664,FFA
19,er,unsmoothed,3,0.07950172497751455,0.07330090947328154,0.5624871453838762,FFA
19,er,unsmoothed,4,0.018368710033528843,0.03188588896648206,0.4373206484879351,FFA
19,er,unsmoothed,5,0.048084901795396456,0.060889718681773126,0.5546655529554726,FFA
19,er,unsmoothed,6,0.06277805221364646,0.05572479011881089,0.38679461582692776,FFA
19,er,unsmoothed,7,0.014288249493161912,0.0288524283752285,0.4556239668962917,FFA
19,er,unsmoothed,8,0.028644968013144315,0.029678583816936915,0.5594841703733404,FFA
19,er,unsmoothed,9,0.034290800019176365,0.03615416157968081,0.46296084900046536,FFA
19,er,unsmoothed,10,0.03226682058479127,0.03789371622589167,0.3693927579351562,FFA
19,er,sm_2_vox,1,0.14625184698105612,0.1399517581357427,0.438736678288174,FFA
19,er,sm_2_vox,2,0.22398211554291764,0.20865037061303224,0.6188643302859579,FFA
19,er,sm_2_vox,3,0.15063144217656535,0.17257678150363906,0.6144303105306379,FFA
19,er,sm_2_vox,4,0.13536905741277344,0.13771387598532975,0.5481509411853596,FFA
19,er,sm_2_vox,5,0.1444651837551154,0.13630687841596426,0.505104538587459,FFA
19,er,sm_2_vox,6,0.1707944472226964,0.14571779325587958,0.5059986323276622,FFA
19,er,sm_2_vox,7,0.12069224886199709,0.10335412542849015,0.4412955837396146,FFA
19,er,sm_2_vox,8,0.1362115883819876,0.13029657575572604,0.4924882378797007,FFA
19,er,sm_2_vox,9,0.07249669534122277,0.07665296803210862,0.4667890974051506,FFA
19,er,sm_2_vox,10,0.11233237397813572,0.0798744606243592,0.43486123218353223,FFA
19,sus,unsmoothed,1,0.11030146669222832,0.11247901612222955,0.6613668998116329,FFA
19,sus,unsmoothed,2,0.04147606580363101,0.06426326080098668,0.5638632492963405,FFA
19,sus,unsmoothed,3,0.09790959998965444,0.10190279094467283,0.6714070825370494,FFA
19,sus,unsmoothed,4,0.032657442028170176,0.03953851533920035,0.530843251774009,FFA
19,sus,unsmoothed,5,0.05495674771775888,0.06936364219072076,0.4365975021361562,FFA
19,sus,unsmoothed,6,0.0391768201732883,0.055223996509551405,0.4998989021094418,FFA
19,sus,unsmoothed,7,0.07935631038233172,0.08615567292613215,0.5467276269425022,FFA
19,sus,unsmoothed,8,0.054907258918510476,0.060709141258833976,0.5118733281823721,FFA
19,sus,unsmoothed,9,0.10070465520934513,0.10560225749486805,0.5209424362604755,FFA
19,sus,unsmoothed,10,0.08912492893364804,0.08965849056831081,0.5798376388753477,FFA
19,sus,sm_2_vox,1,0.2866161538972151,0.26769637358363807,0.6994831564678531,FFA
19,sus,sm_2_vox,2,0.2364059418328434,0.21654167306364608,0.609835306540766,FFA
19,sus,sm_2_vox,3,0.2871289118872842,0.25704822284417256,0.7061148438704505,FFA
19,sus,sm_2_vox,4,0.24010856633122418,0.22918298322412858,0.6598562989081502,FFA
19,sus,sm_2_vox,5,0.29382063386586443,0.2575139141776804,0.6619620154621347,FFA
19,sus,sm_2_vox,6,0.24147683820447924,0.23082792428312743,0.681888056885969,FFA
19,sus,sm_2_vox,7,0.29183206119398775,0.2513493729715216,0.6682645351194593,FFA
19,sus,sm_2_vox,8,0.21338234109232865,0.1690831161518852,0.6273982306036,FFA
19,sus,sm_2_vox,9,0.2880935826289786,0.2705538331701545,0.6990507991701854,FFA
19,sus,sm_2_vox,10,0.27034171942018403,0.2835412959306034,0.7121416700859706,FFA
19,miniblock,unsmoothed,1,0.08582112934866157,0.09465876006900081,0.6988036212656821,FFA
19,miniblock,unsmoothed,2,0.08565813441806738,0.074734636949658,0.5245956710992374,FFA
19,miniblock,unsmoothed,3,0.10254513650706014,0.12468448731626969,0.6236061366657184,FFA
19,miniblock,unsmoothed,4,0.07509933746761978,0.0841993755432863,0.5809263518005001,FFA
19,miniblock,unsmoothed,5,0.10191482295457918,0.08110661272299582,0.5744504847808396,FFA
19,miniblock,unsmoothed,6,0.1043709016983711,0.09525035915598554,0.5264832980196086,FFA
19,miniblock,unsmoothed,7,0.13558363731821452,0.11891591427806836,0.5049085921184367,FFA
19,miniblock,unsmoothed,8,0.09609825501093372,0.09057836483443094,0.495753067599846,FFA
19,miniblock,unsmoothed,9,0.09375632990013692,0.10561584303314156,0.6778191360824346,FFA
19,miniblock,unsmoothed,10,0.04989615249032761,0.07539506759891271,0.5844850951329068,FFA
19,miniblock,sm_2_vox,1,0.3229430064690796,0.3165867026449964,0.6900634490854465,FFA
19,miniblock,sm_2_vox,2,0.2715078615906344,0.26604515726117733,0.7001003997172636,FFA
19,miniblock,sm_2_vox,3,0.28723810057599236,0.2913295661966408,0.6767540038068813,FFA
19,miniblock,sm_2_vox,4,0.29683647789844075,0.2605528829689029,0.7167528697505621,FFA
19,miniblock,sm_2_vox,5,0.2685588562101934,0.2737892672159172,0.6262803638832943,FFA
19,miniblock,sm_2_vox,6,0.36521498048026235,0.3351417763785844,0.7219012708438903,FFA
19,miniblock,sm_2_vox,7,0.32536633761843736,0.30190213231553104,0.7236636014275564,FFA
19,miniblock,sm_2_vox,8,0.3007861487171493,0.26195994103315173,0.6347290876464978,FFA
19,miniblock,sm_2_vox,9,0.31828107728520744,0.28722755924919097,0.7128911724984289,FFA
19,miniblock,sm_2_vox,10,0.35833955470531126,0.31693319578016094,0.685988657129359,FFA
19,er,unsmoothed,1,0.02067183849360068,0.014902722204067843,0.3705085415358994,PPA
19,er,unsmoothed,2,0.045485803451741066,0.04695002012122295,0.35152952878926297,PPA
19,er,unsmoothed,3,0.03000632866894461,0.03652198338702681,0.43890346629978866,PPA
19,er,unsmoothed,4,0.013406734279434143,0.022860284844348166,0.4911433039100015,PPA
19,er,unsmoothed,5,0.03536469350393607,0.023696168727956626,0.5023444210590728,PPA
19,er,unsmoothed,6,0.04788754331977392,0.05305311902634875,0.42496388055999235,PPA
19,er,unsmoothed,7,0.049538347528146925,0.04669192652861027,0.37966458512397205,PPA
19,er,unsmoothed,8,0.03088123708503254,0.025020290406108037,0.5030873419088245,PPA
19,er,unsmoothed,9,0.04443597457800302,0.04982727925585238,0.4311276274618239,PPA
19,er,unsmoothed,10,0.08144251217719012,0.06476981252392176,0.5020857740198647,PPA
19,er,sm_2_vox,1,0.15404963478095404,0.1240187739856315,0.4290376575156716,PPA
19,er,sm_2_vox,2,0.0990142381007189,0.0656899891874145,0.4438175071549156,PPA
19,er,sm_2_vox,3,0.08832749500303741,0.08884259531736947,0.3961760734437957,PPA
19,er,sm_2_vox,4,0.11487381452282544,0.12382215956617287,0.4757666691390384,PPA
19,er,sm_2_vox,5,0.04872158876019354,0.06280964108198231,0.4364960045775673,PPA
19,er,sm_2_vox,6,0.13586598225581614,0.11500519190715679,0.4589499017276465,PPA
19,er,sm_2_vox,7,0.11534446229627704,0.12695383160091536,0.42292022117268163,PPA
19,er,sm_2_vox,8,0.10704385462968237,0.10006363911173086,0.4700418271571263,PPA
19,er,sm_2_vox,9,0.14877830872682207,0.14157564044455048,0.5096107764618796,PPA
19,er,sm_2_vox,10,0.19707858634529474,0.19679937394134095,0.5402077760194662,PPA
19,sus,unsmoothed,1,0.016631433236478137,0.016748102741573317,0.4261851139067446,PPA
19,sus,unsmoothed,2,0.02209840415173584,0.03310197319347744,0.4089634312486128,PPA
19,sus,unsmoothed,3,0.059039815584759625,0.05900330317662042,0.5523914163836182,PPA
19,sus,unsmoothed,4,0.014464879851535127,0.021473257900311224,0.3877489081622143,PPA
19,sus,unsmoothed,5,0.019816849564744235,0.017608003168532366,0.5452869044353266,PPA
19,sus,unsmoothed,6,0.02595501417649154,0.019524917482941457,0.40649437562373114,PPA
19,sus,unsmoothed,7,0.018677601711297086,0.021441511966349632,0.37311715285824026,PPA
19,sus,unsmoothed,8,0.0436178210599597,0.02711263204094212,0.4011765597675331,PPA
19,sus,unsmoothed,9,0.045559400854951276,0.06421825268040698,0.4863199370916361,PPA
19,sus,unsmoothed,10,0.05926655099628078,0.04913195575703462,0.4498080282022967,PPA
19,sus,sm_2_vox,1,0.12328900278040006,0.11874900203804926,0.4892554064299276,PPA
19,sus,sm_2_vox,2,0.09750778626546942,0.09630782549842583,0.42942183798437594,PPA
19,sus,sm_2_vox,3,0.23782636142213603,0.21673652307780986,0.5654416024153823,PPA
19,sus,sm_2_vox,4,0.22698271348566154,0.21303542258127423,0.543554270856241,PPA
19,sus,sm_2_vox,5,0.14816625688837493,0.16785394325861291,0.5121625468788941,PPA
19,sus,sm_2_vox,6,0.09207284479698927,0.10725578085547861,0.5529088270516542,PPA
19,sus,sm_2_vox,7,0.17238845732006397,0.15181564653663943,0.47144076518747535,PPA
19,sus,sm_2_vox,8,0.10767901963561782,0.09339677520990346,0.4882104815064447,PPA
19,sus,sm_2_vox,9,0.2208727628384483,0.21299059482920832,0.5788148381815845,PPA
19,sus,sm_2_vox,10,0.11210603110182629,0.137256980976201,0.5812770026617824,PPA
19,miniblock,unsmoothed,1,0.08016042708592033,0.07578696720697674,0.48736292023836975,PPA
19,miniblock,unsmoothed,2,0.03469311328772702,0.05213606288301008,0.47745258053002626,PPA
19,miniblock,unsmoothed,3,0.10143491393912848,0.08452733027886322,0.5020071608104237,PPA
19,miniblock,unsmoothed,4,0.05250918677969944,0.05046208507813125,0.33806745381412806,PPA
19,miniblock,unsmoothed,5,0.07676682335624524,0.0865983942186231,0.5171148469453246,PPA
19,miniblock,unsmoothed,6,0.07204100794835001,0.06819859258704376,0.431170834678283,PPA
19,miniblock,unsmoothed,7,0.054381727524876106,0.06616512691513363,0.43099951543738757,PPA
19,miniblock,unsmoothed,8,0.06734794642711409,0.08333022355795822,0.5639615684010296,PPA
19,miniblock,unsmoothed,9,0.08192041822000622,0.08238701351295998,0.5355152917449562,PPA
19,miniblock,unsmoothed,10,0.061944651913947095,0.05386567726061555,0.49950726321338534,PPA
19,miniblock,sm_2_vox,1,0.12739935685777248,0.11232767841035235,0.47225227024553296,PPA
19,miniblock,sm_2_vox,2,0.14896761440779427,0.13279565818495068,0.44403590280151406,PPA
19,miniblock,sm_2_vox,3,0.15485791326538065,0.1405283129969514,0.5012897270785823,PPA
19,miniblock,sm_2_vox,4,0.08247093966253757,0.09086178344193035,0.4509967404088815,PPA
19,miniblock,sm_2_vox,5,0.15148498327122997,0.14949396534097845,0.41903022692532704,PPA
19,miniblock,sm_2_vox,6,0.12431099804083616,0.12452882045075099,0.5203964717252995,PPA
19,miniblock,sm_2_vox,7,0.06603725194236261,0.06815001108646422,0.4778773538519687,PPA
19,miniblock,sm_2_vox,8,0.1167987765561973,0.10348041621401005,0.37890173961161316,PPA
19,miniblock,sm_2_vox,9,0.1426746657811862,0.1328108251982191,0.4180721551731025,PPA
19,miniblock,sm_2_vox,10,0.08275685511929781,0.09685975819552273,0.4923063252517466,PPA
19,er,unsmoothed,1,0.05078141518676944,0.05530510711352242,0.5539936919011721,EBA
19,er,unsmoothed,2,0.05636152316256483,0.05481246649609837,0.5651389055578072,EBA
19,er,unsmoothed,3,0.05849198819617331,0.049602544336553485,0.5408529156808791,EBA
19,er,unsmoothed,4,0.028022116457947083,0.031913409685036434,0.5746638636560375,EBA
19,er,unsmoothed,5,0.04010071295328646,0.04021012660604016,0.5749580689008241,EBA
19,er,unsmoothed,6,0.04046957723224116,0.03999202188031311,0.5521486360127724,EBA
19,er,unsmoothed,7,0.056218537255652054,0.05712031029642613,0.5297742727919228,EBA
19,er,unsmoothed,8,0.024125405743044753,0.02245260594048858,0.4837471334408886,EBA
19,er,unsmoothed,9,0.05201812366993534,0.055856181725240775,0.5082684094794262,EBA
19,er,unsmoothed,10,0.03653556037265381,0.034990700381837235,0.5080017367265367,EBA
19,er,sm_2_vox,1,0.12091137247720529,0.11484279890108605,0.6351105354402737,EBA
19,er,sm_2_vox,2,0.1261626781187851,0.11809268597810914,0.634807780115617,EBA
19,er,sm_2_vox,3,0.09184432400748839,0.08807101255269671,0.5421854175859546,EBA
19,er,sm_2_vox,4,0.08435301007564724,0.08838446172201807,0.6480558005338211,EBA
19,er,sm_2_vox,5,0.08689301575516857,0.09242710962318011,0.5580777105128203,EBA
19,er,sm_2_vox,6,0.1056995558005567,0.09746930528272998,0.5552007800570207,EBA
19,er,sm_2_vox,7,0.12034920471109106,0.10389061952204606,0.5146105157220445,EBA
19,er,sm_2_vox,8,0.06415538019056569,0.06700254813376474,0.5802409480024375,EBA
19,er,sm_2_vox,9,0.11668238573879813,0.11438109229852278,0.6030795890820038,EBA
19,er,sm_2_vox,10,0.08530042987042713,0.07792002313258146,0.5123886393589622,EBA
19,sus,unsmoothed,1,0.0717722723804701,0.06657055799473419,0.5832903841702621,EBA
19,sus,unsmoothed,2,0.025660889520048344,0.026523493154373877,0.5896865961657486,EBA
19,sus,unsmoothed,3,0.07403220217057274,0.06900298885524611,0.6305823384663003,EBA
19,sus,unsmoothed,4,0.024642358486239916,0.02672968834387294,0.5286564227346169,EBA
19,sus,unsmoothed,5,0.049963565653647055,0.05116065613916849,0.6281483276152675,EBA
19,sus,unsmoothed,6,0.042799149137801216,0.04562100120837204,0.5521817003400977,EBA
19,sus,unsmoothed,7,0.05437984694701679,0.05875880225210565,0.6189009754617225,EBA
19,sus,unsmoothed,8,0.05519779923523581,0.053170223451622,0.5665450457808137,EBA
19,sus,unsmoothed,9,0.06937882754200203,0.06706805319217314,0.5216174176113701,EBA
19,sus,unsmoothed,10,0.07557658730521541,0.07801302245982328,0.6314725297582493,EBA
19,sus,sm_2_vox,1,0.13054471924106087,0.1289129356277598,0.6877788651711664,EBA
19,sus,sm_2_vox,2,0.03913104490780033,0.03970022993137899,0.6522511634060586,EBA
19,sus,sm_2_vox,3,0.13366960140829073,0.12745183509761246,0.6844792928938546,EBA
19,sus,sm_2_vox,4,0.10220004545729011,0.1005824771640491,0.7316428089634764,EBA
19,sus,sm_2_vox,5,0.11454772502279138,0.1132541237355115,0.764592751076818,EBA
19,sus,sm_2_vox,6,0.15651749144332455,0.15268218062074518,0.629332697087062,EBA
19,sus,sm_2_vox,7,0.15407478899848337,0.16503326063850937,0.7222281915568597,EBA
19,sus,sm_2_vox,8,0.08466934221174571,0.07954615497843094,0.6289732013532372,EBA
19,sus,sm_2_vox,9,0.12519187577131163,0.11953948330099119,0.6282756660397046,EBA
19,sus,sm_2_vox,10,0.13459039231686598,0.13125541805952612,0.6653825256020675,EBA
19,miniblock,unsmoothed,1,0.03633027552707924,0.03442803672816741,0.5479717004707707,EBA
19,miniblock,unsmoothed,2,0.045136382353830794,0.04703903268447006,0.5596940004409661,EBA
19,miniblock,unsmoothed,3,0.08942818017901472,0.0845976127009993,0.5355627124657532,EBA
19,miniblock,unsmoothed,4,0.05345022729221617,0.05676685956625156,0.5488433430476541,EBA
19,miniblock,unsmoothed,5,0.043789488889314304,0.03978324209153031,0.5025117071150542,EBA
19,miniblock,unsmoothed,6,0.048605392361349475,0.04674006011754476,0.5196072551184945,EBA
19,miniblock,unsmoothed,7,0.08918037313758018,0.08646277929288645,0.5525620035228462,EBA
19,miniblock,unsmoothed,8,0.07158714793264939,0.06592286630084486,0.5746430679468524,EBA
19,miniblock,unsmoothed,9,0.06601318702719626,0.06511243362872747,0.5389716027486962,EBA
19,miniblock,unsmoothed,10,0.04218730389781788,0.0402389000896054,0.5617505222985806,EBA
19,miniblock,sm_2_vox,1,0.0911632306463612,0.09462149750213264,0.5682735902802611,EBA
19,miniblock,sm_2_vox,2,0.09089408751730531,0.1048554321410698,0.6121295742172425,EBA
19,miniblock,sm_2_vox,3,0.09119188601371626,0.0901959158816925,0.5663379787325148,EBA
19,miniblock,sm_2_vox,4,0.11231670492164995,0.12093843470079364,0.6846550666760531,EBA
19,miniblock,sm_2_vox,5,0.07536695995456226,0.07082004001408887,0.5243807329418336,EBA
19,miniblock,sm_2_vox,6,0.08947981851757805,0.07988489112678193,0.5219454171535578,EBA
19,miniblock,sm_2_vox,7,0.09774187976258936,0.09976734530182088,0.561295377252794,EBA
19,miniblock,sm_2_vox,8,0.10989520967451927,0.1071385952403311,0.6094126967271007,EBA
19,miniblock,sm_2_vox,9,0.13585759238272,0.134100982950468,0.5691038025466088,EBA
19,miniblock,sm_2_vox,10,0.1285383185377521,0.14042001786397587,0.6532731931734306,EBA
19,er,unsmoothed,1,0.0525310874120046,0.053796563465022755,0.6865511941296505,EVC
19,er,unsmoothed,2,0.04657892790695205,0.04761900060528833,0.6683939345506229,EVC
19,er,unsmoothed,3,0.05572396346573306,0.05825116484110166,0.6382770323643736,EVC
19,er,unsmoothed,4,0.05663047363727661,0.057972377183131585,0.6341746427011478,EVC
19,er,unsmoothed,5,0.055106907687409015,0.05922455572869674,0.7238397467357843,EVC
19,er,unsmoothed,6,0.05864030275649004,0.05552663188898231,0.6029518067177623,EVC
19,er,unsmoothed,7,0.05463742309642043,0.056795820288544685,0.7073931047540096,EVC
19,er,unsmoothed,8,0.035273597565675885,0.03803611218160831,0.601788145386229,EVC
19,er,unsmoothed,9,0.06819095496765862,0.07112265875861888,0.6584009878609913,EVC
19,er,unsmoothed,10,0.046228476708939634,0.0474259441567472,0.6041668140945492,EVC
19,er,sm_2_vox,1,0.12287305443492323,0.1298622499609875,0.7551173606723957,EVC
19,er,sm_2_vox,2,0.12807470858295578,0.13141657080509234,0.7238678206389713,EVC
19,er,sm_2_vox,3,0.12406045279138331,0.1266999026547182,0.68406741150028,EVC
19,er,sm_2_vox,4,0.09466297700065505,0.09823876832246461,0.6650468540729363,EVC
19,er,sm_2_vox,5,0.12321439866622011,0.12845523326210187,0.6077743562811888,EVC
19,er,sm_2_vox,6,0.13368987378597164,0.1306912646197746,0.6515299799563059,EVC
19,er,sm_2_vox,7,0.13041382501807486,0.1273904632750014,0.6487246693557327,EVC
19,er,sm_2_vox,8,0.10802410274599236,0.11947694129966918,0.6981863393740896,EVC
19,er,sm_2_vox,9,0.15445025053118172,0.15490391209136428,0.6849588529071203,EVC
19,er,sm_2_vox,10,0.1221749133547104,0.12093240696782058,0.6336375039323372,EVC
19,sus,unsmoothed,1,0.054991597843994974,0.06457591058059023,0.6439430923816801,EVC
19,sus,unsmoothed,2,0.05008558564409508,0.06142783717069301,0.7721736605833718,EVC
19,sus,unsmoothed,3,0.0984965536621002,0.10467551957294995,0.7086928493794553,EVC
19,sus,unsmoothed,4,0.03188853908543628,0.042300062390388485,0.7039391279357703,EVC
19,sus,unsmoothed,5,0.08054071768015321,0.088348195481012,0.6956224518730609,EVC
19,sus,unsmoothed,6,0.05536377211663483,0.06571768385941577,0.7059121943262159,EVC
19,sus,unsmoothed,7,0.07631157429396176,0.09498203074422101,0.7929364928023164,EVC
19,sus,unsmoothed,8,0.05709348119852603,0.06882616894640393,0.7381308784951133,EVC
19,sus,unsmoothed,9,0.08990229764570078,0.10305501414415354,0.7922936865066776,EVC
19,sus,unsmoothed,10,0.1031589230422406,0.11239666474224523,0.7909411542478045,EVC
19,sus,sm_2_vox,1,0.13812747570028666,0.15741770138802394,0.7101234929282132,EVC
19,sus,sm_2_vox,2,0.11497811708262537,0.14568528700819472,0.8301599688235878,EVC
19,sus,sm_2_vox,3,0.16997368910259997,0.17838508385281254,0.7744710013840392,EVC
19,sus,sm_2_vox,4,0.099207107105549,0.1259239892383823,0.7767700698846387,EVC
19,sus,sm_2_vox,5,0.1900926275457664,0.19591050627791318,0.7776125626615873,EVC
19,sus,sm_2_vox,6,0.11751692040054848,0.13767238531856843,0.8031105239754199,EVC
19,sus,sm_2_vox,7,0.22163807997593654,0.23530110864774634,0.8390990993491563,EVC
19,sus,sm_2_vox,8,0.0987326059084749,0.12228926488678675,0.862416835023518,EVC
19,sus,sm_2_vox,9,0.19121639602502177,0.20774902236460852,0.8839833249966091,EVC
19,sus,sm_2_vox,10,0.21544179196214738,0.2242675876777765,0.8331997976295231,EVC
19,miniblock,unsmoothed,1,0.009949509650948894,0.019558312598852167,0.699177881581854,EVC
19,miniblock,unsmoothed,2,0.06639324568727305,0.07015143311145165,0.742995023004795,EVC
19,miniblock,unsmoothed,3,0.10265867612612314,0.10950957546818355,0.7979428430848509,EVC
19,miniblock,unsmoothed,4,0.05525584247695821,0.06508856258149329,0.7300756173048597,EVC
19,miniblock,unsmoothed,5,0.03541248657003775,0.040900515045534956,0.738246187046545,EVC
19,miniblock,unsmoothed,6,0.0434721891989729,0.05322962433104114,0.7007418691502263,EVC
19,miniblock,unsmoothed,7,0.10053804351230766,0.10811711951323306,0.7766471280098649,EVC
19,miniblock,unsmoothed,8,0.09414424830399906,0.10012253151286216,0.7636296675570629,EVC
19,miniblock,unsmoothed,9,0.058560133061997866,0.06528917901347109,0.749804320240573,EVC
19,miniblock,unsmoothed,10,0.03257711502814829,0.04147394703716516,0.73983241303287,EVC
19,miniblock,sm_2_vox,1,0.09120424990037182,0.09811897944292458,0.7678668092173249,EVC
19,miniblock,sm_2_vox,2,0.10748725138861703,0.11768291118242481,0.7659044730165196,EVC
19,miniblock,sm_2_vox,3,0.1210040998830081,0.1266338757095661,0.7811020198966212,EVC
19,miniblock,sm_2_vox,4,0.11535866962475284,0.12767276618728912,0.7831618929641758,EVC
19,miniblock,sm_2_vox,5,0.08296238233347368,0.09176291803047322,0.8115611527295077,EVC
19,miniblock,sm_2_vox,6,0.10363537337037566,0.1128592176989459,0.7571955184780286,EVC
19,miniblock,sm_2_vox,7,0.14324641365342933,0.15324928950633582,0.7685401290048041,EVC
19,miniblock,sm_2_vox,8,0.14116927697051007,0.14591658433574178,0.7870312788557283,EVC
19,miniblock,sm_2_vox,9,0.12320801405219545,0.1345365145509498,0.7848286670605797,EVC
19,miniblock,sm_2_vox,10,0.13772649573142612,0.14686895788582252,0.7698377821394946,EVC
20,er,unsmoothed,1,-0.0020129739303656746,0.001498663591399114,0.6501900317727778,visually_responsive_voxels
20,er,unsmoothed,2,0.0023748599556898675,0.005175319149499411,0.6792515598513615,visually_responsive_voxels
20,er,unsmoothed,3,-0.01325320727893058,-0.010039471998857784,0.6438983670769209,visually_responsive_voxels
20,er,unsmoothed,4,-0.0021150866609089894,-0.00028194925885731306,0.6246483816746129,visually_responsive_voxels
20,er,unsmoothed,5,-0.011468378118675598,-0.007288325671022885,0.7111940313204377,visually_responsive_voxels
20,er,unsmoothed,6,-0.014061051701659139,-0.011168440839312043,0.6239372402764503,visually_responsive_voxels
20,er,unsmoothed,7,-0.030093450296082763,-0.027016396869420294,0.614165062219327,visually_responsive_voxels
20,er,unsmoothed,8,-0.02938520423954817,-0.02668936916871522,0.6544688539216427,visually_responsive_voxels
20,er,unsmoothed,9,0.007248025983089303,0.012624869040699798,0.6828456274837892,visually_responsive_voxels
20,er,unsmoothed,10,0.006364297778975701,0.00838666796463552,0.646726857359367,visually_responsive_voxels
20,er,sm_2_vox,1,-0.0019986241814099175,0.004605255206697435,0.6997446829935545,visually_responsive_voxels
20,er,sm_2_vox,2,0.006996363416111297,0.013539600145365071,0.7653350470771625,visually_responsive_voxels
20,er,sm_2_vox,3,0.006837667956061846,0.01596616480405156,0.7281483008454407,visually_responsive_voxels
20,er,sm_2_vox,4,0.016265801630124532,0.022962859592518134,0.7066591367341122,visually_responsive_voxels
20,er,sm_2_vox,5,-0.006852747264150807,-0.0016469921142916123,0.720367803352578,visually_responsive_voxels
20,er,sm_2_vox,6,-0.00727887869399662,0.0008245342933275941,0.7593036801744992,visually_responsive_voxels
20,er,sm_2_vox,7,-0.017884544583950366,-0.01016890467167337,0.7043419595917562,visually_responsive_voxels
20,er,sm_2_vox,8,-0.013674239141991652,-0.006926406431337787,0.6896412978276862,visually_responsive_voxels
20,er,sm_2_vox,9,-0.002766902998226399,0.004874553644157539,0.7369876463183793,visually_responsive_voxels
20,er,sm_2_vox,10,0.04069276944398026,0.045543772241551525,0.713638973325255,visually_responsive_voxels
20,sus,unsmoothed,1,0.012990668591449858,0.02940574663262225,0.8580098503458511,visually_responsive_voxels
20,sus,unsmoothed,2,0.015458809928423793,0.030889355447969582,0.8217848898943527,visually_responsive_voxels
20,sus,unsmoothed,3,0.011469200369347302,0.024441668962362214,0.8038300541132681,visually_responsive_voxels
20,sus,unsmoothed,4,0.0240231702882551,0.03701042499144901,0.80988794058181,visually_responsive_voxels
20,sus,unsmoothed,5,0.006575200056304468,0.018714342192284395,0.8166591505573446,visually_responsive_voxels
20,sus,unsmoothed,6,0.011874882827504152,0.023836477834683175,0.8392206157186827,visually_responsive_voxels
20,sus,unsmoothed,7,0.014003230543203491,0.026101955285789645,0.838269274658137,visually_responsive_voxels
20,sus,unsmoothed,8,0.021585335542788193,0.03376924473531989,0.8654201150720454,visually_responsive_voxels
20,sus,unsmoothed,9,0.00764844042563767,0.019469104058046423,0.8214830492525548,visually_responsive_voxels
20,sus,unsmoothed,10,0.0023271889256515285,0.014435368400786162,0.8791552697693649,visually_responsive_voxels
20,sus,sm_2_vox,1,0.0656192469459943,0.09565084101427511,0.8812539146655386,visually_responsive_voxels
20,sus,sm_2_vox,2,0.03492448566387772,0.06805242439892009,0.8486869159602051,visually_responsive_voxels
20,sus,sm_2_vox,3,0.028337081865476482,0.055511899592194984,0.8588011415513452,visually_responsive_voxels
20,sus,sm_2_vox,4,0.05253122075306081,0.0844235801276219,0.858108812340586,visually_responsive_voxels
20,sus,sm_2_vox,5,0.01592381109675133,0.039712797019049,0.8635126838533266,visually_responsive_voxels
20,sus,sm_2_vox,6,0.04209175800048811,0.0695645637882368,0.9066923102811133,visually_responsive_voxels
20,sus,sm_2_vox,7,0.03309362523291633,0.06060717675082488,0.8645723673383634,visually_responsive_voxels
20,sus,sm_2_vox,8,0.05614716318611303,0.08525300127064551,0.8850503434577786,visually_responsive_voxels
20,sus,sm_2_vox,9,0.02810897300106311,0.054004766225503445,0.856196825050467,visually_responsive_voxels
20,sus,sm_2_vox,10,0.02927610471596863,0.05193935178950644,0.8832160891569455,visually_responsive_voxels
20,miniblock,unsmoothed,1,0.031625789548790105,0.046821826995208246,0.8926890269826042,visually_responsive_voxels
20,miniblock,unsmoothed,2,0.03952868687234372,0.053341751685367915,0.8945341461718055,visually_responsive_voxels
20,miniblock,unsmoothed,3,0.036262022365068675,0.04876167985733177,0.866855009665161,visually_responsive_voxels
20,miniblock,unsmoothed,4,0.0411257688695472,0.053421977099333405,0.8900878246427106,visually_responsive_voxels
20,miniblock,unsmoothed,5,0.042684735298765174,0.05588729362852921,0.8888516738014914,visually_responsive_voxels
20,miniblock,unsmoothed,6,0.026166570602194898,0.038100676315346936,0.8651532850764299,visually_responsive_voxels
20,miniblock,unsmoothed,7,0.035414762553167986,0.04957465731957157,0.8852299787273772,visually_responsive_voxels
20,miniblock,unsmoothed,8,0.046067832504784516,0.06009859770039361,0.8886783036887738,visually_responsive_voxels
20,miniblock,unsmoothed,9,0.030048552636484767,0.04322609525284222,0.8862451339178699,visually_responsive_voxels
20,miniblock,unsmoothed,10,0.03531179522820191,0.04532663498995219,0.8782572250444881,visually_responsive_voxels
20,miniblock,sm_2_vox,1,0.027732369553720996,0.05650701338764248,0.9262174615751142,visually_responsive_voxels
20,miniblock,sm_2_vox,2,0.05231814775322368,0.08267342158864681,0.9188580739384646,visually_responsive_voxels
20,miniblock,sm_2_vox,3,0.05146820673988366,0.08065569445869585,0.8990674430396444,visually_responsive_voxels
20,miniblock,sm_2_vox,4,0.06540106239788744,0.086551590167903,0.9034922371152367,visually_responsive_voxels
20,miniblock,sm_2_vox,5,0.044648170652203494,0.07440372269300076,0.9388688543208283,visually_responsive_voxels
20,miniblock,sm_2_vox,6,0.03162957873709876,0.055092809707864246,0.8799961503674373,visually_responsive_voxels
20,miniblock,sm_2_vox,7,0.036715181911218656,0.06648256368125287,0.9190197054755488,visually_responsive_voxels
20,miniblock,sm_2_vox,8,0.057758998655748184,0.09401841371693584,0.9108859464553745,visually_responsive_voxels
20,miniblock,sm_2_vox,9,0.031362349014694674,0.060689247727082014,0.8897021765708573,visually_responsive_voxels
20,miniblock,sm_2_vox,10,0.04842917875307941,0.06818956077786509,0.8931796979528279,visually_responsive_voxels
20,er,unsmoothed,1,0.0834061700582209,0.054733943001586016,0.4731993192366383,FFA
20,er,unsmoothed,2,0.019145745704758438,0.027243678952470297,0.5433073572606334,FFA
20,er,unsmoothed,3,0.044460109538095004,0.037449090096304156,0.3915466815261027,FFA
20,er,unsmoothed,4,0.06789845314883511,0.047355650482585325,0.39060012440204767,FFA
20,er,unsmoothed,5,0.05555470152164722,0.04354487728289647,0.4376525557610581,FFA
20,er,unsmoothed,6,0.04843780037283404,0.05374960021895318,0.4569031398249124,FFA
20,er,unsmoothed,7,0.017797851414122184,0.021477036157397215,0.4055774526466429,FFA
20,er,unsmoothed,8,0.017992190553994036,0.021429378188036138,0.49653996462466243,FFA
20,er,unsmoothed,9,0.056314236623920454,0.036548777964782,0.5858725114004893,FFA
20,er,unsmoothed,10,0.011734688396199497,0.02663812675331963,0.4262376624044846,FFA
20,er,sm_2_vox,1,0.04912153717490646,0.05439897660919715,0.40256762042301436,FFA
20,er,sm_2_vox,2,0.07629197298414625,0.07704739547942971,0.3468730566090549,FFA
20,er,sm_2_vox,3,0.05969365449173604,0.05081500823316623,0.34879887650950925,FFA
20,er,sm_2_vox,4,0.018668003521018425,0.021565759756764332,0.4674153267479486,FFA
20,er,sm_2_vox,5,-0.005981159638978349,0.000290632070769946,0.36376010320872965,FFA
20,er,sm_2_vox,6,-0.0008165492672650779,-0.004706764559894975,0.35968323785339096,FFA
20,er,sm_2_vox,7,0.006403413077262617,0.007556572527786261,0.36588223534953845,FFA
20,er,sm_2_vox,8,0.0157485570122569,0.01880623394992864,0.3810818249009785,FFA
20,er,sm_2_vox,9,0.05146978334968128,0.06631886813662925,0.5283069117803488,FFA
20,er,sm_2_vox,10,0.10488286559229573,0.10612466402015941,0.4439776144594633,FFA
20,sus,unsmoothed,1,0.0656735986915648,0.07922282283899981,0.7195775470114323,FFA
20,sus,unsmoothed,2,0.06537614706900044,0.06099627912857165,0.6131659080423758,FFA
20,sus,unsmoothed,3,0.08081669001054796,0.07555301168028933,0.5838296059790055,FFA
20,sus,unsmoothed,4,0.036275866380659244,0.0791446537248222,0.6216256544124146,FFA
20,sus,unsmoothed,5,0.04469150329305241,0.0523248574117925,0.500934083544557,FFA
20,sus,unsmoothed,6,0.05506795641016549,0.08730198266622215,0.5439279412957381,FFA
20,sus,unsmoothed,7,0.037862726168565786,0.07868414959699885,0.6307349893015761,FFA
20,sus,unsmoothed,8,0.08608687506768857,0.09195996636746649,0.5524623321263927,FFA
20,sus,unsmoothed,9,0.0518186727545841,0.05467839940948067,0.5940329768925473,FFA
20,sus,unsmoothed,10,0.020432194565532233,0.06958829059438366,0.6283512714846898,FFA
20,sus,sm_2_vox,1,0.12881406649424312,0.13311321968801454,0.6367839170892196,FFA
20,sus,sm_2_vox,2,0.10907707540294237,0.08710236193318692,0.6270757363482509,FFA
20,sus,sm_2_vox,3,0.08245637817972516,0.056958379317250354,0.5926393588434249,FFA
20,sus,sm_2_vox,4,0.12695308715273623,0.12478044365764186,0.6935834482400335,FFA
20,sus,sm_2_vox,5,0.14581555556436293,0.07915131549760449,0.5257858768054895,FFA
20,sus,sm_2_vox,6,0.06721771334603405,0.07607026978974625,0.5874792195809795,FFA
20,sus,sm_2_vox,7,0.21187943342740834,0.18162510531217146,0.7486448383653729,FFA
20,sus,sm_2_vox,8,0.18615938787444275,0.14613878489430704,0.6050920914302861,FFA
20,sus,sm_2_vox,9,0.08985414608175347,0.08646415414798583,0.6356608430691932,FFA
20,sus,sm_2_vox,10,0.06340411306599061,0.07903209930667172,0.6630293281746412,FFA
20,miniblock,unsmoothed,1,0.0310617971162733,0.06074016981368412,0.6227261328758622,FFA
20,miniblock,unsmoothed,2,0.028794751094255756,0.06057149060957309,0.5883379813253393,FFA
20,miniblock,unsmoothed,3,0.020305636095842433,0.06925298017686425,0.5530630326836559,FFA
20,miniblock,unsmoothed,4,0.03802336092897826,0.08197257774291408,0.5838459456009131,FFA
20,miniblock,unsmoothed,5,0.06929862329173106,0.08279574201914625,0.5997019294845174,FFA
20,miniblock,unsmoothed,6,0.05834006962104607,0.07939283613364648,0.6008914744954809,FFA
20,miniblock,unsmoothed,7,0.08388348236047141,0.09240457856987133,0.5350528083470334,FFA
20,miniblock,unsmoothed,8,0.04314212833104135,0.10526091664114012,0.6333908588188837,FFA
20,miniblock,unsmoothed,9,0.08865350335821127,0.09400000778166895,0.6589025244793789,FFA
20,miniblock,unsmoothed,10,0.10239407326364539,0.08145200896129914,0.5568986496300827,FFA
20,miniblock,sm_2_vox,1,0.08060048505014532,0.13605980005972818,0.6487923122601359,FFA
20,miniblock,sm_2_vox,2,0.08176819503379706,0.15847459944594885,0.7503221470547288,FFA
20,miniblock,sm_2_vox,3,0.16167633991396976,0.17980709496925235,0.6174125036643356,FFA
20,miniblock,sm_2_vox,4,0.1753370019982102,0.15493489025536936,0.6134875411979293,FFA
20,miniblock,sm_2_vox,5,0.2062733321571219,0.19376404818487966,0.7172713600003715,FFA
20,miniblock,sm_2_vox,6,0.10164502442741091,0.14874974992411175,0.6442979501714142,FFA
20,miniblock,sm_2_vox,7,0.09001620457571735,0.14331456609492083,0.6203924343780424,FFA
20,miniblock,sm_2_vox,8,0.19685754610464623,0.2377154400652711,0.6463177883953526,FFA
20,miniblock,sm_2_vox,9,0.2166244140313292,0.22430324833978085,0.7264488512052112,FFA
20,miniblock,sm_2_vox,10,0.0932495130023403,0.11665911299121311,0.6610674915770827,FFA
20,er,unsmoothed,1,0.017865808545446657,0.021699184685491535,0.5383891916587757,PPA
20,er,unsmoothed,2,0.027996295367298404,0.0180809821754289,0.4596475695227753,PPA
20,er,unsmoothed,3,0.01585081083442567,0.022916867427748178,0.45934793461743323,PPA
20,er,unsmoothed,4,0.022394112161008912,0.027004107665703454,0.5331176076158477,PPA
20,er,unsmoothed,5,0.040120260020431134,0.030468625028535454,0.45036083976874,PPA
20,er,unsmoothed,6,0.020067217173209806,0.020649036349926812,0.43806037787870145,PPA
20,er,unsmoothed,7,-0.008332245825159856,0.0050467628405325,0.4638956016908269,PPA
20,er,unsmoothed,8,0.006012734331368305,0.00918594778683185,0.4250480353898063,PPA
20,er,unsmoothed,9,0.030925651881811365,0.023709163601382192,0.5033370493726785,PPA
20,er,unsmoothed,10,0.023197842635987308,0.02176691471123534,0.5216409076985978,PPA
20,er,sm_2_vox,1,0.12393562636833551,0.11369966896369209,0.5477367438117461,PPA
20,er,sm_2_vox,2,0.10421175685946722,0.110825187928905,0.559055380997757,PPA
20,er,sm_2_vox,3,0.09556954370970049,0.09159381814253575,0.525423344319628,PPA
20,er,sm_2_vox,4,0.10615788266149503,0.09992870564615842,0.5133127582863137,PPA
20,er,sm_2_vox,5,0.08719231378585567,0.08299909684329274,0.5116058982270232,PPA
20,er,sm_2_vox,6,0.14621753653910366,0.1250555584347172,0.5615022442490076,PPA
20,er,sm_2_vox,7,0.09530064706969418,0.08242868654731227,0.4542465859376519,PPA
20,er,sm_2_vox,8,0.06961940925278871,0.07825424217395,0.5600674187449646,PPA
20,er,sm_2_vox,9,0.10601135430725933,0.10876950539418374,0.5139942002279152,PPA
20,er,sm_2_vox,10,0.07572525364481995,0.0709814237788456,0.49679503464157293,PPA
20,sus,unsmoothed,1,0.032760718813496195,0.034301985155778585,0.6654347199710081,PPA
20,sus,unsmoothed,2,0.043490079605914805,0.05527164814134925,0.5053984257935259,PPA
20,sus,unsmoothed,3,0.03762222304625161,0.030509256860324088,0.4798327275432629,PPA
20,sus,unsmoothed,4,0.031798979741267136,0.03186608102686212,0.5521957699339248,PPA
20,sus,unsmoothed,5,0.05350972723760049,0.05130732808908864,0.5258078192122139,PPA
20,sus,unsmoothed,6,0.024821170256198833,0.023876430344731754,0.4807337369123888,PPA
20,sus,unsmoothed,7,0.02960002662997023,0.035565083198298916,0.6393653583877336,PPA
20,sus,unsmoothed,8,0.01792825620704644,0.03856797784762341,0.616647404992204,PPA
20,sus,unsmoothed,9,0.037776612374350975,0.03538504303253846,0.4633184477304587,PPA
20,sus,unsmoothed,10,0.03541808397441396,0.04026206630111499,0.5518813269081002,PPA
20,sus,sm_2_vox,1,0.17032544181181344,0.1666393924490643,0.6143783680089523,PPA
20,sus,sm_2_vox,2,0.1804832680379846,0.18595980668287812,0.5990672005527042,PPA
20,sus,sm_2_vox,3,0.12520515736400634,0.13161043550274798,0.5912319089545154,PPA
20,sus,sm_2_vox,4,0.1547029140910686,0.17472585674901941,0.5853670984912301,PPA
20,sus,sm_2_vox,5,0.18074570605557722,0.18828017965299268,0.6739914325212769,PPA
20,sus,sm_2_vox,6,0.19053463601326118,0.18878245162569934,0.6903806757791804,PPA
20,sus,sm_2_vox,7,0.11321038485577264,0.13733087830391225,0.6897223744407501,PPA
20,sus,sm_2_vox,8,0.16495332547827318,0.16159919151419386,0.5945437461644074,PPA
20,sus,sm_2_vox,9,0.13938366059623428,0.14292954718940018,0.59249829751248,PPA
20,sus,sm_2_vox,10,0.19448918119919353,0.18024661701798633,0.6013031706589422,PPA
20,miniblock,unsmoothed,1,0.0676253232122153,0.07622701256405416,0.6584295283324366,PPA
20,miniblock,unsmoothed,2,0.04889543889438089,0.061151984080265516,0.5527797553952419,PPA
20,miniblock,unsmoothed,3,0.052918106388130215,0.07296519144456091,0.6093918366312809,PPA
20,miniblock,unsmoothed,4,0.06543244037739286,0.06990335310797376,0.5973128765484002,PPA
20,miniblock,unsmoothed,5,0.058814353243163704,0.07318565729701959,0.6437673481250539,PPA
20,miniblock,unsmoothed,6,0.04508010200914417,0.06058894984233602,0.6040485179703056,PPA
20,miniblock,unsmoothed,7,0.0567756719957471,0.0730897666025237,0.6548303266232969,PPA
20,miniblock,unsmoothed,8,0.0646579504215466,0.08834443098210146,0.6850022214403474,PPA
20,miniblock,unsmoothed,9,0.04705988965791236,0.0664978822499009,0.5986320193765767,PPA
20,miniblock,unsmoothed,10,0.04622317120628827,0.07456777237711715,0.6255435533680526,PPA
20,miniblock,sm_2_vox,1,0.27681697392823756,0.2693476843237475,0.7517416885954539,PPA
20,miniblock,sm_2_vox,2,0.2359078146122916,0.23122865606882528,0.6760498919082583,PPA
20,miniblock,sm_2_vox,3,0.24562045065367905,0.2527629481866755,0.735922183911242,PPA
20,miniblock,sm_2_vox,4,0.2826235342173587,0.25530299397352857,0.7045677814745539,PPA
20,miniblock,sm_2_vox,5,0.2678455542987762,0.2479842499218013,0.7644452986798347,PPA
20,miniblock,sm_2_vox,6,0.21099394376314992,0.2014049295284425,0.7099286984757934,PPA
20,miniblock,sm_2_vox,7,0.2526241126037312,0.23315060913821545,0.7482139331294888,PPA
20,miniblock,sm_2_vox,8,0.2581863452434017,0.25815767284200586,0.8178174272202903,PPA
20,miniblock,sm_2_vox,9,0.20995491624911297,0.21173109111146513,0.6837443050367564,PPA
20,miniblock,sm_2_vox,10,0.27109023402482024,0.25624323466061966,0.7750748389522967,PPA
20,er,unsmoothed,1,0.004706287969035286,0.004870970077796226,0.6091206443229564,EBA
20,er,unsmoothed,2,0.0064513348366611635,0.009090687916677513,0.6792515598513615,EBA
20,er,unsmoothed,3,-0.002062273185566942,-0.002848938503063597,0.6362738572967687,EBA
20,er,unsmoothed,4,0.0018621981787837246,-0.0006614840150140423,0.5263126033047456,EBA
20,er,unsmoothed,5,-0.0032190965632905646,-0.0035705317715011595,0.5787385216299823,EBA
20,er,unsmoothed,6,-0.0016010791128999793,0.0026231426975958606,0.6516518688726016,EBA
20,er,unsmoothed,7,-0.03330105476710122,-0.031097300815176806,0.5648957613078804,EBA
20,er,unsmoothed,8,-0.013086807753011858,-0.00784157176389193,0.528174349032071,EBA
20,er,unsmoothed,9,0.020397836190243455,0.024908750449201718,0.6828456274837892,EBA
20,er,unsmoothed,10,-0.010388289600719712,-0.006309890388547846,0.6452313855076494,EBA
20,er,sm_2_vox,1,0.05661608631442907,0.07340900437157453,0.6997446829935545,EBA
20,er,sm_2_vox,2,0.07020193459926002,0.0982137804693925,0.7653350470771625,EBA
20,er,sm_2_vox,3,0.060390609439522666,0.09262454361106465,0.693775919899212,EBA
20,er,sm_2_vox,4,0.07605617276892856,0.09130513482491277,0.7066591367341122,EBA
20,er,sm_2_vox,5,0.08250778901119915,0.09396000138218184,0.720367803352578,EBA
20,er,sm_2_vox,6,0.10481032588987584,0.11843187760735098,0.7498546503138724,EBA
20,er,sm_2_vox,7,0.007280743543203846,0.03229997352871605,0.7043419595917562,EBA
20,er,sm_2_vox,8,0.08113221839588917,0.08676053308495718,0.6797725213712587,EBA
20,er,sm_2_vox,9,0.0817487122716101,0.08978281636459093,0.7369876463183793,EBA
20,er,sm_2_vox,10,0.08829378463819818,0.09487385818704655,0.6643175701276138,EBA
20,sus,unsmoothed,1,0.01330102159176395,0.03186635478604413,0.8580098503458511,EBA
20,sus,unsmoothed,2,0.02709210477780437,0.038813511470744196,0.7797524909314004,EBA
20,sus,unsmoothed,3,0.04135416665738694,0.049503793563208956,0.8038300541132681,EBA
20,sus,unsmoothed,4,0.04776930388020109,0.05494538367382376,0.7605681342186971,EBA
20,sus,unsmoothed,5,0.02006038134771769,0.031686265027311984,0.8024746664728305,EBA
20,sus,unsmoothed,6,0.03476118687118401,0.04918902175077294,0.8392206157186827,EBA
20,sus,unsmoothed,7,0.049245908750632714,0.06349891957847868,0.838269274658137,EBA
20,sus,unsmoothed,8,0.035730351192328196,0.04784763496333106,0.8284125362832093,EBA
20,sus,unsmoothed,9,0.024117367566741037,0.03351436758888887,0.8214830492525548,EBA
20,sus,unsmoothed,10,0.011724016833692933,0.030766088414266025,0.8791552697693649,EBA
20,sus,sm_2_vox,1,0.1398516846122136,0.17093160038330002,0.870180849320549,EBA
20,sus,sm_2_vox,2,0.08803361697136886,0.11843512686453857,0.8486869159602051,EBA
20,sus,sm_2_vox,3,0.11118585141630466,0.1380857266485255,0.8588011415513452,EBA
20,sus,sm_2_vox,4,0.14924919542234166,0.17175931258126456,0.8058255770415432,EBA
20,sus,sm_2_vox,5,0.10310488038457111,0.13564638911629312,0.8095421952379145,EBA
20,sus,sm_2_vox,6,0.11465555621528117,0.1519627902648283,0.8551608832489288,EBA
20,sus,sm_2_vox,7,0.15399299523220772,0.16594612074307957,0.8645723673383634,EBA
20,sus,sm_2_vox,8,0.14210672430231383,0.1774721847375903,0.8850503434577786,EBA
20,sus,sm_2_vox,9,0.14489286812167168,0.16895321293904442,0.856196825050467,EBA
20,sus,sm_2_vox,10,0.09289506049361883,0.12847589545422505,0.8832160891569455,EBA
20,miniblock,unsmoothed,1,0.04210685970628313,0.0593017306819649,0.8926890269826042,EBA
20,miniblock,unsmoothed,2,0.025451985193661267,0.04155111929995468,0.8912063054433141,EBA
20,miniblock,unsmoothed,3,0.027583295327537657,0.0470104017860859,0.866855009665161,EBA
20,miniblock,unsmoothed,4,0.038171928196324936,0.05824242845664041,0.8789119408428978,EBA
20,miniblock,unsmoothed,5,0.036942812539113176,0.0553285097909138,0.8888516738014914,EBA
20,miniblock,unsmoothed,6,0.01778160137888129,0.03603638995347415,0.8651532850764299,EBA
20,miniblock,unsmoothed,7,0.02429385489675468,0.05154786612377436,0.8852299787273772,EBA
20,miniblock,unsmoothed,8,0.04559508264960822,0.06559198995405038,0.8886783036887738,EBA
20,miniblock,unsmoothed,9,0.01137311836532362,0.03590701833624549,0.8862451339178699,EBA
20,miniblock,unsmoothed,10,0.03324274139901693,0.050665416895439894,0.8782572250444881,EBA
20,miniblock,sm_2_vox,1,0.052136878247068745,0.09384588099026042,0.9262174615751142,EBA
20,miniblock,sm_2_vox,2,-0.016907060142606525,0.04295088781827525,0.9188580739384646,EBA
20,miniblock,sm_2_vox,3,0.05810152598405184,0.09919634029713094,0.8990674430396444,EBA
20,miniblock,sm_2_vox,4,0.06372791800323963,0.10847931102351492,0.9034922371152367,EBA
20,miniblock,sm_2_vox,5,0.0508515663956083,0.0894095681201509,0.9388688543208283,EBA
20,miniblock,sm_2_vox,6,0.022634595063474816,0.06545075409476421,0.8799961503674373,EBA
20,miniblock,sm_2_vox,7,0.020014257745407216,0.06245523786402102,0.9190197054755488,EBA
20,miniblock,sm_2_vox,8,0.08073690366683203,0.12337587371007011,0.9108859464553745,EBA
20,miniblock,sm_2_vox,9,0.017545515124830317,0.06837103411935085,0.8897021765708573,EBA
20,miniblock,sm_2_vox,10,0.016485939680165467,0.06138333126170926,0.8931796979528279,EBA
20,er,unsmoothed,1,0.018416968310816323,0.02288075184457084,0.6280683044621083,EVC
20,er,unsmoothed,2,0.02302400960956382,0.027867584453032394,0.6569555713193481,EVC
20,er,unsmoothed,3,0.004499478790503346,0.00851994652276589,0.6315345449807661,EVC
20,er,unsmoothed,4,0.024227934967782562,0.025237827923982013,0.6246483816746129,EVC
20,er,unsmoothed,5,0.01571078158778327,0.0218214764614394,0.7111940313204377,EVC
20,er,unsmoothed,6,0.0006502939509059006,0.0037133815105514266,0.6162477322703114,EVC
20,er,unsmoothed,7,-0.02308885489432156,-0.019394020297712936,0.6466877696804335,EVC
20,er,unsmoothed,8,-0.005616196895538231,-0.00022640547348835331,0.6544688539216427,EVC
20,er,unsmoothed,9,0.018342279134329936,0.0243263006462093,0.6627245770250193,EVC
20,er,unsmoothed,10,0.021900432304073125,0.025940562336264208,0.646726857359367,EVC
20,er,sm_2_vox,1,0.004262934015983905,0.021525629527389924,0.732221015240226,EVC
20,er,sm_2_vox,2,0.02525857161119415,0.03975661386911271,0.7018161106555025,EVC
20,er,sm_2_vox,3,0.030248304168652887,0.03984917954802334,0.6676157952230373,EVC
20,er,sm_2_vox,4,0.05548254311073096,0.06725839356548056,0.6676359112024134,EVC
20,er,sm_2_vox,5,0.008413410382822988,0.02125014702512452,0.6632742725567551,EVC
20,er,sm_2_vox,6,0.016042756467650673,0.028799949196483734,0.7623342350776203,EVC
20,er,sm_2_vox,7,-0.021157927151877087,-0.0028417017128119673,0.7395091975466048,EVC
20,er,sm_2_vox,8,0.014258660296246721,0.023904748117960003,0.6896412978276862,EVC
20,er,sm_2_vox,9,0.016168580438830873,0.029711398894112277,0.6901432300451484,EVC
20,er,sm_2_vox,10,0.07484061500363279,0.08439117266700003,0.713638973325255,EVC
20,sus,unsmoothed,1,0.07004610747360422,0.09326968397853029,0.8122266623185359,EVC
20,sus,unsmoothed,2,0.052722948695304986,0.07402939205458806,0.8030494937998014,EVC
20,sus,unsmoothed,3,0.0661852224350882,0.08183977925159636,0.7659705275167199,EVC
20,sus,unsmoothed,4,0.07066304174640772,0.08795198487503736,0.7784839476028951,EVC
20,sus,unsmoothed,5,0.055719863177191534,0.06884121818300329,0.7624889153529255,EVC
20,sus,unsmoothed,6,0.05060166772187,0.06777869690614816,0.7690879492386524,EVC
20,sus,unsmoothed,7,0.05647455618558615,0.07215764885790389,0.7711218721720339,EVC
20,sus,unsmoothed,8,0.0545277869155128,0.0752188006283039,0.8121121955358069,EVC
20,sus,unsmoothed,9,0.05155439748299742,0.07192153405166157,0.7952023308311577,EVC
20,sus,unsmoothed,10,0.04590802466093154,0.05954283890578761,0.7859621088747919,EVC
20,sus,sm_2_vox,1,0.17729564201764467,0.21070095838931974,0.8638264448855602,EVC
20,sus,sm_2_vox,2,0.1340939946710618,0.1597931881880029,0.7891840263011773,EVC
20,sus,sm_2_vox,3,0.1118476497591891,0.14816301825157843,0.8070089584282785,EVC
20,sus,sm_2_vox,4,0.1578811872629699,0.18376965870789536,0.8428989649794598,EVC
20,sus,sm_2_vox,5,0.10303106563601883,0.12113469316407545,0.7702198329127042,EVC
20,sus,sm_2_vox,6,0.12359398463460658,0.1487091152857677,0.8193198859299381,EVC
20,sus,sm_2_vox,7,0.13185359449651352,0.15699206799013934,0.808957052937507,EVC
20,sus,sm_2_vox,8,0.14426284032699072,0.17340522969172462,0.8490470602658402,EVC
20,sus,sm_2_vox,9,0.11958578614263563,0.1471331639832114,0.7952416899714216,EVC
20,sus,sm_2_vox,10,0.1026852365388082,0.13335652896680217,0.7811037202310827,EVC
20,miniblock,unsmoothed,1,0.07391277210807518,0.09474811175511552,0.8576191742088985,EVC
20,miniblock,unsmoothed,2,0.06926029684647717,0.09070529753345359,0.8945341461718055,EVC
20,miniblock,unsmoothed,3,0.0776023520948779,0.09725122095649538,0.8368737926834877,EVC
20,miniblock,unsmoothed,4,0.07864507225869416,0.09874425101500887,0.8900878246427106,EVC
20,miniblock,unsmoothed,5,0.08637892729386114,0.10575241348933373,0.8329467088889208,EVC
20,miniblock,unsmoothed,6,0.05628651932604801,0.07596001932949288,0.8360973659193894,EVC
20,miniblock,unsmoothed,7,0.06747276165323535,0.08907778683090839,0.7930966612673906,EVC
20,miniblock,unsmoothed,8,0.08672630104678634,0.11122784485104024,0.873548911592535,EVC
20,miniblock,unsmoothed,9,0.052665283831671975,0.07540972195530371,0.8073167923313014,EVC
20,miniblock,unsmoothed,10,0.05840242233330625,0.07665970642585951,0.8298718749601227,EVC
20,miniblock,sm_2_vox,1,0.10776880443217846,0.14526431336839504,0.8379435071535677,EVC
20,miniblock,sm_2_vox,2,0.1185011480694093,0.15600749445488707,0.8695982651367609,EVC
20,miniblock,sm_2_vox,3,0.12795629345692805,0.16258566060139765,0.8766561092247148,EVC
20,miniblock,sm_2_vox,4,0.13811782608219966,0.17895609252681816,0.8557840756709887,EVC
20,miniblock,sm_2_vox,5,0.15150068218314355,0.17801229893008158,0.8279051924366467,EVC
20,miniblock,sm_2_vox,6,0.0882693296394336,0.12291647672610068,0.8403952565646461,EVC
20,miniblock,sm_2_vox,7,0.11513380233214368,0.14699039082969775,0.8306695357058771,EVC
20,miniblock,sm_2_vox,8,0.15567413624801588,0.200523134391669,0.8730765989815656,EVC
20,miniblock,sm_2_vox,9,0.07260730547309413,0.12225351077007915,0.8333267709011531,EVC
20,miniblock,sm_2_vox,10,0.10153035335210578,0.13913080262295188,0.826751194240818,EVC
21,er,unsmoothed,1,0.002773736209304326,0.0031694834156158766,0.6754474578684349,visually_responsive_voxels
21,er,unsmoothed,2,-0.018082627375894927,-0.017408831262264494,0.6867287748777802,visually_responsive_voxels
21,er,unsmoothed,3,0.013305819278225096,0.014948534870176179,0.6934257485674482,visually_responsive_voxels
21,er,unsmoothed,4,0.030097403372341444,0.03143376176807902,0.702198784438155,visually_responsive_voxels
21,er,unsmoothed,5,-0.0015261721451034008,-0.0029291112049877307,0.6278192637663482,visually_responsive_voxels
21,er,unsmoothed,6,0.0276197879013532,0.027918667737900704,0.670046948992475,visually_responsive_voxels
21,er,unsmoothed,7,0.008260211871019087,0.009459059817366465,0.7084209239064512,visually_responsive_voxels
21,er,unsmoothed,8,0.011656208855922862,0.010863762180085699,0.671848986750772,visually_responsive_voxels
21,er,unsmoothed,9,-0.0016500244492312895,-0.000645708043366944,0.6692703021514528,visually_responsive_voxels
21,er,unsmoothed,10,-0.003748921818092374,-0.003825366103797934,0.6127955540452434,visually_responsive_voxels
21,er,sm_2_vox,1,0.06610307153720407,0.07101560181883465,0.8168452053780961,visually_responsive_voxels
21,er,sm_2_vox,2,0.06938281488948486,0.087646605323557,0.8573085805461652,visually_responsive_voxels
21,er,sm_2_vox,3,0.05783141271567335,0.06881372033272128,0.8048830135418725,visually_responsive_voxels
21,er,sm_2_vox,4,0.05390840577776151,0.06390980047108956,0.8508846907375303,visually_responsive_voxels
21,er,sm_2_vox,5,0.06551645551834434,0.07157948691829512,0.8317891300754607,visually_responsive_voxels
21,er,sm_2_vox,6,0.074956314198518,0.08502140467148189,0.8345307937829038,visually_responsive_voxels
21,er,sm_2_vox,7,0.041280884792430646,0.04607695045445638,0.7719387665466668,visually_responsive_voxels
21,er,sm_2_vox,8,0.07439230684651027,0.08188279338954742,0.800761644465181,visually_responsive_voxels
21,er,sm_2_vox,9,0.051244657989521526,0.05692483728888828,0.7909194954940895,visually_responsive_voxels
21,er,sm_2_vox,10,0.07238944554072743,0.08004638582945715,0.8170221945927233,visually_responsive_voxels
21,sus,unsmoothed,1,0.04842972960638751,0.06307387563090315,0.8383032391340591,visually_responsive_voxels
21,sus,unsmoothed,2,0.04249019409918027,0.05713475094595318,0.8529311350607627,visually_responsive_voxels
21,sus,unsmoothed,3,0.037250984380958245,0.05440029785226983,0.7811174870630904,visually_responsive_voxels
21,sus,unsmoothed,4,0.06069497909828401,0.07281457911936964,0.8174969600116873,visually_responsive_voxels
21,sus,unsmoothed,5,0.038191482782916404,0.05211356058098196,0.7733699627821384,visually_responsive_voxels
21,sus,unsmoothed,6,0.06031256827798114,0.06683574335728977,0.7736735954128997,visually_responsive_voxels
21,sus,unsmoothed,7,0.05067876071378674,0.06094758813936654,0.8417893936232652,visually_responsive_voxels
21,sus,unsmoothed,8,0.03100548700904616,0.03999749327387006,0.7214260049726698,visually_responsive_voxels
21,sus,unsmoothed,9,0.05325642616059971,0.0615435229938551,0.7707309969080327,visually_responsive_voxels
21,sus,unsmoothed,10,0.01318044996938483,0.022506905849010418,0.7617799288615462,visually_responsive_voxels
21,sus,sm_2_vox,1,0.08170083034886864,0.1224877461369392,0.8927726146760876,visually_responsive_voxels
21,sus,sm_2_vox,2,0.0913077069688857,0.13343791899619775,0.8466608566659575,visually_responsive_voxels
21,sus,sm_2_vox,3,0.11539861046840925,0.15774129587936694,0.872824641877304,visually_responsive_voxels
21,sus,sm_2_vox,4,0.13264261139062722,0.16640668889677698,0.8559371496274859,visually_responsive_voxels
21,sus,sm_2_vox,5,0.10203977018384655,0.1373203577818846,0.8409275106945029,visually_responsive_voxels
21,sus,sm_2_vox,6,0.09118678412433304,0.11319067320058866,0.8283717583723007,visually_responsive_voxels
21,sus,sm_2_vox,7,0.11896034966184678,0.14493903610920286,0.8442736991784814,visually_responsive_voxels
21,sus,sm_2_vox,8,0.09484713211437357,0.12086398649320722,0.8446254048793692,visually_responsive_voxels
21,sus,sm_2_vox,9,0.110677143456521,0.1374930678480637,0.8549630023715417,visually_responsive_voxels
21,sus,sm_2_vox,10,0.05911207285700581,0.090869556268822,0.8730554102394952,visually_responsive_voxels
21,miniblock,unsmoothed,1,0.03725102087277207,0.04581011732669711,0.8226321075609795,visually_responsive_voxels
21,miniblock,unsmoothed,2,0.03083651236772316,0.03902825577992975,0.7608368318058824,visually_responsive_voxels
21,miniblock,unsmoothed,3,0.04359461974577383,0.05262480767801323,0.8103974958093556,visually_responsive_voxels
21,miniblock,unsmoothed,4,0.04129148349317287,0.051768340320588094,0.8148953993581345,visually_responsive_voxels
21,miniblock,unsmoothed,5,0.034524642386935485,0.044783761042696206,0.8419073056790465,visually_responsive_voxels
21,miniblock,unsmoothed,6,0.03197512271428687,0.043520796232117014,0.7808701037963974,visually_responsive_voxels
21,miniblock,unsmoothed,7,0.03473124994153434,0.04545806371921885,0.8041603558877684,visually_responsive_voxels
21,miniblock,unsmoothed,8,0.03454849277551404,0.04499334045419289,0.8320690939048859,visually_responsive_voxels
21,miniblock,unsmoothed,9,0.01771188125815646,0.0249728842750407,0.7861771871389905,visually_responsive_voxels
21,miniblock,unsmoothed,10,0.022137355570569325,0.03280427639832803,0.7922399072570997,visually_responsive_voxels
21,miniblock,sm_2_vox,1,0.09126534242525555,0.11763910040494313,0.8847392324833467,visually_responsive_voxels
21,miniblock,sm_2_vox,2,0.07581256240100079,0.10182732019638786,0.8578479867700936,visually_responsive_voxels
21,miniblock,sm_2_vox,3,0.08412897957430185,0.10689515010202276,0.8240557642856252,visually_responsive_voxels
21,miniblock,sm_2_vox,4,0.08596935998509203,0.11618052652941627,0.8811406986906667,visually_responsive_voxels
21,miniblock,sm_2_vox,5,0.0644825429925706,0.09688597377047004,0.8893367652792108,visually_responsive_voxels
21,miniblock,sm_2_vox,6,0.09479425096095878,0.1194609026022907,0.8476659486503821,visually_responsive_voxels
21,miniblock,sm_2_vox,7,0.09639450311323586,0.12211789074800544,0.8472751872504096,visually_responsive_voxels
21,miniblock,sm_2_vox,8,0.09319556530511103,0.11628586441256428,0.8527628498103882,visually_responsive_voxels
21,miniblock,sm_2_vox,9,0.0700762653309066,0.09039087560941955,0.8198223334500202,visually_responsive_voxels
21,miniblock,sm_2_vox,10,0.07605235241802943,0.10700789623046299,0.8930696701982521,visually_responsive_voxels
21,er,unsmoothed,1,0.06682293425905139,0.0672084350445463,0.532982547869277,FFA
21,er,unsmoothed,2,0.05320653487562273,0.055688481423599195,0.5730173184661074,FFA
21,er,unsmoothed,3,0.08824999580845816,0.09530612133963082,0.6620595056898644,FFA
21,er,unsmoothed,4,0.1177749710113736,0.09745202208124956,0.702198784438155,FFA
21,er,unsmoothed,5,0.0795085469683112,0.07202685490093516,0.49484053152530766,FFA
21,er,unsmoothed,6,0.08499966515327818,0.091672617313842,0.6229988076944142,FFA
21,er,unsmoothed,7,0.0906367414771766,0.08901481018465543,0.627287617100362,FFA
21,er,unsmoothed,8,0.09740154251844765,0.09709184104316101,0.6714354050884455,FFA
21,er,unsmoothed,9,0.0680646691416909,0.07519815706507617,0.6692703021514528,FFA
21,er,unsmoothed,10,0.06840236683426817,0.06761286427730648,0.5177109396182566,FFA
21,er,sm_2_vox,1,0.24767414570266788,0.245767506446378,0.6209129055968561,FFA
21,er,sm_2_vox,2,0.288264318963631,0.28323901175203453,0.7749021290994283,FFA
21,er,sm_2_vox,3,0.31622662630129317,0.2987416638522132,0.7332406492625885,FFA
21,er,sm_2_vox,4,0.29379043080993517,0.27589536452556834,0.7196688279474511,FFA
21,er,sm_2_vox,5,0.3178443567459702,0.3012375892728787,0.760037235708412,FFA
21,er,sm_2_vox,6,0.31529259981575675,0.2979760183349146,0.785093875619832,FFA
21,er,sm_2_vox,7,0.29778746390527133,0.2862911367334233,0.7704147064961477,FFA
21,er,sm_2_vox,8,0.28268515413762807,0.2742626120935864,0.7164128187744929,FFA
21,er,sm_2_vox,9,0.29143809772110996,0.27832250907373557,0.7591318059227843,FFA
21,er,sm_2_vox,10,0.30044402912467444,0.2848885479219173,0.7388065212942649,FFA
21,sus,unsmoothed,1,0.14954144107637257,0.16759179512362296,0.8383032391340591,FFA
21,sus,unsmoothed,2,0.14295357287094573,0.1614636918081306,0.8529311350607627,FFA
21,sus,unsmoothed,3,0.14991615878034867,0.1653229725587137,0.7532647059350801,FFA
21,sus,unsmoothed,4,0.1362895541588968,0.15053639012846598,0.8157791926566196,FFA
21,sus,unsmoothed,5,0.11252490769467774,0.1331731584364329,0.7733699627821384,FFA
21,sus,unsmoothed,6,0.13026664909479482,0.14259547192225347,0.7590979191630284,FFA
21,sus,unsmoothed,7,0.15945511268442703,0.16598494667438352,0.7987223078094778,FFA
21,sus,unsmoothed,8,0.1250795238125457,0.13730173462730785,0.7184026997644859,FFA
21,sus,unsmoothed,9,0.12510831518146914,0.14044909926023635,0.7641300648958418,FFA
21,sus,unsmoothed,10,0.13600947062406185,0.15377910023061375,0.7274799346202838,FFA
21,sus,sm_2_vox,1,0.5008339551299361,0.462815942986356,0.894749672756138,FFA
21,sus,sm_2_vox,2,0.48055160107297534,0.4668848743549996,0.8956935409532976,FFA
21,sus,sm_2_vox,3,0.4893836346535226,0.4641617162375867,0.8572517310093815,FFA
21,sus,sm_2_vox,4,0.4637669903507639,0.43922807896295163,0.8622493819618566,FFA
21,sus,sm_2_vox,5,0.4448072209156816,0.4210680316782409,0.8409275106945029,FFA
21,sus,sm_2_vox,6,0.4321337583704676,0.38058449316771087,0.8283717583723007,FFA
21,sus,sm_2_vox,7,0.49396045153204016,0.45823700968388353,0.8707721631443637,FFA
21,sus,sm_2_vox,8,0.45853081564675696,0.4325279317057761,0.8292218398633877,FFA
21,sus,sm_2_vox,9,0.47791403763832985,0.433631578751544,0.8888702902199155,FFA
21,sus,sm_2_vox,10,0.49883495292350366,0.46746851368424647,0.8542863154874233,FFA
21,miniblock,unsmoothed,1,0.12387366515019402,0.13267233632329747,0.7512805454516623,FFA
21,miniblock,unsmoothed,2,0.10289954722340763,0.11271503664997605,0.7450238463402931,FFA
21,miniblock,unsmoothed,3,0.11614621613279404,0.12502664911413766,0.7928764883845354,FFA
21,miniblock,unsmoothed,4,0.1185482891006146,0.12739717384285257,0.8148953993581345,FFA
21,miniblock,unsmoothed,5,0.10168868042600533,0.11223146368457,0.7483132413914038,FFA
21,miniblock,unsmoothed,6,0.10525311312037736,0.11035875355774617,0.7403387204274774,FFA
21,miniblock,unsmoothed,7,0.10047166309938863,0.10823039442400727,0.7957972996984892,FFA
21,miniblock,unsmoothed,8,0.10673269620883133,0.12668623187394343,0.7299608114792511,FFA
21,miniblock,unsmoothed,9,0.1009216962321358,0.11038782676755614,0.7528320021336159,FFA
21,miniblock,unsmoothed,10,0.08133523880332222,0.0957425296556194,0.7398369223331547,FFA
21,miniblock,sm_2_vox,1,0.2422605482540207,0.2777959673993791,0.8280628776512491,FFA
21,miniblock,sm_2_vox,2,0.2521519741420693,0.28600348879598697,0.865614138001318,FFA
21,miniblock,sm_2_vox,3,0.22620243911300508,0.2567480151882114,0.8240557642856252,FFA
21,miniblock,sm_2_vox,4,0.3338505802615642,0.35064002576223835,0.8817442087996803,FFA
21,miniblock,sm_2_vox,5,0.23796557825132747,0.2662763422065194,0.8680703069881167,FFA
21,miniblock,sm_2_vox,6,0.2490503943057807,0.28575590853844407,0.8322842968915188,FFA
21,miniblock,sm_2_vox,7,0.24315776047510435,0.2760114540867649,0.8518691749342039,FFA
21,miniblock,sm_2_vox,8,0.3131908392890089,0.33937623486208635,0.8403106039154438,FFA
21,miniblock,sm_2_vox,9,0.3002538074290441,0.31095993933712435,0.8198223334500202,FFA
21,miniblock,sm_2_vox,10,0.2209133358567577,0.2582000435220404,0.8631307257347037,FFA
21,er,unsmoothed,1,-0.007129645432971294,-0.010430777635567653,0.44959770375962893,PPA
21,er,unsmoothed,2,-0.015158245351100316,-0.0164911466638442,0.42245840251865285,PPA
21,er,unsmoothed,3,-0.004928228944086659,-0.003911177796871943,0.4696253893525426,PPA
21,er,unsmoothed,4,0.023739464024260463,0.023455083255076604,0.4591672191460368,PPA
21,er,unsmoothed,5,-0.017601825019719644,-0.015376697314936306,0.4209865415029714,PPA
21,er,unsmoothed,6,0.006531631450789818,0.0031181523684877138,0.4306731797349545,PPA
21,er,unsmoothed,7,0.02223119509182114,0.017529388169853343,0.40263637331431607,PPA
21,er,unsmoothed,8,-0.005618782887000469,-0.0013141725689524682,0.48913393984369197,PPA
21,er,unsmoothed,9,-0.0013758012764210834,-0.003904351650614792,0.3873756096911287,PPA
21,er,unsmoothed,10,-0.009841119554356513,-0.009099870523538707,0.4103612167860933,PPA
21,er,sm_2_vox,1,0.047266924596607425,0.04568884111933133,0.4812917290019961,PPA
21,er,sm_2_vox,2,0.07092104624359266,0.0739844031534291,0.659659350122181,PPA
21,er,sm_2_vox,3,0.02600820707220047,0.031143115629453797,0.5159798482542206,PPA
21,er,sm_2_vox,4,0.05365301808801049,0.060304978162225825,0.5050507113911988,PPA
21,er,sm_2_vox,5,0.06272136808430791,0.07619885448273171,0.5212082550258745,PPA
21,er,sm_2_vox,6,0.08659913804837416,0.0710520368825654,0.5192896353852978,PPA
21,er,sm_2_vox,7,0.06218921260484137,0.06171699177149368,0.5736095150652818,PPA
21,er,sm_2_vox,8,0.07910291107928721,0.09478665505403554,0.5242646272658598,PPA
21,er,sm_2_vox,9,0.04439716627671521,0.05890712433208957,0.5004454097182238,PPA
21,er,sm_2_vox,10,0.07861152980935199,0.06555053988071247,0.5629861727838515,PPA
21,sus,unsmoothed,1,0.040950502165283655,0.050438124377029,0.532892733838913,PPA
21,sus,unsmoothed,2,0.048058429107125426,0.054031051480602714,0.596598874434246,PPA
21,sus,unsmoothed,3,0.054769918258865416,0.0557115001993519,0.5453078437137443,PPA
21,sus,unsmoothed,4,0.037501184169508636,0.050704948015721056,0.5598532657836688,PPA
21,sus,unsmoothed,5,0.04133406148442488,0.04750049263465104,0.5884502295912192,PPA
21,sus,unsmoothed,6,0.048252034311647866,0.052098484372384894,0.5710577519498311,PPA
21,sus,unsmoothed,7,0.054552452094154796,0.05354669459498535,0.5219841655080727,PPA
21,sus,unsmoothed,8,0.02144902550781922,0.026771479397380695,0.5209269756466165,PPA
21,sus,unsmoothed,9,0.05968506885330664,0.05228970899128826,0.5279360452534572,PPA
21,sus,unsmoothed,10,0.008939104266863231,0.014229431786700822,0.445756244486578,PPA
21,sus,sm_2_vox,1,0.13836870554138775,0.12784472213528494,0.5963789209824273,PPA
21,sus,sm_2_vox,2,0.23019073702029275,0.21389312545467962,0.6694472135812237,PPA
21,sus,sm_2_vox,3,0.18620478572437107,0.18865110140736302,0.6714755993849437,PPA
21,sus,sm_2_vox,4,0.17048002002254703,0.18393287803856112,0.738730013888812,PPA
21,sus,sm_2_vox,5,0.1559762615689803,0.16350062849973246,0.6442569184152731,PPA
21,sus,sm_2_vox,6,0.14451331301750997,0.14817432233225075,0.5952371691041998,PPA
21,sus,sm_2_vox,7,0.1580731631613525,0.16033913039324624,0.6556703728626374,PPA
21,sus,sm_2_vox,8,0.08277696770673229,0.07745753143473055,0.5981013643047575,PPA
21,sus,sm_2_vox,9,0.15915631518410617,0.16030670574307182,0.6248930628146434,PPA
21,sus,sm_2_vox,10,0.11901608218407994,0.11409615022945824,0.7031871641276072,PPA
21,miniblock,unsmoothed,1,0.030069205298338637,0.027646113877322225,0.5089607605008492,PPA
21,miniblock,unsmoothed,2,0.018059902060803032,0.02365563500472276,0.4298391598407322,PPA
21,miniblock,unsmoothed,3,0.024711110568932715,0.031096140107533723,0.5370152198641875,PPA
21,miniblock,unsmoothed,4,0.049356584374628115,0.042971998347020826,0.4457698650202988,PPA
21,miniblock,unsmoothed,5,0.02499065915257665,0.026326529782189922,0.604369242463098,PPA
21,miniblock,unsmoothed,6,0.02468309579600001,0.025330536998884087,0.4666957821134946,PPA
21,miniblock,unsmoothed,7,0.009343084451074742,0.0035544857488186052,0.4871771496187634,PPA
21,miniblock,unsmoothed,8,0.04066621595399736,0.03443758276246267,0.46960786795645165,PPA
21,miniblock,unsmoothed,9,0.001041344987557064,0.00034526290942357837,0.5053792104063501,PPA
21,miniblock,unsmoothed,10,0.018527892075225046,0.01797530336399963,0.4972929758310969,PPA
21,miniblock,sm_2_vox,1,0.06552183485740093,0.06537447273414536,0.5370171996445726,PPA
21,miniblock,sm_2_vox,2,0.08236300473788344,0.0764016296757456,0.4833228130134677,PPA
21,miniblock,sm_2_vox,3,0.09940285312274506,0.09838427093010674,0.630846894872009,PPA
21,miniblock,sm_2_vox,4,0.10165338508670745,0.11943278209277237,0.5996991938407883,PPA
21,miniblock,sm_2_vox,5,0.07953065017177521,0.07338499511344007,0.6309837331731389,PPA
21,miniblock,sm_2_vox,6,0.09269503664701234,0.09011846340515277,0.4563201793849594,PPA
21,miniblock,sm_2_vox,7,0.054037305740126926,0.05985931354996425,0.4784414978592827,PPA
21,miniblock,sm_2_vox,8,0.09119451635732675,0.10240931126328796,0.5256723440979487,PPA
21,miniblock,sm_2_vox,9,0.08239231571451078,0.08030382694570962,0.5068765862723564,PPA
21,miniblock,sm_2_vox,10,0.09277179014521378,0.0945064687552915,0.595321618374586,PPA
21,er,unsmoothed,1,0.021911132205301012,0.023118443241020453,0.6754474578684349,EBA
21,er,unsmoothed,2,0.01962149488819266,0.02348999513141841,0.6867287748777802,EBA
21,er,unsmoothed,3,0.0339037070002484,0.04031646354604524,0.6934257485674482,EBA
21,er,unsmoothed,4,0.05592598650086738,0.05793429962376476,0.6901183626326644,EBA
21,er,unsmoothed,5,0.021069689191978963,0.023537811383770164,0.659567605741638,EBA
21,er,unsmoothed,6,0.04948681897042885,0.0497306914332616,0.670046948992475,EBA
21,er,unsmoothed,7,0.03398145139320061,0.034213315009048305,0.7084209239064512,EBA
21,er,unsmoothed,8,0.03452259926325391,0.038244341471109736,0.6632338027638875,EBA
21,er,unsmoothed,9,0.030720843438007406,0.03548128445487785,0.6150325451657831,EBA
21,er,unsmoothed,10,0.011012426172911038,0.015564226777233403,0.6127955540452434,EBA
21,er,sm_2_vox,1,0.15855489383718055,0.17521537401018192,0.8168452053780961,EBA
21,er,sm_2_vox,2,0.2226946483963958,0.2378930493399173,0.8573085805461652,EBA
21,er,sm_2_vox,3,0.18709705473429922,0.19663511205442566,0.8156516568114689,EBA
21,er,sm_2_vox,4,0.18699665902810064,0.19957449251079085,0.8508846907375303,EBA
21,er,sm_2_vox,5,0.1866743829415174,0.19324305261706387,0.8317891300754607,EBA
21,er,sm_2_vox,6,0.17945401849297005,0.1885478354543372,0.8345307937829038,EBA
21,er,sm_2_vox,7,0.13325973262099933,0.14518934911886006,0.7904520406631486,EBA
21,er,sm_2_vox,8,0.195172410875407,0.20898696876832093,0.800761644465181,EBA
21,er,sm_2_vox,9,0.17352419803614777,0.17839465945815305,0.7909194954940895,EBA
21,er,sm_2_vox,10,0.1921423411670413,0.1973935358550143,0.8170221945927233,EBA
21,sus,unsmoothed,1,0.10175508094949322,0.12172204981289508,0.8645931353097264,EBA
21,sus,unsmoothed,2,0.1170900808989456,0.13805983659755558,0.79733424268737,EBA
21,sus,unsmoothed,3,0.10698524086617144,0.13136361479261613,0.8111410157795802,EBA
21,sus,unsmoothed,4,0.11433328050801116,0.13893264011293072,0.8103981040553965,EBA
21,sus,unsmoothed,5,0.08651302589826206,0.10766050710517029,0.7971140206561402,EBA
21,sus,unsmoothed,6,0.11267375944178637,0.11958016723256701,0.7736735954128997,EBA
21,sus,unsmoothed,7,0.11609702493767769,0.1310755743720287,0.8417893936232652,EBA
21,sus,unsmoothed,8,0.08124625972902036,0.09477111833307594,0.7214260049726698,EBA
21,sus,unsmoothed,9,0.11166809600075658,0.12510458153841073,0.7518244897435872,EBA
21,sus,unsmoothed,10,0.0672059150136989,0.08506041973843768,0.7672658005811928,EBA
21,sus,sm_2_vox,1,0.2905080553970977,0.2950013499909321,0.8718043772084052,EBA
21,sus,sm_2_vox,2,0.32528139291098285,0.3260199522451881,0.8681412275331819,EBA
21,sus,sm_2_vox,3,0.32402061830241496,0.3389454752924094,0.872824641877304,EBA
21,sus,sm_2_vox,4,0.3411973193429465,0.3361541178697986,0.8377098113125265,EBA
21,sus,sm_2_vox,5,0.2970475326464361,0.2961582690666941,0.8222320505760539,EBA
21,sus,sm_2_vox,6,0.30660294937715127,0.2906920318417768,0.8452306897741415,EBA
21,sus,sm_2_vox,7,0.3128035628903978,0.3070584697337926,0.8570002267747789,EBA
21,sus,sm_2_vox,8,0.27490997165607345,0.2769903512241994,0.8446254048793692,EBA
21,sus,sm_2_vox,9,0.2896235671081636,0.292741454232311,0.8437411164319488,EBA
21,sus,sm_2_vox,10,0.27321749796018746,0.27206210888504634,0.8771224575824972,EBA
21,miniblock,unsmoothed,1,0.10237783300607896,0.11500144161438204,0.7669235918231891,EBA
21,miniblock,unsmoothed,2,0.0914360754885663,0.10786560440105146,0.7467151793213382,EBA
21,miniblock,unsmoothed,3,0.09773052077758748,0.11126632108833627,0.8049571931758042,EBA
21,miniblock,unsmoothed,4,0.09280855636553732,0.1088911140053818,0.7978035976589982,EBA
21,miniblock,unsmoothed,5,0.08438428295667186,0.10192770705117962,0.7825179804462228,EBA
21,miniblock,unsmoothed,6,0.0973393518314199,0.10957228980593836,0.7872374737728235,EBA
21,miniblock,unsmoothed,7,0.08201034106295778,0.10063865810527312,0.7456397107092769,EBA
21,miniblock,unsmoothed,8,0.09190764091787168,0.10577078179081957,0.786026573097541,EBA
21,miniblock,unsmoothed,9,0.07220362463622235,0.08095380797522989,0.6971871920390277,EBA
21,miniblock,unsmoothed,10,0.08586979584661085,0.0967513161376726,0.7922399072570997,EBA
21,miniblock,sm_2_vox,1,0.23788665053405234,0.25683603358766266,0.8847392324833467,EBA
21,miniblock,sm_2_vox,2,0.23538447501284712,0.2529186675546248,0.8578479867700936,EBA
21,miniblock,sm_2_vox,3,0.20934490907561523,0.236153081127785,0.788916298172176,EBA
21,miniblock,sm_2_vox,4,0.2460035180317854,0.2627438438319037,0.8787583564518244,EBA
21,miniblock,sm_2_vox,5,0.19930297645023726,0.2222345840387391,0.8893367652792108,EBA
21,miniblock,sm_2_vox,6,0.2378775248121061,0.25661116226916664,0.8210819985920863,EBA
21,miniblock,sm_2_vox,7,0.24611581205248217,0.25246356638907147,0.8428858560201755,EBA
21,miniblock,sm_2_vox,8,0.22300055896388038,0.24396493758047105,0.834814169646551,EBA
21,miniblock,sm_2_vox,9,0.2310075930438596,0.24263919998409553,0.7663880917627997,EBA
21,miniblock,sm_2_vox,10,0.23480502356526814,0.25688330246012336,0.8930696701982521,EBA
21,er,unsmoothed,1,0.01634076815374349,0.01758728805928235,0.7230598541807555,EVC
21,er,unsmoothed,2,-0.0019384849216868005,0.0002711159475025514,0.5759364016706239,EVC
21,er,unsmoothed,3,0.029080709095450935,0.02907567797889715,0.6419543550401322,EVC
21,er,unsmoothed,4,0.039202358457540214,0.03970662473504131,0.7088206384941036,EVC
21,er,unsmoothed,5,0.007343965252219878,0.007586898033296275,0.582236678457508,EVC
21,er,unsmoothed,6,0.047227594618607927,0.04897866350640517,0.639076284220226,EVC
21,er,unsmoothed,7,0.022781765745612758,0.024679257586302312,0.5800606012277345,EVC
21,er,unsmoothed,8,0.02038479587218378,0.020644395653569438,0.6254537166392353,EVC
21,er,unsmoothed,9,0.00584044406919254,0.005909846150029785,0.5726916011821399,EVC
21,er,unsmoothed,10,-0.004298577122526167,-0.0033071903095262846,0.6009794695254189,EVC
21,er,sm_2_vox,1,0.12468606346438207,0.12963634431362664,0.7390388920124523,EVC
21,er,sm_2_vox,2,0.17583706393004825,0.18606186386476134,0.7690992081617778,EVC
21,er,sm_2_vox,3,0.1471075182036808,0.14599420719608455,0.7459170021505312,EVC
21,er,sm_2_vox,4,0.11328207898202661,0.12356025690190586,0.7198501654974024,EVC
21,er,sm_2_vox,5,0.12878087637239705,0.12749436230468159,0.6883251291752495,EVC
21,er,sm_2_vox,6,0.15822069251281945,0.15985223403125762,0.6906044647770327,EVC
21,er,sm_2_vox,7,0.08161447215376966,0.08591105530009858,0.7248881141207706,EVC
21,er,sm_2_vox,8,0.14030706108661545,0.14302357658583265,0.6914012210583705,EVC
21,er,sm_2_vox,9,0.08291784473492991,0.09222705741404462,0.673523870405854,EVC
21,er,sm_2_vox,10,0.14089586991573008,0.14607930547135337,0.7107768627101306,EVC
21,sus,unsmoothed,1,0.0929797017226742,0.1110195486253722,0.772378428111109,EVC
21,sus,unsmoothed,2,0.08665768414654079,0.10935787618287053,0.7814396465100047,EVC
21,sus,unsmoothed,3,0.0854518994524907,0.10517621151452,0.7474761648013383,EVC
21,sus,unsmoothed,4,0.10166223621699172,0.12121304737306338,0.8174969600116873,EVC
21,sus,unsmoothed,5,0.07110192836575371,0.09337989996710677,0.7638461392231926,EVC
21,sus,unsmoothed,6,0.08829734996234907,0.09880434298835167,0.756499283972029,EVC
21,sus,unsmoothed,7,0.08690129618146919,0.10263790120208625,0.7458524438013815,EVC
21,sus,unsmoothed,8,0.07117674851503178,0.08289819867224309,0.7583720149342542,EVC
21,sus,unsmoothed,9,0.09571718112699601,0.11124904615474179,0.7796432742245991,EVC
21,sus,unsmoothed,10,0.049067531633106266,0.06477872216270171,0.7180023195663513,EVC
21,sus,sm_2_vox,1,0.21907259195050122,0.24594235185203814,0.8284130677463256,EVC
21,sus,sm_2_vox,2,0.22401297935409026,0.2605532246260439,0.8490733141560053,EVC
21,sus,sm_2_vox,3,0.23561709371721945,0.270107930271406,0.8546325769041732,EVC
21,sus,sm_2_vox,4,0.2651907307180412,0.2877078561953772,0.8559371496274859,EVC
21,sus,sm_2_vox,5,0.2181407383580875,0.2505838606243756,0.8260553106205428,EVC
21,sus,sm_2_vox,6,0.19150403789367454,0.20446533196334343,0.8032341812526783,EVC
21,sus,sm_2_vox,7,0.24514874495399233,0.2600198608623839,0.7971087429680559,EVC
21,sus,sm_2_vox,8,0.2290120997748716,0.2403462023472153,0.8370599155553858,EVC
21,sus,sm_2_vox,9,0.2215928291600585,0.2463618531811923,0.84676938324613,EVC
21,sus,sm_2_vox,10,0.1780039729579398,0.20027778457500758,0.7703425210636168,EVC
21,miniblock,unsmoothed,1,0.06500330910684375,0.0840386281980924,0.8226321075609795,EVC
21,miniblock,unsmoothed,2,0.0621130456421249,0.0794600048099552,0.7634398383088978,EVC
21,miniblock,unsmoothed,3,0.06928928072843085,0.09066713093159749,0.8103974958093556,EVC
21,miniblock,unsmoothed,4,0.06400750241257014,0.08704392127155976,0.805589194545531,EVC
21,miniblock,unsmoothed,5,0.07008893243466138,0.09288475721596984,0.844511762702338,EVC
21,miniblock,unsmoothed,6,0.06714808208404591,0.0868208994483947,0.8232333912929293,EVC
21,miniblock,unsmoothed,7,0.06631984868623444,0.08810578875315389,0.8041603558877684,EVC
21,miniblock,unsmoothed,8,0.060340022109541196,0.07772527398121454,0.8320690939048859,EVC
21,miniblock,unsmoothed,9,0.047784670367419395,0.06750898051741096,0.8078156069653926,EVC
21,miniblock,unsmoothed,10,0.055145426214032,0.075435873505763,0.7969063771675644,EVC
21,miniblock,sm_2_vox,1,0.17662754047645518,0.21120283390542827,0.8646789360800013,EVC
21,miniblock,sm_2_vox,2,0.20094257629595372,0.22314616275661006,0.8454816854544027,EVC
21,miniblock,sm_2_vox,3,0.17955462464965674,0.2105329768176097,0.8323948665997938,EVC
21,miniblock,sm_2_vox,4,0.18190984064460491,0.22389808461551755,0.8787583564518244,EVC
21,miniblock,sm_2_vox,5,0.18759245360669558,0.223147220815649,0.8555975877802713,EVC
21,miniblock,sm_2_vox,6,0.19567501745596227,0.22852670103955097,0.8476659486503821,EVC
21,miniblock,sm_2_vox,7,0.20801991061544872,0.23678120600138072,0.8574386838180843,EVC
21,miniblock,sm_2_vox,8,0.16665687136151627,0.20204515298304995,0.8565217459711111,EVC
21,miniblock,sm_2_vox,9,0.17086574396609838,0.1982784308332942,0.8289757863326451,EVC
21,miniblock,sm_2_vox,10,0.1969071288693038,0.22190608704978748,0.8784056263217341,EVC
22,er,unsmoothed,1,0.022390711090081963,0.026100819637610077,0.7966892480951745,visually_responsive_voxels
22,er,unsmoothed,2,0.02336878102317151,0.02534419013358958,0.7155025879373349,visually_responsive_voxels
22,er,unsmoothed,3,0.011731849751949922,0.013614836547959707,0.7081712864870406,visually_responsive_voxels
22,er,unsmoothed,4,0.026639626377457135,0.02711428565842034,0.7336317866529971,visually_responsive_voxels
22,er,unsmoothed,5,0.004534855303546997,0.006309445383825325,0.6759629956008741,visually_responsive_voxels
22,er,unsmoothed,6,0.022191961847301378,0.02555973459020838,0.7123693102156627,visually_responsive_voxels
22,er,unsmoothed,7,0.01081870420765009,0.013823165086670211,0.7132727051684524,visually_responsive_voxels
22,er,unsmoothed,8,0.024985086513548877,0.02732934652404845,0.6963997175549773,visually_responsive_voxels
22,er,unsmoothed,9,0.00912589742253829,0.01182138711940421,0.7266839446778048,visually_responsive_voxels
22,er,unsmoothed,10,0.012939895864716555,0.017067010150564606,0.7822222152757399,visually_responsive_voxels
22,er,sm_2_vox,1,0.06588897395548723,0.08169120881539603,0.8374183149089114,visually_responsive_voxels
22,er,sm_2_vox,2,0.05709612463894402,0.07492335309094247,0.8284647874064758,visually_responsive_voxels
22,er,sm_2_vox,3,0.06936516360580808,0.08570237350156153,0.8066039861656606,visually_responsive_voxels
22,er,sm_2_vox,4,0.06340351835905633,0.07297169618335222,0.8033879611147421,visually_responsive_voxels
22,er,sm_2_vox,5,0.07267214140562747,0.08299345382214135,0.7808782129989447,visually_responsive_voxels
22,er,sm_2_vox,6,0.0860778919730843,0.0969770464678138,0.7932284765152742,visually_responsive_voxels
22,er,sm_2_vox,7,0.046305584079135945,0.07029871838572273,0.7764510025247203,visually_responsive_voxels
22,er,sm_2_vox,8,0.07725701159528893,0.09301276938362481,0.7918926681300988,visually_responsive_voxels
22,er,sm_2_vox,9,0.05052057206959836,0.06478657972869195,0.8110664029833761,visually_responsive_voxels
22,er,sm_2_vox,10,0.09290924581866386,0.11036372935540059,0.849302765337764,visually_responsive_voxels
22,sus,unsmoothed,1,0.034375939114445066,0.06355437653427534,0.9131268480759114,visually_responsive_voxels
22,sus,unsmoothed,2,0.05971000304338007,0.08386539755161292,0.8933024099882487,visually_responsive_voxels
22,sus,unsmoothed,3,0.050584557327724225,0.07554238500936704,0.9100250683880304,visually_responsive_voxels
22,sus,unsmoothed,4,0.06129289800178234,0.08896980957769403,0.9172783756854981,visually_responsive_voxels
22,sus,unsmoothed,5,0.06343112842354684,0.08829080972723503,0.9092233888233847,visually_responsive_voxels
22,sus,unsmoothed,6,0.05767186942896129,0.08571191512810045,0.893456909644166,visually_responsive_voxels
22,sus,unsmoothed,7,0.0488611343356318,0.07379122802710059,0.8973685556328849,visually_responsive_voxels
22,sus,unsmoothed,8,0.047945523198125395,0.07102359745114757,0.9103117208090895,visually_responsive_voxels
22,sus,unsmoothed,9,0.057379245265111116,0.08080498275489698,0.9329656501371233,visually_responsive_voxels
22,sus,unsmoothed,10,0.04738479225847049,0.07338369732936534,0.9044233689831087,visually_responsive_voxels
22,sus,sm_2_vox,1,0.024672895472042856,0.10099881294390206,0.902020332147381,visually_responsive_voxels
22,sus,sm_2_vox,2,0.07077047895488142,0.13318059706380242,0.9062514481839061,visually_responsive_voxels
22,sus,sm_2_vox,3,0.06153335728887731,0.12357343443004629,0.9277601340979215,visually_responsive_voxels
22,sus,sm_2_vox,4,0.09956668694308474,0.15714438514590937,0.951663047534399,visually_responsive_voxels
22,sus,sm_2_vox,5,0.09904475504199405,0.15472509292105951,0.9102644210068216,visually_responsive_voxels
22,sus,sm_2_vox,6,0.08070196346284073,0.1459085222426859,0.9108032738054956,visually_responsive_voxels
22,sus,sm_2_vox,7,0.04011025572928321,0.09998763693925815,0.8982898746478811,visually_responsive_voxels
22,sus,sm_2_vox,8,0.04678704835707789,0.10463079525355232,0.9215326014976113,visually_responsive_voxels
22,sus,sm_2_vox,9,0.06811513475095123,0.12261283335019235,0.9100040023861181,visually_responsive_voxels
22,sus,sm_2_vox,10,0.060274669933614,0.12276486460561786,0.9126363483672117,visually_responsive_voxels
22,miniblock,unsmoothed,1,0.06651964650823311,0.09740196673535191,0.9323195920871623,visually_responsive_voxels
22,miniblock,unsmoothed,2,0.07393105650952114,0.10404431278931803,0.9006238391212739,visually_responsive_voxels
22,miniblock,unsmoothed,3,0.04304233293291369,0.06791627482718537,0.8826590874820504,visually_responsive_voxels
22,miniblock,unsmoothed,4,0.07286476894763698,0.09960193030009562,0.8965658218657198,visually_responsive_voxels
22,miniblock,unsmoothed,5,0.05662456665069775,0.08788070881158484,0.8929643640401331,visually_responsive_voxels
22,miniblock,unsmoothed,6,0.050819892992671825,0.0816118558154489,0.9062635456498714,visually_responsive_voxels
22,miniblock,unsmoothed,7,0.05656922190084469,0.08494860597111197,0.890494860133379,visually_responsive_voxels
22,miniblock,unsmoothed,8,0.060584064642207,0.08858624339208383,0.9214220329744446,visually_responsive_voxels
22,miniblock,unsmoothed,9,0.053757105846689426,0.08336162427299923,0.9081501699676637,visually_responsive_voxels
22,miniblock,unsmoothed,10,0.07336251653736099,0.1044206090855746,0.9097133370214173,visually_responsive_voxels
22,miniblock,sm_2_vox,1,0.13104219417526794,0.18324567704373287,0.9295476292514574,visually_responsive_voxels
22,miniblock,sm_2_vox,2,0.12389358568986258,0.19124468692275115,0.9337588097164813,visually_responsive_voxels
22,miniblock,sm_2_vox,3,0.12154188558424876,0.1622372576519951,0.9387097637981319,visually_responsive_voxels
22,miniblock,sm_2_vox,4,0.13488136174826115,0.18745488104375652,0.9140589966070184,visually_responsive_voxels
22,miniblock,sm_2_vox,5,0.1196447263402982,0.18285075638609397,0.909886299338458,visually_responsive_voxels
22,miniblock,sm_2_vox,6,0.14840851599917687,0.20080419748059555,0.9146700727402308,visually_responsive_voxels
22,miniblock,sm_2_vox,7,0.13590980164278513,0.1853678647197197,0.927360368646115,visually_responsive_voxels
22,miniblock,sm_2_vox,8,0.11635361921129286,0.18231167473817503,0.9371388172899667,visually_responsive_voxels
22,miniblock,sm_2_vox,9,0.1325189356873938,0.18831712634017592,0.9134240224417682,visually_responsive_voxels
22,miniblock,sm_2_vox,10,0.1325435711606976,0.19578882428200647,0.9417571016553781,visually_responsive_voxels
22,er,unsmoothed,1,0.07370323261125507,0.08251910177974772,0.7966892480951745,FFA
22,er,unsmoothed,2,0.10431783220704749,0.09954891910693069,0.6931179451359404,FFA
22,er,unsmoothed,3,0.07100863242470147,0.08344184449657409,0.6865208067060236,FFA
22,er,unsmoothed,4,0.09928669426173345,0.09075500152961616,0.6461814033622322,FFA
22,er,unsmoothed,5,0.05859332153427371,0.07178814699879053,0.6290305012296005,FFA
22,er,unsmoothed,6,0.09397926785170829,0.0954524791919816,0.6460168499997976,FFA
22,er,unsmoothed,7,0.08263722540646648,0.09209616261430778,0.6218386484786155,FFA
22,er,unsmoothed,8,0.08161593689223412,0.09375804553855918,0.6432192100986689,FFA
22,er,unsmoothed,9,0.09455081262399291,0.09855150971794648,0.6784431071755731,FFA
22,er,unsmoothed,10,0.07525329854075227,0.06614167703925178,0.6080138065038384,FFA
22,er,sm_2_vox,1,0.2624204170525002,0.26383886762732556,0.7860425537483564,FFA
22,er,sm_2_vox,2,0.3212674369515449,0.29410639699312147,0.7737431425812122,FFA
22,er,sm_2_vox,3,0.26538676565212,0.2816633089030229,0.77380423414578,FFA
22,er,sm_2_vox,4,0.26102055601909624,0.264520391119169,0.7384612149449556,FFA
22,er,sm_2_vox,5,0.2607513905692048,0.257566174825942,0.6978913435226626,FFA
22,er,sm_2_vox,6,0.303024503060105,0.2980345937257197,0.7067204699676344,FFA
22,er,sm_2_vox,7,0.29420957672226394,0.3085179199551927,0.7668546893024227,FFA
22,er,sm_2_vox,8,0.24932366969071235,0.2687758971445511,0.7329995876614452,FFA
22,er,sm_2_vox,9,0.27333287755126146,0.27417392078541664,0.7512634609171003,FFA
22,er,sm_2_vox,10,0.26338544542687126,0.26788835362399194,0.7411432842595934,FFA
22,sus,unsmoothed,1,0.17140777357740467,0.1991734461817937,0.8243565362519332,FFA
22,sus,unsmoothed,2,0.21907273379543094,0.24367130192706293,0.8567957801078809,FFA
22,sus,unsmoothed,3,0.21060541847551978,0.2141306491414412,0.8030094994030708,FFA
22,sus,unsmoothed,4,0.19948045688224947,0.22750207477634038,0.8028195333193794,FFA
22,sus,unsmoothed,5,0.20819607178381522,0.22402807220572107,0.87836897681392,FFA
22,sus,unsmoothed,6,0.20249101162771005,0.21864738816056867,0.8249438825268711,FFA
22,sus,unsmoothed,7,0.21077746108162998,0.21763172402979925,0.7700965515690829,FFA
22,sus,unsmoothed,8,0.2316051207228609,0.23986083997687097,0.8467209190538889,FFA
22,sus,unsmoothed,9,0.2140203756904575,0.23004006553002132,0.8216469351702825,FFA
22,sus,unsmoothed,10,0.19267036238194812,0.22210181391916725,0.8517644408720249,FFA
22,sus,sm_2_vox,1,0.5521010625196189,0.4925684958497358,0.8598984826906129,FFA
22,sus,sm_2_vox,2,0.5962726030277732,0.5383352671798498,0.8603637432841431,FFA
22,sus,sm_2_vox,3,0.558354418890043,0.5077198296069912,0.826031190065613,FFA
22,sus,sm_2_vox,4,0.5777487059383067,0.53403978316614,0.8553609912142154,FFA
22,sus,sm_2_vox,5,0.576968514842273,0.514471469345562,0.8682562246543138,FFA
22,sus,sm_2_vox,6,0.5670704959317638,0.5146230495662172,0.8643950547692827,FFA
22,sus,sm_2_vox,7,0.529511706689949,0.48219920597705224,0.8167025579626049,FFA
22,sus,sm_2_vox,8,0.5423604843170546,0.4935623247017443,0.8485151835303053,FFA
22,sus,sm_2_vox,9,0.5910158248127246,0.5289192920339832,0.8495777023244054,FFA
22,sus,sm_2_vox,10,0.5681067667964953,0.5124942780927373,0.8560751681048202,FFA
22,miniblock,unsmoothed,1,0.19084272896196144,0.22166790498610855,0.8506705235203932,FFA
22,miniblock,unsmoothed,2,0.20478199731616592,0.23051370336894028,0.8166987321566561,FFA
22,miniblock,unsmoothed,3,0.20952443487689995,0.2251659061182238,0.8548949488037716,FFA
22,miniblock,unsmoothed,4,0.22646130839255574,0.23699431486384406,0.8358203380948462,FFA
22,miniblock,unsmoothed,5,0.19992872235667997,0.21751252354065517,0.8872441493434148,FFA
22,miniblock,unsmoothed,6,0.18005040207957335,0.21955895626926564,0.9062635456498714,FFA
22,miniblock,unsmoothed,7,0.20582999414339626,0.22115168964628662,0.7949590581240845,FFA
22,miniblock,unsmoothed,8,0.20129509669350468,0.2203139606761176,0.8663908065396378,FFA
22,miniblock,unsmoothed,9,0.19173677378823795,0.21555673786643278,0.8566120884581074,FFA
22,miniblock,unsmoothed,10,0.20717001577466898,0.2291345259168257,0.8380760029393494,FFA
22,miniblock,sm_2_vox,1,0.5726040500418255,0.5196993126248204,0.9141075958070592,FFA
22,miniblock,sm_2_vox,2,0.578153284818568,0.5240860548284292,0.8639141677223052,FFA
22,miniblock,sm_2_vox,3,0.5766386222233748,0.5139606399499009,0.9024543424369054,FFA
22,miniblock,sm_2_vox,4,0.5410106266457381,0.5098496020541972,0.8907808206381609,FFA
22,miniblock,sm_2_vox,5,0.5475451104614923,0.49684804612700717,0.8978859858210503,FFA
22,miniblock,sm_2_vox,6,0.5795093616217628,0.5208361643241456,0.9065957837560124,FFA
22,miniblock,sm_2_vox,7,0.5495058155204879,0.5123978564314888,0.8458097307113693,FFA
22,miniblock,sm_2_vox,8,0.5897878794108347,0.517084285088367,0.9056076109220992,FFA
22,miniblock,sm_2_vox,9,0.5627607228356499,0.518604683090136,0.9004300782706948,FFA
22,miniblock,sm_2_vox,10,0.5874220923899509,0.5442202011803335,0.9125795071683063,FFA
22,er,unsmoothed,1,0.023180941289488013,0.024650259990719247,0.5435452501021204,PPA
22,er,unsmoothed,2,0.027735552231592422,0.028343800801853534,0.5379950968863646,PPA
22,er,unsmoothed,3,0.022227321313845798,0.01984477899743477,0.5720255216091689,PPA
22,er,unsmoothed,4,0.029703528876252036,0.0358251744735909,0.5461722638729303,PPA
22,er,unsmoothed,5,0.012993696212768874,0.013632476788412123,0.5296739589818014,PPA
22,er,unsmoothed,6,0.038258367735827754,0.038273514849628036,0.5256508614873387,PPA
22,er,unsmoothed,7,0.028445966933209905,0.03156119004259214,0.5127314537851829,PPA
22,er,unsmoothed,8,0.03717329746012489,0.040061669459196286,0.610766737392235,PPA
22,er,unsmoothed,9,0.025322439106687897,0.033353609434491796,0.5655206908552561,PPA
22,er,unsmoothed,10,0.03549524041240798,0.028716236197910586,0.5493838014122501,PPA
22,er,sm_2_vox,1,0.10471643595995314,0.11679769945753712,0.7027749596382022,PPA
22,er,sm_2_vox,2,0.12613086264517456,0.12554115092891463,0.5999147680044894,PPA
22,er,sm_2_vox,3,0.13258648991307131,0.13553047248719952,0.6720775681441195,PPA
22,er,sm_2_vox,4,0.15419866435972562,0.157551050675074,0.7111757419910333,PPA
22,er,sm_2_vox,5,0.13340861359526965,0.13107118850764524,0.6234002592892292,PPA
22,er,sm_2_vox,6,0.14068254590734317,0.14494492353209276,0.7573836422247472,PPA
22,er,sm_2_vox,7,0.16308090899809444,0.17271206440364756,0.7028004981562526,PPA
22,er,sm_2_vox,8,0.1718749460269765,0.1701549407351779,0.6342920333369524,PPA
22,er,sm_2_vox,9,0.14044230980775763,0.14040603824667158,0.7114281708234134,PPA
22,er,sm_2_vox,10,0.14411223666107767,0.15091083623385007,0.6900886905175945,PPA
22,sus,unsmoothed,1,0.055636613827938664,0.061730834275991214,0.6902372869791542,PPA
22,sus,unsmoothed,2,0.07077121424019213,0.07743738494102918,0.7086245192379443,PPA
22,sus,unsmoothed,3,0.06651135611607426,0.06968256959653488,0.6913865237857246,PPA
22,sus,unsmoothed,4,0.06761742057739294,0.07119621734809395,0.776192763702067,PPA
22,sus,unsmoothed,5,0.05220279028848612,0.06335113186954933,0.7032678688186482,PPA
22,sus,unsmoothed,6,0.07382227478205437,0.07807410671882825,0.7147076573443005,PPA
22,sus,unsmoothed,7,0.04220493683978711,0.053144753894119656,0.6791829362107502,PPA
22,sus,unsmoothed,8,0.063528251809636,0.06542459048112993,0.6869360732088947,PPA
22,sus,unsmoothed,9,0.057471537647656334,0.06489254290828174,0.6956926540946402,PPA
22,sus,unsmoothed,10,0.06858243082580891,0.07937603707122022,0.6475454869729105,PPA
22,sus,sm_2_vox,1,0.15940139369127526,0.17581096078432604,0.721685978776246,PPA
22,sus,sm_2_vox,2,0.1768792337463874,0.19317998203148118,0.7846913385766683,PPA
22,sus,sm_2_vox,3,0.16995908456317937,0.1915902405486296,0.8005186210960491,PPA
22,sus,sm_2_vox,4,0.1842009713483309,0.20639597553822214,0.8067380049180966,PPA
22,sus,sm_2_vox,5,0.15548505724156086,0.16855451897726065,0.7509458140160279,PPA
22,sus,sm_2_vox,6,0.19660051796742178,0.20787905957092687,0.7550097889902334,PPA
22,sus,sm_2_vox,7,0.11827303402235328,0.14159077555740257,0.7352647494738744,PPA
22,sus,sm_2_vox,8,0.1576585578228186,0.1769977531376359,0.7581377932499411,PPA
22,sus,sm_2_vox,9,0.16993333247240203,0.1818043820101335,0.7349190037977895,PPA
22,sus,sm_2_vox,10,0.23480811956476932,0.23392383546950565,0.7312648529835863,PPA
22,miniblock,unsmoothed,1,0.06481946576703412,0.07561294558069012,0.81581296968339,PPA
22,miniblock,unsmoothed,2,0.07598289586625158,0.08815839726945025,0.8240367796171051,PPA
22,miniblock,unsmoothed,3,0.04851758677565195,0.06324572179436416,0.819505280861051,PPA
22,miniblock,unsmoothed,4,0.07527273770857563,0.08349003016029452,0.7958007560885952,PPA
22,miniblock,unsmoothed,5,0.05994089846809704,0.07479185343502173,0.8132890664897527,PPA
22,miniblock,unsmoothed,6,0.06132600177507715,0.07256306619986538,0.8308590596036345,PPA
22,miniblock,unsmoothed,7,0.054122000989529434,0.06710852175889247,0.7573227837455533,PPA
22,miniblock,unsmoothed,8,0.06125670655916777,0.07371630272517841,0.8431543095945573,PPA
22,miniblock,unsmoothed,9,0.060994109889301276,0.07644760208560589,0.8264324079434522,PPA
22,miniblock,unsmoothed,10,0.054428990354104714,0.07234466611340701,0.8353407136109332,PPA
22,miniblock,sm_2_vox,1,0.20263106640956813,0.23013000060476826,0.8168186659557728,PPA
22,miniblock,sm_2_vox,2,0.2166972629801075,0.24873996388942446,0.9006246790009461,PPA
22,miniblock,sm_2_vox,3,0.19369674128451012,0.21983574697322472,0.8873815791570818,PPA
22,miniblock,sm_2_vox,4,0.22223896551419803,0.24490241105384222,0.8972924952557169,PPA
22,miniblock,sm_2_vox,5,0.22982206684073359,0.24633646935868989,0.8775278222195195,PPA
22,miniblock,sm_2_vox,6,0.21554900682488004,0.24003838177248735,0.9040612663275311,PPA
22,miniblock,sm_2_vox,7,0.20731109050282226,0.23248528563866216,0.8578801810848429,PPA
22,miniblock,sm_2_vox,8,0.21407824038974646,0.23911732739371755,0.914111230307632,PPA
22,miniblock,sm_2_vox,9,0.21899694371153705,0.2447406840581063,0.9105549499294343,PPA
22,miniblock,sm_2_vox,10,0.2093010532122997,0.23407680204989625,0.8601394526342271,PPA
22,er,unsmoothed,1,0.018716946076592394,0.024614844324962363,0.6756433236612083,EBA
22,er,unsmoothed,2,0.019103739107116664,0.024640086127611753,0.6574704900553147,EBA
22,er,unsmoothed,3,0.024079857130246882,0.02196771965956272,0.7081712864870406,EBA
22,er,unsmoothed,4,0.03611023448566081,0.0369039037663447,0.5612661736895446,EBA
22,er,unsmoothed,5,0.0074136934005695695,0.013211405391785442,0.6530934939001457,EBA
22,er,unsmoothed,6,0.03186579533398855,0.0368250785725241,0.6112285366682366,EBA
22,er,unsmoothed,7,0.0021546106292355685,0.0056408252189448956,0.6965284392344679,EBA
22,er,unsmoothed,8,0.03061996656697575,0.033002479076196065,0.6963997175549773,EBA
22,er,unsmoothed,9,0.009116922599728218,0.015107149546542421,0.6570275433656569,EBA
22,er,unsmoothed,10,0.012511901792890273,0.019935142108281,0.6597884183153778,EBA
22,er,sm_2_vox,1,0.06511748092717928,0.08361764503229782,0.8374183149089114,EBA
22,er,sm_2_vox,2,0.050952884923587544,0.07452095458405707,0.78951828059208,EBA
22,er,sm_2_vox,3,0.07158035632363272,0.09404069254966163,0.8066039861656606,EBA
22,er,sm_2_vox,4,0.09402091324476974,0.11486980675023821,0.8033879611147421,EBA
22,er,sm_2_vox,5,0.08929647834496116,0.10799192987224589,0.788974074141257,EBA
22,er,sm_2_vox,6,0.1030284280596131,0.12121091194366412,0.7802937355093336,EBA
22,er,sm_2_vox,7,0.030764594746229813,0.05443339354990766,0.7695453395953378,EBA
22,er,sm_2_vox,8,0.08751591211377971,0.10731464297911628,0.7918926681300988,EBA
22,er,sm_2_vox,9,0.04799604336619166,0.06232105301208238,0.7521318379190911,EBA
22,er,sm_2_vox,10,0.07830550133367521,0.10452355376868948,0.849302765337764,EBA
22,sus,unsmoothed,1,0.018758664404014934,0.031756591003568604,0.8093716675637261,EBA
22,sus,unsmoothed,2,0.057067719370663,0.06935079114524031,0.8565125269995244,EBA
22,sus,unsmoothed,3,0.04676073931494706,0.060616189220154576,0.8269358130275324,EBA
22,sus,unsmoothed,4,0.05779143151665725,0.06765646342485768,0.8146570653356933,EBA
22,sus,unsmoothed,5,0.052334970859612404,0.06825944940297726,0.8053645604977703,EBA
22,sus,unsmoothed,6,0.05579312098339735,0.07016238959830973,0.8015979262875617,EBA
22,sus,unsmoothed,7,0.024389296312269843,0.03805621646446765,0.8056077871192846,EBA
22,sus,unsmoothed,8,0.03332869952880287,0.04697376777385828,0.8234576028480443,EBA
22,sus,unsmoothed,9,0.056050047830190824,0.07261778760617739,0.8014793066889097,EBA
22,sus,unsmoothed,10,0.044282997501975396,0.056655920160511464,0.8151980910951289,EBA
22,sus,sm_2_vox,1,0.03235512656940176,0.07898356687734186,0.8730266653140901,EBA
22,sus,sm_2_vox,2,0.08604718639558212,0.1267669992076082,0.8770115414233528,EBA
22,sus,sm_2_vox,3,0.09883981386675035,0.13314602675084025,0.8683276655628656,EBA
22,sus,sm_2_vox,4,0.11487476429549143,0.14243173072084014,0.8659125436496431,EBA
22,sus,sm_2_vox,5,0.11179679133177195,0.14665926496938572,0.8423885576771512,EBA
22,sus,sm_2_vox,6,0.10050199892806366,0.13297772655756898,0.828855887995064,EBA
22,sus,sm_2_vox,7,0.018634271662991028,0.052838245930700245,0.8099098454972057,EBA
22,sus,sm_2_vox,8,0.05600541722976806,0.08403344498811946,0.8140017627918203,EBA
22,sus,sm_2_vox,9,0.11720189638262643,0.1491218936897022,0.8478887328422097,EBA
22,sus,sm_2_vox,10,0.09198086665087456,0.1154175137753948,0.8300676232960793,EBA
22,miniblock,unsmoothed,1,0.07290144460610613,0.09046971883817607,0.8195410485518888,EBA
22,miniblock,unsmoothed,2,0.06451725070647239,0.07855258265247052,0.8186133951379069,EBA
22,miniblock,unsmoothed,3,0.05276281863524696,0.07016314198503687,0.8311391383578932,EBA
22,miniblock,unsmoothed,4,0.07173010741632815,0.08971294870431631,0.8532009916938126,EBA
22,miniblock,unsmoothed,5,0.06971760041289524,0.0834379702959331,0.8554570996998252,EBA
22,miniblock,unsmoothed,6,0.0570224791867592,0.07615873253737868,0.9017460163760446,EBA
22,miniblock,unsmoothed,7,0.06574702798619037,0.08210512237329351,0.8100970818671167,EBA
22,miniblock,unsmoothed,8,0.061367006483994166,0.07787933926823816,0.8413059196946429,EBA
22,miniblock,unsmoothed,9,0.050122054487544414,0.06781858834962534,0.8630601973854564,EBA
22,miniblock,unsmoothed,10,0.05786258636099925,0.07792865869620928,0.8424181533234435,EBA
22,miniblock,sm_2_vox,1,0.17371553596847308,0.21406972757788506,0.91087550324736,EBA
22,miniblock,sm_2_vox,2,0.13293248742361052,0.1769833461466813,0.8518730022682477,EBA
22,miniblock,sm_2_vox,3,0.16072872500177648,0.20036715945166775,0.8826072923884324,EBA
22,miniblock,sm_2_vox,4,0.15778295867735415,0.19805097929190818,0.8880768903699865,EBA
22,miniblock,sm_2_vox,5,0.177721475217414,0.21471237719374497,0.8909767286002199,EBA
22,miniblock,sm_2_vox,6,0.22017880823376673,0.2472278113669195,0.8892569162844133,EBA
22,miniblock,sm_2_vox,7,0.19323738164877372,0.2177336500805542,0.8555211757062176,EBA
22,miniblock,sm_2_vox,8,0.1400446696060051,0.18815317169236392,0.8737924523523098,EBA
22,miniblock,sm_2_vox,9,0.1667373629797685,0.20335175494531726,0.8655653114906465,EBA
22,miniblock,sm_2_vox,10,0.1304014979732832,0.194709191296918,0.9186490671251824,EBA
22,er,unsmoothed,1,0.05321355276972809,0.05723334504348543,0.7520959809598529,EVC
22,er,unsmoothed,2,0.042736355240551575,0.045355625417806675,0.7628794497093057,EVC
22,er,unsmoothed,3,0.036697946565437504,0.0431582486713275,0.7006821984488407,EVC
22,er,unsmoothed,4,0.04285548446546163,0.04482419183080246,0.6787385996651369,EVC
22,er,unsmoothed,5,0.010140642574622855,0.01627514907589267,0.6759629956008741,EVC
22,er,unsmoothed,6,0.04076806711789106,0.04594098138670231,0.7551904231821722,EVC
22,er,unsmoothed,7,0.04142105282705465,0.04757364900771533,0.7234421472003713,EVC
22,er,unsmoothed,8,0.051480622073614424,0.05632764448987281,0.6769961021182487,EVC
22,er,unsmoothed,9,0.028694499098359867,0.03365551725089908,0.7266839446778048,EVC
22,er,unsmoothed,10,0.033182468833295925,0.03712609063492921,0.7822222152757399,EVC
22,er,sm_2_vox,1,0.15912036181104522,0.1869151263437174,0.8453796988304277,EVC
22,er,sm_2_vox,2,0.14878068331926003,0.1632514385507803,0.8284647874064758,EVC
22,er,sm_2_vox,3,0.1654431076982889,0.18406059037253852,0.784182421897072,EVC
22,er,sm_2_vox,4,0.12916574480107812,0.14172399680385256,0.7566381898202099,EVC
22,er,sm_2_vox,5,0.11214105415596218,0.12868082507649367,0.7192274591284472,EVC
22,er,sm_2_vox,6,0.12168502552488047,0.14348156521596697,0.764971427200674,EVC
22,er,sm_2_vox,7,0.15743709010548104,0.18265626621023737,0.7764510025247203,EVC
22,er,sm_2_vox,8,0.13250663757344028,0.15708756529421616,0.7717356524240182,EVC
22,er,sm_2_vox,9,0.12635655843283655,0.15712735416747137,0.8110664029833761,EVC
22,er,sm_2_vox,10,0.18986673623372405,0.20172957083569834,0.7812540084428137,EVC
22,sus,unsmoothed,1,0.12876125463242627,0.1747267885074897,0.9131268480759114,EVC
22,sus,unsmoothed,2,0.13799315785571567,0.1811504622198357,0.8961780237839645,EVC
22,sus,unsmoothed,3,0.1265009203920751,0.16901881040572658,0.9100250683880304,EVC
22,sus,unsmoothed,4,0.1629807962519477,0.20653689045383056,0.9172783756854981,EVC
22,sus,unsmoothed,5,0.154307387563056,0.19148418875664774,0.9092233888233847,EVC
22,sus,unsmoothed,6,0.1444713355933275,0.19368088737390174,0.893456909644166,EVC
22,sus,unsmoothed,7,0.14655417405577592,0.18645893268004018,0.8973685556328849,EVC
22,sus,unsmoothed,8,0.13219853238179646,0.1760082845849485,0.9103117208090895,EVC
22,sus,unsmoothed,9,0.1309481706789739,0.1710751060308037,0.9329656501371233,EVC
22,sus,unsmoothed,10,0.129987023241025,0.17487128225950085,0.888123724795602,EVC
22,sus,sm_2_vox,1,0.28855850756238655,0.2861454446563873,0.902020332147381,EVC
22,sus,sm_2_vox,2,0.26530212129620484,0.29416243618441457,0.9129377343207753,EVC
22,sus,sm_2_vox,3,0.2556700544999961,0.2771679356811,0.9277601340979215,EVC
22,sus,sm_2_vox,4,0.33437472272363833,0.3569482860125765,0.951663047534399,EVC
22,sus,sm_2_vox,5,0.31016280302149063,0.3244449772454482,0.9102644210068216,EVC
22,sus,sm_2_vox,6,0.31499512390993256,0.3316170084475783,0.9108032738054956,EVC
22,sus,sm_2_vox,7,0.25779710527881305,0.29228671126173866,0.9032393618459846,EVC
22,sus,sm_2_vox,8,0.22110625377790083,0.2784403816758376,0.9215326014976113,EVC
22,sus,sm_2_vox,9,0.22628815753532,0.2614331304249763,0.9100040023861181,EVC
22,sus,sm_2_vox,10,0.26324924950890904,0.28605323527986976,0.9126363483672117,EVC
22,miniblock,unsmoothed,1,0.16431108132819205,0.20750338064045334,0.9323195920871623,EVC
22,miniblock,unsmoothed,2,0.16857199990465355,0.21384940003189043,0.9006238391212739,EVC
22,miniblock,unsmoothed,3,0.1155946459720906,0.15899401542658217,0.8820958447493228,EVC
22,miniblock,unsmoothed,4,0.14638141889715414,0.19038767763561612,0.8965658218657198,EVC
22,miniblock,unsmoothed,5,0.13901789115800434,0.18679613808667334,0.8860042351427049,EVC
22,miniblock,unsmoothed,6,0.13562776658824632,0.18471658432698534,0.8973936498644961,EVC
22,miniblock,unsmoothed,7,0.14119127808483378,0.18947808560439985,0.8912322587103847,EVC
22,miniblock,unsmoothed,8,0.1420597841487189,0.18677582485626726,0.9214220329744446,EVC
22,miniblock,unsmoothed,9,0.14621594872833926,0.19012409446443573,0.8808450436754864,EVC
22,miniblock,unsmoothed,10,0.1652616833737865,0.21263374792969442,0.9097693705934837,EVC
22,miniblock,sm_2_vox,1,0.3919885838787185,0.4007692674582458,0.9400409934069571,EVC
22,miniblock,sm_2_vox,2,0.41571378812974763,0.4171872939158073,0.9337588097164813,EVC
22,miniblock,sm_2_vox,3,0.3351804793205313,0.3583115875316395,0.9387097637981319,EVC
22,miniblock,sm_2_vox,4,0.38305822276057094,0.39094690639934115,0.9120313482542608,EVC
22,miniblock,sm_2_vox,5,0.35065839868799786,0.3655805924212664,0.9133805013974299,EVC
22,miniblock,sm_2_vox,6,0.3972231605027625,0.393083136054269,0.9185684563987401,EVC
22,miniblock,sm_2_vox,7,0.36012826441940904,0.38484239861987596,0.927360368646115,EVC
22,miniblock,sm_2_vox,8,0.3513468673955005,0.3683339503089325,0.9371388172899667,EVC
22,miniblock,sm_2_vox,9,0.39394984219161533,0.39818252268670995,0.9050961948536476,EVC
22,miniblock,sm_2_vox,10,0.4117544634645282,0.4149363496432976,0.9417571016553781,EVC
