subject,runtype,smoothing,median_rel,mean_rel,ROI,run
01,miniblock,unsmoothed,0.06665678957500788,0.07102089211831476,visually_responsive_voxels,1
01,miniblock,unsmoothed,0.05907504761021537,0.06432086805971153,visually_responsive_voxels,2
01,miniblock,unsmoothed,0.02731298886374111,0.03293119659297386,visually_responsive_voxels,3
01,miniblock,sm_2_vox,0.07047528378829121,0.08963257703028774,visually_responsive_voxels,1
01,miniblock,sm_2_vox,0.0829265680374443,0.10450192294935053,visually_responsive_voxels,2
01,miniblock,sm_2_vox,0.054467202904486006,0.07577568919311041,visually_responsive_voxels,3
01,sus,unsmoothed,0.03386016643985483,0.03701491934267059,visually_responsive_voxels,1
01,sus,unsmoothed,0.04426730585527985,0.05075335048148075,visually_responsive_voxels,2
01,sus,unsmoothed,0.024421748844064867,0.028152450458391896,visually_responsive_voxels,3
01,sus,sm_2_vox,0.06155612879916233,0.06894912536028422,visually_responsive_voxels,1
01,sus,sm_2_vox,0.08608954497674925,0.10124520704479398,visually_responsive_voxels,2
01,sus,sm_2_vox,0.05934551458191348,0.0688658530821879,visually_responsive_voxels,3
01,er,unsmoothed,0.00029188266713109715,0.0020516195442665357,visually_responsive_voxels,1
01,er,unsmoothed,-0.010933581247702027,-0.011525367768588889,visually_responsive_voxels,2
01,er,unsmoothed,-0.021916098864737305,-0.021253555541604272,visually_responsive_voxels,3
01,er,sm_2_vox,0.025736692428870667,0.027191136846424015,visually_responsive_voxels,1
01,er,sm_2_vox,-0.0048749989101274935,-0.00553072195508333,visually_responsive_voxels,2
01,er,sm_2_vox,0.002297007469571356,0.00657106765804143,visually_responsive_voxels,3
01,miniblock,unsmoothed,0.11832568994512765,0.12229694794733928,FFA,1
01,miniblock,unsmoothed,0.13738915606114074,0.128371919806487,FFA,2
01,miniblock,unsmoothed,0.17191717337047058,0.14248675753354034,FFA,3
01,miniblock,sm_2_vox,0.3086172908942817,0.3063155479857397,FFA,1
01,miniblock,sm_2_vox,0.3207988669470069,0.29230091504156686,FFA,2
01,miniblock,sm_2_vox,0.31799556989648986,0.30770779119742697,FFA,3
01,sus,unsmoothed,0.10153724496973893,0.09795950121121538,FFA,1
01,sus,unsmoothed,0.11248545771420916,0.13306040451391796,FFA,2
01,sus,unsmoothed,0.08147705093662996,0.09179910064755238,FFA,3
01,sus,sm_2_vox,0.25020363488468944,0.22741413420231907,FFA,1
01,sus,sm_2_vox,0.32034792006133933,0.2792991761426997,FFA,2
01,sus,sm_2_vox,0.22425171352533038,0.2165953757386382,FFA,3
01,er,unsmoothed,0.03330197778320064,0.04640544755874796,FFA,1
01,er,unsmoothed,-0.025503377790973975,-0.022989212117646998,FFA,2
01,er,unsmoothed,-0.009033734135031182,0.00990837218573713,FFA,3
01,er,sm_2_vox,0.1463555611600981,0.1480557719620107,FFA,1
01,er,sm_2_vox,0.03647666431140778,0.023323278344941183,FFA,2
01,er,sm_2_vox,0.13386978072237815,0.12933645015091533,FFA,3
01,miniblock,unsmoothed,0.04292119021383338,0.03654666231214352,PPA,1
01,miniblock,unsmoothed,0.0451040655577287,0.02894611767377511,PPA,2
01,miniblock,unsmoothed,0.007503535651756682,0.0003409212945382574,PPA,3
01,miniblock,sm_2_vox,0.10367219033815922,0.08936609692954388,PPA,1
01,miniblock,sm_2_vox,0.019845373883302042,0.01507533563305819,PPA,2
01,miniblock,sm_2_vox,0.011947668902853176,0.029278640839936854,PPA,3
01,sus,unsmoothed,0.03142226807413872,0.031347216664806214,PPA,1
01,sus,unsmoothed,0.018371722645318875,0.01149567535733947,PPA,2
01,sus,unsmoothed,0.03770385275394448,0.04818313439579549,PPA,3
01,sus,sm_2_vox,0.10111403291701551,0.1095548282851859,PPA,1
01,sus,sm_2_vox,0.04341938633023836,0.06828925387552064,PPA,2
01,sus,sm_2_vox,0.17624243466734862,0.17381225985883833,PPA,3
01,er,unsmoothed,0.0657639115826243,0.06186964815793382,PPA,1
01,er,unsmoothed,0.011719303531932408,-0.008323906312187514,PPA,2
01,er,unsmoothed,-0.028825133679462805,-0.031850928292148174,PPA,3
01,er,sm_2_vox,0.01181965036826716,0.004064895013103321,PPA,1
01,er,sm_2_vox,-0.09712296908295653,-0.09167260233418598,PPA,2
01,er,sm_2_vox,0.008945390759564603,0.004704062985422156,PPA,3
01,miniblock,unsmoothed,0.10449636645007812,0.11589572977077116,EBA,1
01,miniblock,unsmoothed,0.07740573100209294,0.08797122296816162,EBA,2
01,miniblock,unsmoothed,0.04917214009659771,0.06182699114138178,EBA,3
01,miniblock,sm_2_vox,0.22184197213877416,0.21978208750888048,EBA,1
01,miniblock,sm_2_vox,0.14437459232326333,0.15801841373088174,EBA,2
01,miniblock,sm_2_vox,0.13696700043895438,0.15352548926763424,EBA,3
01,sus,unsmoothed,0.03947497918141496,0.04661048243380744,EBA,1
01,sus,unsmoothed,0.04717506705233091,0.055297941901589744,EBA,2
01,sus,unsmoothed,0.033647158473250824,0.029104354744579803,EBA,3
01,sus,sm_2_vox,0.07273564668624889,0.07411427069879523,EBA,1
01,sus,sm_2_vox,0.12977450703394222,0.14058906992559825,EBA,2
01,sus,sm_2_vox,0.09871154978748639,0.08847939633190204,EBA,3
01,er,unsmoothed,0.0013425960412851642,0.0008591092599237547,EBA,1
01,er,unsmoothed,-0.020938991729003917,-0.01662463671177409,EBA,2
01,er,unsmoothed,-0.007755791272568289,-0.009145409654896706,EBA,3
01,er,sm_2_vox,-0.001894623282457493,-0.001000624156276585,EBA,1
01,er,sm_2_vox,0.05578654400088678,0.051235597312639825,EBA,2
01,er,sm_2_vox,0.020002936797108004,0.019427399571593118,EBA,3
01,miniblock,unsmoothed,0.10817165863094294,0.11685856813294872,EVC,1
01,miniblock,unsmoothed,0.10314282250567922,0.11205481238080583,EVC,2
01,miniblock,unsmoothed,0.05628917790758203,0.0685231047533069,EVC,3
01,miniblock,sm_2_vox,0.1651284913830638,0.17716134992619437,EVC,1
01,miniblock,sm_2_vox,0.1605466471095348,0.1897720037524582,EVC,2
01,miniblock,sm_2_vox,0.1339472723735849,0.18041384205471717,EVC,3
01,sus,unsmoothed,0.07420032087038908,0.08046590392495433,EVC,1
01,sus,unsmoothed,0.06364929650662335,0.08180611225771227,EVC,2
01,sus,unsmoothed,0.05550733445069765,0.06469402112695673,EVC,3
01,sus,sm_2_vox,0.1298058384473017,0.15891013968797973,EVC,1
01,sus,sm_2_vox,0.13943807071200404,0.1723762292915177,EVC,2
01,sus,sm_2_vox,0.11190068147553253,0.1226618034985947,EVC,3
01,er,unsmoothed,-0.004332225536468368,-0.0013472747780320208,EVC,1
01,er,unsmoothed,-0.0026711852544558266,-0.0043111479508542525,EVC,2
01,er,unsmoothed,-0.017352712423936587,-0.014437547258462661,EVC,3
01,er,sm_2_vox,0.016107715511413566,0.017798777620893606,EVC,1
01,er,sm_2_vox,0.01874129432344037,0.020498519728078257,EVC,2
01,er,sm_2_vox,0.019179702992537594,0.022577843265080284,EVC,3
02,miniblock,unsmoothed,0.09089071910442043,0.09568916520336704,visually_responsive_voxels,1
02,miniblock,unsmoothed,0.016502119336182702,0.020580611492867558,visually_responsive_voxels,2
02,miniblock,unsmoothed,0.06238358275100659,0.06151987258736921,visually_responsive_voxels,3
02,miniblock,sm_2_vox,0.04729127981806503,0.07209886559501552,visually_responsive_voxels,1
02,miniblock,sm_2_vox,0.061885492181157006,0.08216070715264748,visually_responsive_voxels,2
02,miniblock,sm_2_vox,0.05185485781679741,0.05997328499449972,visually_responsive_voxels,3
02,sus,unsmoothed,0.033079437640974624,0.044643563129188546,visually_responsive_voxels,1
02,sus,unsmoothed,0.05265568821462517,0.05344817628606797,visually_responsive_voxels,2
02,sus,unsmoothed,0.010611269920667458,0.01993418851135004,visually_responsive_voxels,3
02,sus,sm_2_vox,0.04578690375313664,0.0804802841141528,visually_responsive_voxels,1
02,sus,sm_2_vox,0.07736824842356468,0.0889848201883421,visually_responsive_voxels,2
02,sus,sm_2_vox,0.07509624477270929,0.08086608545084717,visually_responsive_voxels,3
02,er,unsmoothed,0.014719653827890623,0.014648946129098952,visually_responsive_voxels,1
02,er,unsmoothed,0.02599033745498857,0.025885681989942077,visually_responsive_voxels,2
02,er,unsmoothed,0.00423118574479224,0.003976914787851158,visually_responsive_voxels,3
02,er,sm_2_vox,0.04820766861532661,0.048432493923044294,visually_responsive_voxels,1
02,er,sm_2_vox,0.01932286073613517,0.024062734119368316,visually_responsive_voxels,2
02,er,sm_2_vox,0.06969101517260826,0.06890181891992478,visually_responsive_voxels,3
02,miniblock,unsmoothed,0.21964304075222515,0.21458379340121717,FFA,1
02,miniblock,unsmoothed,0.05294451564549067,0.04866931314630135,FFA,2
02,miniblock,unsmoothed,0.10949232077802101,0.0912532420836405,FFA,3
02,miniblock,sm_2_vox,0.47098196496520106,0.4208778466458726,FFA,1
02,miniblock,sm_2_vox,0.34055382240451065,0.3270365156955198,FFA,2
02,miniblock,sm_2_vox,0.3366368528521335,0.3094107953209446,FFA,3
02,sus,unsmoothed,0.1645761417415208,0.17892959325142,FFA,1
02,sus,unsmoothed,0.08259025493978603,0.0764134854627219,FFA,2
02,sus,unsmoothed,0.030968702543791284,0.05405606469499047,FFA,3
02,sus,sm_2_vox,0.4524431335634421,0.41198768499106736,FFA,1
02,sus,sm_2_vox,0.3577437038333653,0.34331883600670493,FFA,2
02,sus,sm_2_vox,0.33699554856337316,0.3179478344185641,FFA,3
02,er,unsmoothed,0.0367315122011108,0.028558061906016594,FFA,1
02,er,unsmoothed,0.079058429457627,0.06516265800315829,FFA,2
02,er,unsmoothed,0.04987500845150222,0.05925270015906152,FFA,3
02,er,sm_2_vox,0.17248313101215523,0.15419610475284823,FFA,1
02,er,sm_2_vox,0.19259694102978558,0.19629476006732072,FFA,2
02,er,sm_2_vox,0.148600127682437,0.16364837910221244,FFA,3
02,miniblock,unsmoothed,0.17185151560637968,0.15035740273950451,PPA,1
02,miniblock,unsmoothed,0.09340787694860908,0.0751981696764615,PPA,2
02,miniblock,unsmoothed,0.05826770358651531,0.08873185611624612,PPA,3
02,miniblock,sm_2_vox,0.32300788150697946,0.3058002192117549,PPA,1
02,miniblock,sm_2_vox,0.34569932818435184,0.3038211257654073,PPA,2
02,miniblock,sm_2_vox,0.30149762780751566,0.3029154618108925,PPA,3
02,sus,unsmoothed,0.10728240405693971,0.12155269345951152,PPA,1
02,sus,unsmoothed,0.08227996220806484,0.05711784764841383,PPA,2
02,sus,unsmoothed,0.056556769753820846,0.07602312101640511,PPA,3
02,sus,sm_2_vox,0.31650284080537255,0.31960165192937706,PPA,1
02,sus,sm_2_vox,0.14692425289470967,0.14576609009512403,PPA,2
02,sus,sm_2_vox,0.24011757024156033,0.20537806011599863,PPA,3
02,er,unsmoothed,0.035788533083988015,0.032580953406137585,PPA,1
02,er,unsmoothed,-0.031016478000854348,-0.021187425957785885,PPA,2
02,er,unsmoothed,0.047553929884701786,0.03236179531555579,PPA,3
02,er,sm_2_vox,0.010436111683489832,0.008125502344322726,PPA,1
02,er,sm_2_vox,-0.04883522409971812,-0.05058104472564339,PPA,2
02,er,sm_2_vox,0.06377316847480027,0.055581174791409706,PPA,3
02,miniblock,unsmoothed,0.15654113440414613,0.15695506480501806,EBA,1
02,miniblock,unsmoothed,0.0775079388565049,0.08063830560021998,EBA,2
02,miniblock,unsmoothed,0.07744310593967127,0.07716562882455517,EBA,3
02,miniblock,sm_2_vox,0.25357019491880545,0.2543838397225423,EBA,1
02,miniblock,sm_2_vox,0.2524661208268171,0.2560029538593702,EBA,2
02,miniblock,sm_2_vox,0.20931287673234084,0.21085497478592835,EBA,3
02,sus,unsmoothed,0.10238300455585882,0.12052270055669395,EBA,1
02,sus,unsmoothed,0.0763143658593459,0.07643155857514523,EBA,2
02,sus,unsmoothed,0.008768331506190611,0.023476963115088147,EBA,3
02,sus,sm_2_vox,0.23644258646324842,0.26640648685273643,EBA,1
02,sus,sm_2_vox,0.19427716884963211,0.20667628422469464,EBA,2
02,sus,sm_2_vox,0.11048598749700043,0.12688048972682006,EBA,3
02,er,unsmoothed,0.015679480942172645,0.011507718048253778,EBA,1
02,er,unsmoothed,0.008278811334245788,0.009370780628221907,EBA,2
02,er,unsmoothed,0.037879276045845144,0.03786601914276912,EBA,3
02,er,sm_2_vox,0.11099087073624338,0.09924213265468995,EBA,1
02,er,sm_2_vox,0.01217166176082538,0.01870210138026984,EBA,2
02,er,sm_2_vox,0.14770733899061383,0.1451118889694333,EBA,3
02,miniblock,unsmoothed,0.13987015889300639,0.14827784506750752,EVC,1
02,miniblock,unsmoothed,0.041013192435954665,0.05013627447311021,EVC,2
02,miniblock,unsmoothed,0.08644023321922971,0.08283698101878212,EVC,3
02,miniblock,sm_2_vox,0.13630905433085913,0.17594271721664398,EVC,1
02,miniblock,sm_2_vox,0.13228830805313485,0.15968960486145642,EVC,2
02,miniblock,sm_2_vox,0.16438202251265827,0.17355458883476307,EVC,3
02,sus,unsmoothed,0.06765178778855038,0.09062951773179248,EVC,1
02,sus,unsmoothed,0.08520425079927516,0.09439008859513082,EVC,2
02,sus,unsmoothed,0.05885488652148618,0.06770732268103902,EVC,3
02,sus,sm_2_vox,0.1257428420507354,0.17763187426659785,EVC,1
02,sus,sm_2_vox,0.10930755338979167,0.14887617292401722,EVC,2
02,sus,sm_2_vox,0.10128178346303507,0.12285066766499127,EVC,3
02,er,unsmoothed,0.06712165110270488,0.06147347747655081,EVC,1
02,er,unsmoothed,0.05671452932945176,0.05495049905723305,EVC,2
02,er,unsmoothed,0.02648575747327242,0.024967626714168453,EVC,3
02,er,sm_2_vox,0.15108885140993436,0.141115181205159,EVC,1
02,er,sm_2_vox,0.10123468822666591,0.10666645037382458,EVC,2
02,er,sm_2_vox,0.054626750296836876,0.05423765991708974,EVC,3
03,miniblock,unsmoothed,0.019497719677913437,0.022232635918571064,visually_responsive_voxels,1
03,miniblock,unsmoothed,-0.025205779546926668,-0.021804877161664966,visually_responsive_voxels,2
03,miniblock,unsmoothed,0.0009040905402917312,0.002190062523079688,visually_responsive_voxels,3
03,miniblock,sm_2_vox,0.0410084749799339,0.048698172078000285,visually_responsive_voxels,1
03,miniblock,sm_2_vox,-0.0030338588233130917,0.004783055375184279,visually_responsive_voxels,2
03,miniblock,sm_2_vox,0.026479827243955555,0.03765498107417485,visually_responsive_voxels,3
03,sus,unsmoothed,0.003957271532029447,0.006997851383458722,visually_responsive_voxels,1
03,sus,unsmoothed,-0.00260183829268466,-0.00276634412565783,visually_responsive_voxels,2
03,sus,unsmoothed,0.005490886906265402,0.005893243110947425,visually_responsive_voxels,3
03,sus,sm_2_vox,0.028059444554255016,0.03282972061046185,visually_responsive_voxels,1
03,sus,sm_2_vox,0.0011507255700041186,0.001795908203579411,visually_responsive_voxels,2
03,sus,sm_2_vox,0.03400699162323412,0.03467790813562919,visually_responsive_voxels,3
03,er,unsmoothed,0.0017578788136268508,0.0009790049061909436,visually_responsive_voxels,1
03,er,unsmoothed,0.04646624301805401,0.043857371787001324,visually_responsive_voxels,2
03,er,unsmoothed,-0.046358289942735324,-0.046439024593911984,visually_responsive_voxels,3
03,er,sm_2_vox,0.004711851934145007,0.006088430979682415,visually_responsive_voxels,1
03,er,sm_2_vox,0.03507449032145541,0.03722181434573051,visually_responsive_voxels,2
03,er,sm_2_vox,-0.01850164098724723,-0.022749171613267467,visually_responsive_voxels,3
03,miniblock,unsmoothed,0.02192960383727147,0.02437218507818515,FFA,1
03,miniblock,unsmoothed,0.030263353526899545,0.03330441541796014,FFA,2
03,miniblock,unsmoothed,0.0284570608016686,0.026905788751240275,FFA,3
03,miniblock,sm_2_vox,0.14037717741295624,0.13194595296681103,FFA,1
03,miniblock,sm_2_vox,0.08579131694343772,0.08974305761988735,FFA,2
03,miniblock,sm_2_vox,0.09709428439087231,0.08227421509303524,FFA,3
03,sus,unsmoothed,0.02515685106831641,0.03760253142479219,FFA,1
03,sus,unsmoothed,-0.019173931188656262,-0.020408829500706955,FFA,2
03,sus,unsmoothed,0.0621729255803161,0.05375497554264529,FFA,3
03,sus,sm_2_vox,0.13758141111582695,0.1421947977082123,FFA,1
03,sus,sm_2_vox,0.05879173471452996,0.05557174710850493,FFA,2
03,sus,sm_2_vox,0.15072546314298602,0.1478926148061626,FFA,3
03,er,unsmoothed,0.023796930646456854,0.0270848304734073,FFA,1
03,er,unsmoothed,0.040603457034303896,0.05051410437934906,FFA,2
03,er,unsmoothed,-0.01799751622445578,-0.0156872969522454,FFA,3
03,er,sm_2_vox,0.18583067935755393,0.1656751310370679,FFA,1
03,er,sm_2_vox,0.1269678592331883,0.12817977418042875,FFA,2
03,er,sm_2_vox,0.08759731310211732,0.08227659967787636,FFA,3
03,miniblock,unsmoothed,0.07193954091493168,0.07779228472528965,PPA,1
03,miniblock,unsmoothed,0.00729645747528912,0.01647538494409587,PPA,2
03,miniblock,unsmoothed,0.031275121883224635,0.0317083590869172,PPA,3
03,miniblock,sm_2_vox,0.1735986475329305,0.1637362921374334,PPA,1
03,miniblock,sm_2_vox,0.12094655907634536,0.10538571021950609,PPA,2
03,miniblock,sm_2_vox,0.0899006502190354,0.09028905364391553,PPA,3
03,sus,unsmoothed,0.01156309799382834,0.013431920425982409,PPA,1
03,sus,unsmoothed,-0.004048585867720719,-0.0001519656673911494,PPA,2
03,sus,unsmoothed,0.007027908860241808,0.008294729867074373,PPA,3
03,sus,sm_2_vox,0.0013619338277270979,0.0046549102509402755,PPA,1
03,sus,sm_2_vox,0.021198273693448164,0.014922963555397017,PPA,2
03,sus,sm_2_vox,0.052090152310465064,0.05957595648315458,PPA,3
03,er,unsmoothed,0.03312309018718768,0.03298904995208252,PPA,1
03,er,unsmoothed,0.026094427221873037,0.011931298949202562,PPA,2
03,er,unsmoothed,-0.0011756676714200038,0.0007491229883442338,PPA,3
03,er,sm_2_vox,0.04685307612218646,0.0419160705859361,PPA,1
03,er,sm_2_vox,0.04240097851144213,0.0390183572311302,PPA,2
03,er,sm_2_vox,0.02172856273120838,0.01537572918616452,PPA,3
03,miniblock,unsmoothed,-0.00806059970095628,-0.010447314392161863,EBA,1
03,miniblock,unsmoothed,0.006069469429945934,0.005661234240147753,EBA,2
03,miniblock,unsmoothed,-0.0016521543095758262,-0.004984090804269925,EBA,3
03,miniblock,sm_2_vox,0.08161464415950068,0.08904178925402667,EBA,1
03,miniblock,sm_2_vox,0.04227726115455048,0.04211779397554469,EBA,2
03,miniblock,sm_2_vox,0.013651941640084932,0.01419274283093512,EBA,3
03,sus,unsmoothed,0.004713956647588932,0.002746379922866557,EBA,1
03,sus,unsmoothed,-0.03996940834080456,-0.03431758829619154,EBA,2
03,sus,unsmoothed,0.02757827669136625,0.020911473404586562,EBA,3
03,sus,sm_2_vox,0.013751039746727102,0.019243651001084505,EBA,1
03,sus,sm_2_vox,0.03231893583080174,0.02697200857036909,EBA,2
03,sus,sm_2_vox,0.10563488577634625,0.08335739602454756,EBA,3
03,er,unsmoothed,0.01959246887338556,0.014531139684435226,EBA,1
03,er,unsmoothed,0.05283649512966066,0.048587075949832984,EBA,2
03,er,unsmoothed,-0.02419408454528213,-0.025156496373610233,EBA,3
03,er,sm_2_vox,0.06499893472599066,0.0584799341230444,EBA,1
03,er,sm_2_vox,0.036487665570309705,0.036690239539238154,EBA,2
03,er,sm_2_vox,0.010376448455032238,0.00890435226212567,EBA,3
03,miniblock,unsmoothed,0.04374254404346448,0.04992119840750949,EVC,1
03,miniblock,unsmoothed,-0.007002469055916033,-0.004745211521552457,EVC,2
03,miniblock,unsmoothed,0.03345714566449174,0.03629072201097512,EVC,3
03,miniblock,sm_2_vox,0.1097359886197146,0.12242070879887876,EVC,1
03,miniblock,sm_2_vox,0.07099213382596742,0.07928513483972324,EVC,2
03,miniblock,sm_2_vox,0.09455460119097203,0.11919661912295541,EVC,3
03,sus,unsmoothed,0.024818177605730265,0.029988286797764524,EVC,1
03,sus,unsmoothed,0.010623358939898825,0.012909591702275056,EVC,2
03,sus,unsmoothed,0.03509320452956556,0.03683575998572821,EVC,3
03,sus,sm_2_vox,0.077766313919718,0.08382892941962031,EVC,1
03,sus,sm_2_vox,0.046566803767107985,0.05012694497112416,EVC,2
03,sus,sm_2_vox,0.12348235342570632,0.12309954807716413,EVC,3
03,er,unsmoothed,0.011160646287558133,0.00837947615300554,EVC,1
03,er,unsmoothed,0.0467772643101809,0.043577856910408316,EVC,2
03,er,unsmoothed,-0.04179235212991256,-0.04145539359098143,EVC,3
03,er,sm_2_vox,0.051348218373247705,0.04629369437044607,EVC,1
03,er,sm_2_vox,0.060187678072594224,0.05786266895688554,EVC,2
03,er,sm_2_vox,0.0005050887224796463,0.0027195731465569847,EVC,3
04,miniblock,unsmoothed,0.031599702716074825,0.03512189360795621,visually_responsive_voxels,1
04,miniblock,unsmoothed,0.024492022801231566,0.024754954400433373,visually_responsive_voxels,2
04,miniblock,unsmoothed,0.014377556449184141,0.015785573888761666,visually_responsive_voxels,3
04,miniblock,sm_2_vox,0.0661425139042211,0.07341518953709518,visually_responsive_voxels,1
04,miniblock,sm_2_vox,0.04950067938362617,0.050249543082888565,visually_responsive_voxels,2
04,miniblock,sm_2_vox,0.021702788965510953,0.02096824922135263,visually_responsive_voxels,3
04,sus,unsmoothed,-0.0016998006941688036,-0.001465246956567701,visually_responsive_voxels,1
04,sus,unsmoothed,0.00529041642838597,0.00576635005551856,visually_responsive_voxels,2
04,sus,unsmoothed,-0.009928755688385998,-0.010233782847462208,visually_responsive_voxels,3
04,sus,sm_2_vox,-0.01972713931334564,-0.016635606093992006,visually_responsive_voxels,1
04,sus,sm_2_vox,0.0444500848888372,0.04645708580700699,visually_responsive_voxels,2
04,sus,sm_2_vox,-0.04391348380389443,-0.03994725446486978,visually_responsive_voxels,3
04,er,unsmoothed,-0.001480566500279062,-0.00037880663750489006,visually_responsive_voxels,1
04,er,unsmoothed,0.00814006091328972,0.007936996607839267,visually_responsive_voxels,2
04,er,unsmoothed,0.011734976031321401,0.011500502621308277,visually_responsive_voxels,3
04,er,sm_2_vox,0.006820204826515325,0.010327931909856331,visually_responsive_voxels,1
04,er,sm_2_vox,0.009783210725545118,0.010458752996682131,visually_responsive_voxels,2
04,er,sm_2_vox,-0.003054497943264966,-0.0026139926782131552,visually_responsive_voxels,3
04,miniblock,unsmoothed,0.09343868087037782,0.09447524037671313,FFA,1
04,miniblock,unsmoothed,0.05486071634455543,0.06374002263281023,FFA,2
04,miniblock,unsmoothed,0.04984696318928415,0.05349987760755028,FFA,3
04,miniblock,sm_2_vox,0.25636588639761815,0.2300354109441955,FFA,1
04,miniblock,sm_2_vox,0.2341185594535817,0.21779710071857739,FFA,2
04,miniblock,sm_2_vox,0.12481640813061277,0.11692436106713042,FFA,3
04,sus,unsmoothed,0.07457089659453983,0.08472400924151133,FFA,1
04,sus,unsmoothed,0.05884043117808186,0.058730544041593453,FFA,2
04,sus,unsmoothed,0.06993697892394932,0.06662827349400269,FFA,3
04,sus,sm_2_vox,0.26743564820717336,0.2531089761199092,FFA,1
04,sus,sm_2_vox,0.24296234492748797,0.24873557416075004,FFA,2
04,sus,sm_2_vox,0.12180164918942021,0.1068534186373265,FFA,3
04,er,unsmoothed,0.04921331461063641,0.03157286670236673,FFA,1
04,er,unsmoothed,0.0004859274298507441,0.0009799763930394148,FFA,2
04,er,unsmoothed,0.01830835768985853,0.0047232639412259254,FFA,3
04,er,sm_2_vox,0.15137104531016815,0.14890004554960865,FFA,1
04,er,sm_2_vox,0.04792766083810929,0.04622801193971238,FFA,2
04,er,sm_2_vox,0.021720899195510145,0.03162797636022178,FFA,3
04,miniblock,unsmoothed,0.07784751001519787,0.05515714160932111,PPA,1
04,miniblock,unsmoothed,0.06919327954517757,0.06396883262080441,PPA,2
04,miniblock,unsmoothed,0.026526525141215958,0.026444019380641254,PPA,3
04,miniblock,sm_2_vox,0.16810733290017466,0.17076229557164768,PPA,1
04,miniblock,sm_2_vox,0.15894073194232416,0.13423715783139856,PPA,2
04,miniblock,sm_2_vox,0.05829874982414431,0.07824216274377976,PPA,3
04,sus,unsmoothed,-0.024118473618246795,-0.024600899270035333,PPA,1
04,sus,unsmoothed,0.0430821185612288,0.043557948274694946,PPA,2
04,sus,unsmoothed,-0.0038561566640137393,-0.012272765736609322,PPA,3
04,sus,sm_2_vox,-0.024757885651119617,-0.05558703191406375,PPA,1
04,sus,sm_2_vox,0.1471472603195168,0.1258377898949098,PPA,2
04,sus,sm_2_vox,-0.04597767198357447,-0.03064387823596774,PPA,3
04,er,unsmoothed,0.024772237459089352,0.03743940279650592,PPA,1
04,er,unsmoothed,0.030897512770527144,0.03119482886022433,PPA,2
04,er,unsmoothed,-0.0053439594972674725,0.01619281946893189,PPA,3
04,er,sm_2_vox,0.03200223207351163,0.037634904173536474,PPA,1
04,er,sm_2_vox,-0.018582287958722216,-0.013678339497915859,PPA,2
04,er,sm_2_vox,0.050371551853807546,0.012395925468752289,PPA,3
04,miniblock,unsmoothed,0.05114418780090831,0.058942273802045426,EBA,1
04,miniblock,unsmoothed,0.058546345920712395,0.05451849228256706,EBA,2
04,miniblock,unsmoothed,0.05335373571541327,0.05031578655370482,EBA,3
04,miniblock,sm_2_vox,0.13460717310414583,0.14484923226468596,EBA,1
04,miniblock,sm_2_vox,0.0677921800959019,0.07914575160375283,EBA,2
04,miniblock,sm_2_vox,0.05499274169247217,0.057317896233558104,EBA,3
04,sus,unsmoothed,0.010635600426101621,0.016201091190896803,EBA,1
04,sus,unsmoothed,0.05783374827167607,0.05363263001626617,EBA,2
04,sus,unsmoothed,0.022659047648281888,0.021610863423213496,EBA,3
04,sus,sm_2_vox,-0.025939280892627273,-0.0051911809224349,EBA,1
04,sus,sm_2_vox,0.10692025779988606,0.11268797116820314,EBA,2
04,sus,sm_2_vox,0.04045239290026258,0.029869410044706696,EBA,3
04,er,unsmoothed,0.008783758831067873,0.009587329654815142,EBA,1
04,er,unsmoothed,0.012044137777589744,0.012892411272869782,EBA,2
04,er,unsmoothed,0.0026604039178959454,0.010729400961690765,EBA,3
04,er,sm_2_vox,0.089197914323343,0.0876599210740946,EBA,1
04,er,sm_2_vox,-0.00692060315920362,-0.015208499658257657,EBA,2
04,er,sm_2_vox,-0.01426718247721051,-0.013133620444649777,EBA,3
04,miniblock,unsmoothed,0.05071617105199771,0.05776309409872289,EVC,1
04,miniblock,unsmoothed,0.03863159918572502,0.03918633551913502,EVC,2
04,miniblock,unsmoothed,0.044678910475262484,0.05007476094596614,EVC,3
04,miniblock,sm_2_vox,0.1321186356085149,0.13625208986314288,EVC,1
04,miniblock,sm_2_vox,0.07753380849056384,0.07637386390417011,EVC,2
04,miniblock,sm_2_vox,0.07010028089481027,0.07443532187234296,EVC,3
04,sus,unsmoothed,0.012200823354546043,0.011629243280793237,EVC,1
04,sus,unsmoothed,0.014593686482238867,0.016115635436556766,EVC,2
04,sus,unsmoothed,-0.015632503830569473,-0.01486074338524018,EVC,3
04,sus,sm_2_vox,0.015088015379556417,0.01376823725062743,EVC,1
04,sus,sm_2_vox,0.04709750124249423,0.05433480660927741,EVC,2
04,sus,sm_2_vox,-0.07659521063737046,-0.06751284273050202,EVC,3
04,er,unsmoothed,0.010834994259249081,0.010424488394224229,EVC,1
04,er,unsmoothed,0.010952798284598803,0.011992856913532175,EVC,2
04,er,unsmoothed,0.013230874941004202,0.01053987391408592,EVC,3
04,er,sm_2_vox,0.004336250276347264,0.002830269130581073,EVC,1
04,er,sm_2_vox,0.030887257799882585,0.02723901750771175,EVC,2
04,er,sm_2_vox,0.003908078523674741,0.0008620271838977058,EVC,3
05,miniblock,unsmoothed,0.023833699166818212,0.0257562877228038,visually_responsive_voxels,1
05,miniblock,unsmoothed,0.053767810499647545,0.05211931787994274,visually_responsive_voxels,2
05,miniblock,unsmoothed,0.030550703751192197,0.03403923640527415,visually_responsive_voxels,3
05,miniblock,sm_2_vox,0.05138825751125867,0.0592549627644173,visually_responsive_voxels,1
05,miniblock,sm_2_vox,0.06436191000639152,0.06990619040796897,visually_responsive_voxels,2
05,miniblock,sm_2_vox,0.010508288183152296,0.02815123414968907,visually_responsive_voxels,3
05,sus,unsmoothed,0.017534990102436837,0.020031199783384437,visually_responsive_voxels,1
05,sus,unsmoothed,0.03916311269493316,0.04181839858349332,visually_responsive_voxels,2
05,sus,unsmoothed,0.02132099606433653,0.02720824936161129,visually_responsive_voxels,3
05,sus,sm_2_vox,0.02413276367885718,0.026248831540849903,visually_responsive_voxels,1
05,sus,sm_2_vox,0.04547305084157405,0.04891596985476283,visually_responsive_voxels,2
05,sus,sm_2_vox,0.03942840222721468,0.05608757583075558,visually_responsive_voxels,3
05,er,unsmoothed,0.0010977371247770547,-0.00010156772618465107,visually_responsive_voxels,1
05,er,unsmoothed,-0.03573834202814981,-0.034612235503020235,visually_responsive_voxels,2
05,er,unsmoothed,0.025085474530110726,0.023052718197587464,visually_responsive_voxels,3
05,er,sm_2_vox,0.03673901093172427,0.035499939378546286,visually_responsive_voxels,1
05,er,sm_2_vox,-0.06215070968861628,-0.05807079543789537,visually_responsive_voxels,2
05,er,sm_2_vox,0.04815247657671034,0.04575759225752562,visually_responsive_voxels,3
05,miniblock,unsmoothed,0.11447772629823794,0.10719959073077258,FFA,1
05,miniblock,unsmoothed,0.09635167918763665,0.10321095389250626,FFA,2
05,miniblock,unsmoothed,0.13892173021923945,0.135316743258218,FFA,3
05,miniblock,sm_2_vox,0.29987778085059735,0.29263783404676114,FFA,1
05,miniblock,sm_2_vox,0.2608779259226036,0.2552285133367361,FFA,2
05,miniblock,sm_2_vox,0.3478379242864741,0.3220804708872431,FFA,3
05,sus,unsmoothed,0.09753186237445094,0.1029893739569765,FFA,1
05,sus,unsmoothed,0.07904778397847709,0.08628684263062802,FFA,2
05,sus,unsmoothed,0.1201557555532977,0.14054415780853668,FFA,3
05,sus,sm_2_vox,0.25484654950425295,0.2397895606210498,FFA,1
05,sus,sm_2_vox,0.16035782020482403,0.1647912091013323,FFA,2
05,sus,sm_2_vox,0.2915885035791105,0.2737731521773294,FFA,3
05,er,unsmoothed,0.029807019336434523,0.03574858715989823,FFA,1
05,er,unsmoothed,0.02478118547348015,0.02058044643536423,FFA,2
05,er,unsmoothed,0.0357630919485717,0.045204982627931496,FFA,3
05,er,sm_2_vox,0.17071551830704057,0.15699476773641127,FFA,1
05,er,sm_2_vox,0.0551859308459661,0.05728872011606771,FFA,2
05,er,sm_2_vox,0.11892738239530322,0.11143969516085815,FFA,3
05,miniblock,unsmoothed,0.08874355051485494,0.0927381571647451,PPA,1
05,miniblock,unsmoothed,0.08388502071364537,0.07505001456898994,PPA,2
05,miniblock,unsmoothed,0.07549102236619198,0.07492190708715024,PPA,3
05,miniblock,sm_2_vox,0.14225417147920943,0.14097081936843953,PPA,1
05,miniblock,sm_2_vox,0.1182899635320746,0.1296838548010195,PPA,2
05,miniblock,sm_2_vox,0.22722547268272153,0.21268949277169416,PPA,3
05,sus,unsmoothed,0.030804827834490615,0.023302284236808645,PPA,1
05,sus,unsmoothed,0.043904636286119826,0.030341272141524052,PPA,2
05,sus,unsmoothed,0.056384564827355266,0.060386993373453685,PPA,3
05,sus,sm_2_vox,0.03934327177648572,0.03580990560582649,PPA,1
05,sus,sm_2_vox,0.07133203118138476,0.06922044091823769,PPA,2
05,sus,sm_2_vox,0.08379197925694926,0.09886191574118854,PPA,3
05,er,unsmoothed,0.002403458392101168,0.006881418799255827,PPA,1
05,er,unsmoothed,0.011869919155483898,0.005024354631222862,PPA,2
05,er,unsmoothed,0.03362258697743849,0.030642335572126464,PPA,3
05,er,sm_2_vox,0.07871936502613977,0.07230617507076437,PPA,1
05,er,sm_2_vox,-0.02491047742219637,-0.017454588682802787,PPA,2
05,er,sm_2_vox,0.0676644744202764,0.07221733266452968,PPA,3
05,miniblock,unsmoothed,0.04664877952727419,0.05314858998992625,EBA,1
05,miniblock,unsmoothed,0.08184143205077973,0.07328757527439782,EBA,2
05,miniblock,unsmoothed,0.04753450079827387,0.046291946807002514,EBA,3
05,miniblock,sm_2_vox,0.1596985944938728,0.16400850469973852,EBA,1
05,miniblock,sm_2_vox,0.11446344290614992,0.13060366227778453,EBA,2
05,miniblock,sm_2_vox,0.1274447248925245,0.12044589299235643,EBA,3
05,sus,unsmoothed,0.04223399873381593,0.04742734225572936,EBA,1
05,sus,unsmoothed,0.04233745776761996,0.049666488522818006,EBA,2
05,sus,unsmoothed,0.049221352791790664,0.055187042936275736,EBA,3
05,sus,sm_2_vox,0.10051629393683464,0.107980954004774,EBA,1
05,sus,sm_2_vox,0.06896229076652119,0.07380635889182449,EBA,2
05,sus,sm_2_vox,0.09077974251999776,0.11169183573500555,EBA,3
05,er,unsmoothed,0.014630458827225107,0.012585461981379017,EBA,1
05,er,unsmoothed,-0.027607937461492132,-0.03050465448788419,EBA,2
05,er,unsmoothed,0.034692761264741176,0.03894973536672868,EBA,3
05,er,sm_2_vox,0.12845406449844682,0.1205110633206946,EBA,1
05,er,sm_2_vox,-0.0593946929348528,-0.05860528089557825,EBA,2
05,er,sm_2_vox,0.0859999566207871,0.09333800641937019,EBA,3
05,miniblock,unsmoothed,0.05835190888864826,0.06341029177605884,EVC,1
05,miniblock,unsmoothed,0.06493443132213894,0.06606930715843143,EVC,2
05,miniblock,unsmoothed,0.0504399665406186,0.05623231596815647,EVC,3
05,miniblock,sm_2_vox,0.11106868965266775,0.11649049708242175,EVC,1
05,miniblock,sm_2_vox,0.12351566067257293,0.125444926451491,EVC,2
05,miniblock,sm_2_vox,0.06101348583087691,0.08664381676148122,EVC,3
05,sus,unsmoothed,0.05074056957884062,0.05484799333642209,EVC,1
05,sus,unsmoothed,0.06914724284507576,0.0737984456810882,EVC,2
05,sus,unsmoothed,0.07606134399850223,0.08237764015177733,EVC,3
05,sus,sm_2_vox,0.09498189455106038,0.08221556554732229,EVC,1
05,sus,sm_2_vox,0.09319302977202679,0.10207333257805855,EVC,2
05,sus,sm_2_vox,0.1751898505017131,0.18519539938321064,EVC,3
05,er,unsmoothed,-0.0019456856443794135,-0.00718207958269325,EVC,1
05,er,unsmoothed,-0.024398082595965414,-0.022555239049505002,EVC,2
05,er,unsmoothed,0.027931127254037458,0.025001950600782526,EVC,3
05,er,sm_2_vox,0.018428975905834644,0.022997595926666493,EVC,1
05,er,sm_2_vox,-0.03988746716395955,-0.03519271369022852,EVC,2
05,er,sm_2_vox,0.0721833307226807,0.06652414349617584,EVC,3
06,miniblock,unsmoothed,0.017721456911833536,0.02176507802834791,visually_responsive_voxels,1
06,miniblock,unsmoothed,-0.010077221599213506,-0.01112132726595881,visually_responsive_voxels,2
06,miniblock,unsmoothed,0.03218006753913049,0.030392095892987088,visually_responsive_voxels,3
06,miniblock,sm_2_vox,0.06710706748141121,0.07415683246283827,visually_responsive_voxels,1
06,miniblock,sm_2_vox,0.02483489907191907,0.025269519421865796,visually_responsive_voxels,2
06,miniblock,sm_2_vox,0.06710986824673704,0.06370447940284535,visually_responsive_voxels,3
06,sus,unsmoothed,0.028809077612003478,0.030791776676943387,visually_responsive_voxels,1
06,sus,unsmoothed,0.015491807253507038,0.016289151628965312,visually_responsive_voxels,2
06,sus,unsmoothed,0.03332337475828966,0.033932938789858084,visually_responsive_voxels,3
06,sus,sm_2_vox,0.07302298303885804,0.0789051748813853,visually_responsive_voxels,1
06,sus,sm_2_vox,0.03792341317680303,0.03868437814290637,visually_responsive_voxels,2
06,sus,sm_2_vox,0.04553797117018121,0.050657510291724564,visually_responsive_voxels,3
06,er,unsmoothed,0.02155122471939617,0.01971898968527195,visually_responsive_voxels,1
06,er,unsmoothed,0.040460749218341696,0.03922771341035121,visually_responsive_voxels,2
06,er,unsmoothed,0.0009660504723915907,0.0017231059961765316,visually_responsive_voxels,3
06,er,sm_2_vox,0.02456848507714992,0.02710992102215952,visually_responsive_voxels,1
06,er,sm_2_vox,0.013756882063702045,0.015481229457592914,visually_responsive_voxels,2
06,er,sm_2_vox,0.0013023624166100915,0.0021483070044755583,visually_responsive_voxels,3
06,miniblock,unsmoothed,0.035701804545195406,0.05069510257009325,FFA,1
06,miniblock,unsmoothed,0.00720940949568899,0.008235457553492117,FFA,2
06,miniblock,unsmoothed,0.062391200657610696,0.06314824768622289,FFA,3
06,miniblock,sm_2_vox,0.21492304700289575,0.23926794070617505,FFA,1
06,miniblock,sm_2_vox,0.1680788160168643,0.15033280715223238,FFA,2
06,miniblock,sm_2_vox,0.11851809219686768,0.1107629953918932,FFA,3
06,sus,unsmoothed,0.08170488887717495,0.09014423873214514,FFA,1
06,sus,unsmoothed,0.03074213975790137,0.029422993992444066,FFA,2
06,sus,unsmoothed,0.10134953692480367,0.08111498164891477,FFA,3
06,sus,sm_2_vox,0.3248362847777875,0.32477800133607315,FFA,1
06,sus,sm_2_vox,0.1394828293865651,0.1468919798740939,FFA,2
06,sus,sm_2_vox,0.25794545152652276,0.2360360788102072,FFA,3
06,er,unsmoothed,0.03903256429082759,0.02253110909581769,FFA,1
06,er,unsmoothed,0.06473399350708324,0.05248746585086543,FFA,2
06,er,unsmoothed,-0.008744500035823742,-0.007751749543865669,FFA,3
06,er,sm_2_vox,0.08044478039682056,0.090709684230476,FFA,1
06,er,sm_2_vox,0.046978853160824605,0.04846564308888889,FFA,2
06,er,sm_2_vox,0.07016634154081297,0.06442180968463587,FFA,3
06,miniblock,unsmoothed,0.033055413054785945,0.04893572214574352,PPA,1
06,miniblock,unsmoothed,0.007570636869233791,0.011003297001478536,PPA,2
06,miniblock,unsmoothed,0.010186845376762337,0.021700914534529596,PPA,3
06,miniblock,sm_2_vox,0.09311637681029461,0.11098691904193111,PPA,1
06,miniblock,sm_2_vox,0.09586298384414775,0.09414410854502445,PPA,2
06,miniblock,sm_2_vox,0.034269842328126264,0.04022152071409859,PPA,3
06,sus,unsmoothed,0.037193205077769895,0.03393342348322616,PPA,1
06,sus,unsmoothed,0.04953816897593386,0.04237626935185356,PPA,2
06,sus,unsmoothed,0.02927229993443118,0.03299169277580657,PPA,3
06,sus,sm_2_vox,0.1421718832190745,0.132889740186186,PPA,1
06,sus,sm_2_vox,0.09041143387529203,0.08844471076701658,PPA,2
06,sus,sm_2_vox,0.0631880671700632,0.06776476178284695,PPA,3
06,er,unsmoothed,0.01341529782266518,0.009654406434513168,PPA,1
06,er,unsmoothed,-0.012861506611940457,-0.011242821812473094,PPA,2
06,er,unsmoothed,-0.022646113310270246,-0.023262156150911904,PPA,3
06,er,sm_2_vox,0.008920773202190476,0.010634021481721727,PPA,1
06,er,sm_2_vox,-0.06560990244210585,-0.0585564229802399,PPA,2
06,er,sm_2_vox,-0.07071328745010227,-0.06806051189123144,PPA,3
06,miniblock,unsmoothed,0.018400299416588616,0.017182958545862135,EBA,1
06,miniblock,unsmoothed,0.0009975597303900074,-0.0034587422636485816,EBA,2
06,miniblock,unsmoothed,0.027432375243815598,0.028530683279523735,EBA,3
06,miniblock,sm_2_vox,0.07700308821828718,0.09606207233817596,EBA,1
06,miniblock,sm_2_vox,0.06412097032399416,0.053038361823596544,EBA,2
06,miniblock,sm_2_vox,0.05788942712060738,0.054841999477079406,EBA,3
06,sus,unsmoothed,0.03841672449659476,0.043938380555880355,EBA,1
06,sus,unsmoothed,0.0018262029241767203,0.0027382389082035623,EBA,2
06,sus,unsmoothed,0.07512364329460461,0.07109029056283424,EBA,3
06,sus,sm_2_vox,0.10900469722729551,0.10643715387160042,EBA,1
06,sus,sm_2_vox,0.038683406440005674,0.01422197266698676,EBA,2
06,sus,sm_2_vox,0.21236905405902856,0.19470126606561383,EBA,3
06,er,unsmoothed,0.014569360542556925,0.018775825648305287,EBA,1
06,er,unsmoothed,0.054667679663862684,0.05180310814615851,EBA,2
06,er,unsmoothed,0.0024343090853325526,-0.0015507678815013452,EBA,3
06,er,sm_2_vox,0.0015563827643046702,0.0006339818339611681,EBA,1
06,er,sm_2_vox,0.041344544000448916,0.04281356480804393,EBA,2
06,er,sm_2_vox,0.02000160104114282,0.019545131439921183,EBA,3
06,miniblock,unsmoothed,0.05000224821439282,0.06211611020588525,EVC,1
06,miniblock,unsmoothed,0.00827680816392358,0.00967544545204545,EVC,2
06,miniblock,unsmoothed,0.047571439205031596,0.048509648221348775,EVC,3
06,miniblock,sm_2_vox,0.13846280051734985,0.14876269936076297,EVC,1
06,miniblock,sm_2_vox,0.04907727878314656,0.05543566833729879,EVC,2
06,miniblock,sm_2_vox,0.1041420178608638,0.10826864222790719,EVC,3
06,sus,unsmoothed,0.04147940917610804,0.04692349992753385,EVC,1
06,sus,unsmoothed,0.038319589198960086,0.03852671757133563,EVC,2
06,sus,unsmoothed,0.06817973799919205,0.06940789304410233,EVC,3
06,sus,sm_2_vox,0.10471227277221623,0.11968338285902416,EVC,1
06,sus,sm_2_vox,0.10871446349128194,0.10954709509915489,EVC,2
06,sus,sm_2_vox,0.09521176335224818,0.10853202005538438,EVC,3
06,er,unsmoothed,0.025956078869843767,0.024118270718824573,EVC,1
06,er,unsmoothed,0.04962319151854869,0.04830312624015229,EVC,2
06,er,unsmoothed,0.0156950484961028,0.01613466382860454,EVC,3
06,er,sm_2_vox,0.0064817721420711225,0.011466146224016382,EVC,1
06,er,sm_2_vox,0.05303348222817689,0.057989581172755836,EVC,2
06,er,sm_2_vox,0.022968459372411515,0.021355384448922363,EVC,3
07,miniblock,unsmoothed,0.009467559275524656,0.012620486327213529,visually_responsive_voxels,1
07,miniblock,unsmoothed,0.01499200616646721,0.01763587522887368,visually_responsive_voxels,2
07,miniblock,unsmoothed,0.021287439941466025,0.0248456841276326,visually_responsive_voxels,3
07,miniblock,sm_2_vox,0.022797112320287933,0.03189295115346527,visually_responsive_voxels,1
07,miniblock,sm_2_vox,0.047949759542946495,0.059178273725218854,visually_responsive_voxels,2
07,miniblock,sm_2_vox,0.03526100471949167,0.0453102489911965,visually_responsive_voxels,3
07,sus,unsmoothed,0.015363949828439468,0.017614436248998906,visually_responsive_voxels,1
07,sus,unsmoothed,0.01371265092647993,0.01714502164910278,visually_responsive_voxels,2
07,sus,unsmoothed,0.028590932892130834,0.032889507498779724,visually_responsive_voxels,3
07,sus,sm_2_vox,0.04179289798751169,0.04614495000952743,visually_responsive_voxels,1
07,sus,sm_2_vox,0.02928548250835688,0.03564619902042453,visually_responsive_voxels,2
07,sus,sm_2_vox,0.049531755824714835,0.060110368226806786,visually_responsive_voxels,3
07,er,unsmoothed,0.01160961279124967,0.012715154140442908,visually_responsive_voxels,1
07,er,unsmoothed,0.01822767824258196,0.01710061391869006,visually_responsive_voxels,2
07,er,unsmoothed,0.005822625891032286,0.006717317779998345,visually_responsive_voxels,3
07,er,sm_2_vox,0.016097849942725936,0.01659244451112305,visually_responsive_voxels,1
07,er,sm_2_vox,0.05230247048515163,0.04685377815967636,visually_responsive_voxels,2
07,er,sm_2_vox,-0.0036064974439049893,0.0015542727575953185,visually_responsive_voxels,3
07,miniblock,unsmoothed,0.05140657623144135,0.045898284513385776,FFA,1
07,miniblock,unsmoothed,0.01180264318464804,0.024891652053416025,FFA,2
07,miniblock,unsmoothed,0.07163292502386284,0.06980039208406334,FFA,3
07,miniblock,sm_2_vox,0.2022391811680671,0.2042160362921832,FFA,1
07,miniblock,sm_2_vox,0.21774794622689214,0.21426095478798682,FFA,2
07,miniblock,sm_2_vox,0.17265867503944016,0.18360933692796988,FFA,3
07,sus,unsmoothed,0.06594994418323971,0.07010896234139194,FFA,1
07,sus,unsmoothed,0.013505559352926523,0.019300210474206894,FFA,2
07,sus,unsmoothed,0.05620733752107944,0.05332449152847808,FFA,3
07,sus,sm_2_vox,0.22557621933490501,0.21484893191281637,FFA,1
07,sus,sm_2_vox,0.10299234099090485,0.09871182511240448,FFA,2
07,sus,sm_2_vox,0.1470796689176896,0.1346642710804609,FFA,3
07,er,unsmoothed,0.055858645403846545,0.06302385544540953,FFA,1
07,er,unsmoothed,0.015035849655360534,0.01867400442585959,FFA,2
07,er,unsmoothed,0.041088328831131594,0.04574240070564831,FFA,3
07,er,sm_2_vox,0.256765944090114,0.2586938863695318,FFA,1
07,er,sm_2_vox,0.07801450453680892,0.07545359689662898,FFA,2
07,er,sm_2_vox,0.1281714585086391,0.12932365644092755,FFA,3
07,miniblock,unsmoothed,0.008026143940730781,0.016591269939393964,PPA,1
07,miniblock,unsmoothed,0.007181712047126032,0.014318209594710609,PPA,2
07,miniblock,unsmoothed,0.02115918619921884,0.028382257555706118,PPA,3
07,miniblock,sm_2_vox,0.07882159877742238,0.08947358751438282,PPA,1
07,miniblock,sm_2_vox,0.09393475886676829,0.10682600325211578,PPA,2
07,miniblock,sm_2_vox,0.05418938325096958,0.0721829442111924,PPA,3
07,sus,unsmoothed,0.025879604264231477,0.022121766331403194,PPA,1
07,sus,unsmoothed,0.010916139409060732,0.01447275692017304,PPA,2
07,sus,unsmoothed,0.01689032777789018,0.017310116354340873,PPA,3
07,sus,sm_2_vox,0.04627090556736764,0.046082677516075074,PPA,1
07,sus,sm_2_vox,0.0666927155846733,0.08012332472161164,PPA,2
07,sus,sm_2_vox,0.02333377300606891,0.02850112650872701,PPA,3
07,er,unsmoothed,0.014778409875564433,0.014050327206254834,PPA,1
07,er,unsmoothed,-0.0016216157720433944,-0.006542558157120422,PPA,2
07,er,unsmoothed,0.022562350016020184,0.028722023227561306,PPA,3
07,er,sm_2_vox,0.04860695971746435,0.044380870847447004,PPA,1
07,er,sm_2_vox,0.017526450330041896,0.01130302780445231,PPA,2
07,er,sm_2_vox,0.039145531719014415,0.048915482499353326,PPA,3
07,miniblock,unsmoothed,0.01073364495508455,0.010312454004266353,EBA,1
07,miniblock,unsmoothed,0.03105509861376251,0.0326536693415195,EBA,2
07,miniblock,unsmoothed,0.030821158141100445,0.03771944318785744,EBA,3
07,miniblock,sm_2_vox,0.06431372203772234,0.08864335931083304,EBA,1
07,miniblock,sm_2_vox,0.12445190484883481,0.13644195958562474,EBA,2
07,miniblock,sm_2_vox,0.05128404540674692,0.07151833831551052,EBA,3
07,sus,unsmoothed,0.015426760238965746,0.015031529999734115,EBA,1
07,sus,unsmoothed,0.005840963822185453,0.007529575093327183,EBA,2
07,sus,unsmoothed,0.05094078465879916,0.05371621440656607,EBA,3
07,sus,sm_2_vox,0.035423201649329175,0.04307502765406564,EBA,1
07,sus,sm_2_vox,0.03676135003658435,0.04513788690829468,EBA,2
07,sus,sm_2_vox,0.11212246537268926,0.11692197594432471,EBA,3
07,er,unsmoothed,0.01522048838991268,0.015079065664852774,EBA,1
07,er,unsmoothed,0.015764045761549113,0.023426841072960013,EBA,2
07,er,unsmoothed,0.014409815459479914,0.01575515679690863,EBA,3
07,er,sm_2_vox,0.05250484201218849,0.058297207225193236,EBA,1
07,er,sm_2_vox,0.07858773969413557,0.07919154818331069,EBA,2
07,er,sm_2_vox,0.022522488782229667,0.029132247998119625,EBA,3
07,miniblock,unsmoothed,0.04308357448062894,0.0534347069845593,EVC,1
07,miniblock,unsmoothed,0.043167948009945986,0.0511109446620077,EVC,2
07,miniblock,unsmoothed,0.05048097898655204,0.060208941063269704,EVC,3
07,miniblock,sm_2_vox,0.09401596642091486,0.11473853344836696,EVC,1
07,miniblock,sm_2_vox,0.10974786112233612,0.12402801047011562,EVC,2
07,miniblock,sm_2_vox,0.10385984508897964,0.12348844169146099,EVC,3
07,sus,unsmoothed,0.06094333301216902,0.06386309582026235,EVC,1
07,sus,unsmoothed,0.04152534004701228,0.05295397466635893,EVC,2
07,sus,unsmoothed,0.07150459734904571,0.08612096709739825,EVC,3
07,sus,sm_2_vox,0.12273347575273816,0.13179482078847823,EVC,1
07,sus,sm_2_vox,0.08979833388749603,0.11806946349628214,EVC,2
07,sus,sm_2_vox,0.14582762585707643,0.16618818210586242,EVC,3
07,er,unsmoothed,0.04520743997103718,0.04419072250708321,EVC,1
07,er,unsmoothed,0.038407263919010295,0.03593492304102856,EVC,2
07,er,unsmoothed,0.021956586774158873,0.024564097605902876,EVC,3
07,er,sm_2_vox,0.07891313313903692,0.08194621109669027,EVC,1
07,er,sm_2_vox,0.10552084481888269,0.10076772349640374,EVC,2
07,er,sm_2_vox,0.029389638979030106,0.0428855640474297,EVC,3
08,miniblock,unsmoothed,0.015114560224981689,0.024080012877520287,visually_responsive_voxels,1
08,miniblock,unsmoothed,0.009291097218396317,0.014923425369069354,visually_responsive_voxels,2
08,miniblock,unsmoothed,0.0469730954094785,0.04628172209357972,visually_responsive_voxels,3
08,miniblock,sm_2_vox,0.03387278319251898,0.05022549459789821,visually_responsive_voxels,1
08,miniblock,sm_2_vox,0.037645916508666055,0.0513749164179352,visually_responsive_voxels,2
08,miniblock,sm_2_vox,0.06695635780584533,0.07553742547852263,visually_responsive_voxels,3
08,sus,unsmoothed,0.026260356715432746,0.032049281217649495,visually_responsive_voxels,1
08,sus,unsmoothed,0.008997119707190318,0.01172139608995078,visually_responsive_voxels,2
08,sus,unsmoothed,0.02409553837056222,0.02695260085014851,visually_responsive_voxels,3
08,sus,sm_2_vox,0.07970742806805513,0.0902702981124837,visually_responsive_voxels,1
08,sus,sm_2_vox,0.026438794470443765,0.033739147729135895,visually_responsive_voxels,2
08,sus,sm_2_vox,0.05400940816301254,0.06688671194792656,visually_responsive_voxels,3
08,er,unsmoothed,-0.0012608387850478464,0.0015258284049049942,visually_responsive_voxels,1
08,er,unsmoothed,0.010680185098190464,0.0097814485965044,visually_responsive_voxels,2
08,er,unsmoothed,0.05708502999362629,0.057278670365389424,visually_responsive_voxels,3
08,er,sm_2_vox,-0.0071144618911862245,-0.005501844446162992,visually_responsive_voxels,1
08,er,sm_2_vox,0.014827700107500036,0.01284781579628543,visually_responsive_voxels,2
08,er,sm_2_vox,0.019234154377431756,0.01885794772122053,visually_responsive_voxels,3
08,miniblock,unsmoothed,0.06876042983875141,0.06712318872085438,FFA,1
08,miniblock,unsmoothed,0.08125163902581276,0.08023972301704013,FFA,2
08,miniblock,unsmoothed,0.15270103647359323,0.15932629734122883,FFA,3
08,miniblock,sm_2_vox,0.32070660745945373,0.3111149708278072,FFA,1
08,miniblock,sm_2_vox,0.28702208170623833,0.2807881919304243,FFA,2
08,miniblock,sm_2_vox,0.2739591210739846,0.2741933975883073,FFA,3
08,sus,unsmoothed,0.14248074651261475,0.1328378491223714,FFA,1
08,sus,unsmoothed,0.04004667055176994,0.055581793520046135,FFA,2
08,sus,unsmoothed,0.07844493789642656,0.06995355907451721,FFA,3
08,sus,sm_2_vox,0.38122197411232883,0.3566827363723337,FFA,1
08,sus,sm_2_vox,0.20550491122172682,0.19813008244343294,FFA,2
08,sus,sm_2_vox,0.26185669852850957,0.24977149072449387,FFA,3
08,er,unsmoothed,0.019433055228864668,0.02767320709181675,FFA,1
08,er,unsmoothed,0.04177074973500795,0.034557267065430185,FFA,2
08,er,unsmoothed,0.059383696430937105,0.06660196342271803,FFA,3
08,er,sm_2_vox,0.08979202300626986,0.08420551553697365,FFA,1
08,er,sm_2_vox,0.09022075399443101,0.07922114113545975,FFA,2
08,er,sm_2_vox,0.039977911648158865,0.06331206548809674,FFA,3
08,miniblock,unsmoothed,0.014133855870110623,0.019744182056805355,PPA,1
08,miniblock,unsmoothed,0.015976749529331584,0.01682300313384392,PPA,2
08,miniblock,unsmoothed,0.03623909278473307,0.030815134581252603,PPA,3
08,miniblock,sm_2_vox,0.03233704041099305,0.02895222364315474,PPA,1
08,miniblock,sm_2_vox,0.09380515390646195,0.09856240355139874,PPA,2
08,miniblock,sm_2_vox,0.11897067400744128,0.11904441336993479,PPA,3
08,sus,unsmoothed,0.0523097847452651,0.05370760382443114,PPA,1
08,sus,unsmoothed,0.01904403165348071,0.016335616468582354,PPA,2
08,sus,unsmoothed,0.04025129454021776,0.037821478428490776,PPA,3
08,sus,sm_2_vox,0.16157318574626744,0.14990253550035826,PPA,1
08,sus,sm_2_vox,0.11570609154794687,0.11468932229642674,PPA,2
08,sus,sm_2_vox,0.09463483239998673,0.08851714318837325,PPA,3
08,er,unsmoothed,0.022446222856275157,0.01894126265744676,PPA,1
08,er,unsmoothed,0.018491285460282683,0.01652794331079603,PPA,2
08,er,unsmoothed,0.04807068108128905,0.053785157938457305,PPA,3
08,er,sm_2_vox,0.016171961599746598,0.017609845884187004,PPA,1
08,er,sm_2_vox,0.026881989073136527,0.02333460982279213,PPA,2
08,er,sm_2_vox,-0.0035576763486787483,-0.0067259949432718884,PPA,3
08,miniblock,unsmoothed,0.047730958202991856,0.05860603433880926,EBA,1
08,miniblock,unsmoothed,0.04486593217735371,0.052355469544220656,EBA,2
08,miniblock,unsmoothed,0.08375996976364257,0.0862008380463272,EBA,3
08,miniblock,sm_2_vox,0.13172949986196936,0.16092640165745714,EBA,1
08,miniblock,sm_2_vox,0.1757966022508085,0.1805155788764951,EBA,2
08,miniblock,sm_2_vox,0.14447621015361373,0.15265673880784456,EBA,3
08,sus,unsmoothed,0.0742321961708721,0.07664542446379714,EBA,1
08,sus,unsmoothed,0.05907300573063229,0.060467211671139304,EBA,2
08,sus,unsmoothed,0.03639647374031597,0.04372897265428753,EBA,3
08,sus,sm_2_vox,0.20400522661764986,0.20731691591656679,EBA,1
08,sus,sm_2_vox,0.1809440619779889,0.1785597971375672,EBA,2
08,sus,sm_2_vox,0.19531925611662254,0.20646539395851157,EBA,3
08,er,unsmoothed,-0.0031413554583782644,-0.00012450855931387634,EBA,1
08,er,unsmoothed,0.004243909388940488,0.006672548446859114,EBA,2
08,er,unsmoothed,0.07557370326114252,0.07388277157359242,EBA,3
08,er,sm_2_vox,-0.019565771703168006,-0.006999349622248246,EBA,1
08,er,sm_2_vox,-0.009861822609868221,-0.009271391675447735,EBA,2
08,er,sm_2_vox,0.034571838943687275,0.03635101096076515,EBA,3
08,miniblock,unsmoothed,0.05869824438165051,0.07629372891111494,EVC,1
08,miniblock,unsmoothed,0.053328701836442984,0.06172518547245824,EVC,2
08,miniblock,unsmoothed,0.0700449279511154,0.0730144186405464,EVC,3
08,miniblock,sm_2_vox,0.14745331732278105,0.16957892814490105,EVC,1
08,miniblock,sm_2_vox,0.13422354109301282,0.14885457316392656,EVC,2
08,miniblock,sm_2_vox,0.13438800641597745,0.1501801644593395,EVC,3
08,sus,unsmoothed,0.0702192224208721,0.08179870434668464,EVC,1
08,sus,unsmoothed,0.03532570408856861,0.03646358614000623,EVC,2
08,sus,unsmoothed,0.05755060689365887,0.06435077883090423,EVC,3
08,sus,sm_2_vox,0.15436989632024245,0.17188453457765263,EVC,1
08,sus,sm_2_vox,0.07969586393181365,0.09007839561967242,EVC,2
08,sus,sm_2_vox,0.12501648459826403,0.13074481973520005,EVC,3
08,er,unsmoothed,0.0017098039339331801,0.0021477284494739535,EVC,1
08,er,unsmoothed,0.01747278166577043,0.018206540283775052,EVC,2
08,er,unsmoothed,0.06859115598991776,0.07050055732251552,EVC,3
08,er,sm_2_vox,0.007726091974461034,0.008931079282657375,EVC,1
08,er,sm_2_vox,0.03618267286601899,0.03352034402495451,EVC,2
08,er,sm_2_vox,0.07864384379425315,0.0739593695082271,EVC,3
10,miniblock,unsmoothed,-0.06180687670815988,-0.05775436410995252,visually_responsive_voxels,1
10,miniblock,unsmoothed,0.05179786633995921,0.049283907764556496,visually_responsive_voxels,2
10,miniblock,unsmoothed,0.005047839404361196,0.01158734161409742,visually_responsive_voxels,3
10,miniblock,sm_2_vox,0.03192780162603695,0.03522325507564436,visually_responsive_voxels,1
10,miniblock,sm_2_vox,0.08232976836589989,0.08838207067992879,visually_responsive_voxels,2
10,miniblock,sm_2_vox,0.060941574173987975,0.06271878720993945,visually_responsive_voxels,3
10,sus,unsmoothed,0.03043311098107169,0.033630417865041354,visually_responsive_voxels,1
10,sus,unsmoothed,-0.01800574442473462,-0.014517779594419645,visually_responsive_voxels,2
10,sus,unsmoothed,0.006695488480206903,0.009840052584791738,visually_responsive_voxels,3
10,sus,sm_2_vox,0.07016373332627573,0.07685114656454174,visually_responsive_voxels,1
10,sus,sm_2_vox,0.033771991633528405,0.04365441640978192,visually_responsive_voxels,2
10,sus,sm_2_vox,0.039183555381437855,0.05064886653140625,visually_responsive_voxels,3
10,er,unsmoothed,0.010533259494298453,0.012316971589665372,visually_responsive_voxels,1
10,er,unsmoothed,0.015068901023337225,0.014542023173910668,visually_responsive_voxels,2
10,er,unsmoothed,0.004884132191901938,0.008221090396268827,visually_responsive_voxels,3
10,er,sm_2_vox,0.04935275732350393,0.050567688774485926,visually_responsive_voxels,1
10,er,sm_2_vox,0.05501721428526823,0.05205773095860182,visually_responsive_voxels,2
10,er,sm_2_vox,0.05995925925585327,0.061556749663497425,visually_responsive_voxels,3
10,miniblock,unsmoothed,-0.01654658362696669,-0.02120968586147582,FFA,1
10,miniblock,unsmoothed,0.0646397709312789,0.05033302355838739,FFA,2
10,miniblock,unsmoothed,0.026251778809106542,0.017405637039531872,FFA,3
10,miniblock,sm_2_vox,0.12242986300937679,0.10210023812915858,FFA,1
10,miniblock,sm_2_vox,0.22843313691275852,0.21569203841501983,FFA,2
10,miniblock,sm_2_vox,0.13959954027811453,0.1444300042206367,FFA,3
10,sus,unsmoothed,0.021958539824149935,0.020217332302467046,FFA,1
10,sus,unsmoothed,-0.009510577183100194,-0.01741026946125751,FFA,2
10,sus,unsmoothed,0.025685076906368925,0.03283674196448932,FFA,3
10,sus,sm_2_vox,0.1110057256703728,0.11453334307179573,FFA,1
10,sus,sm_2_vox,0.10446324277732773,0.10494471270063872,FFA,2
10,sus,sm_2_vox,0.14753691456914014,0.14535840641101527,FFA,3
10,er,unsmoothed,0.025907124067504877,0.017877145498190566,FFA,1
10,er,unsmoothed,0.004541497943769596,0.00016702508158515067,FFA,2
10,er,unsmoothed,0.02478361088875891,0.03527116142200044,FFA,3
10,er,sm_2_vox,0.12246223072786466,0.10443867003214638,FFA,1
10,er,sm_2_vox,0.06296853796196969,0.05935934308058785,FFA,2
10,er,sm_2_vox,0.21812272957718282,0.18219855255252493,FFA,3
10,miniblock,unsmoothed,-0.005155550314926385,-0.007095936593231449,PPA,1
10,miniblock,unsmoothed,0.040810926319644114,0.04219726751843143,PPA,2
10,miniblock,unsmoothed,0.02519546282781966,0.028050965674940653,PPA,3
10,miniblock,sm_2_vox,0.11917623616692771,0.11964203352568663,PPA,1
10,miniblock,sm_2_vox,0.11509891620364662,0.11754722988298436,PPA,2
10,miniblock,sm_2_vox,0.09778704456903112,0.10425623953712802,PPA,3
10,sus,unsmoothed,0.017810005436907823,0.022550438183285403,PPA,1
10,sus,unsmoothed,-0.00042666120358319723,0.004794246087647511,PPA,2
10,sus,unsmoothed,-0.0023496421143379617,-0.005247008630581387,PPA,3
10,sus,sm_2_vox,0.07612614883576359,0.06946901377064062,PPA,1
10,sus,sm_2_vox,0.09741378688388838,0.09604747834860014,PPA,2
10,sus,sm_2_vox,0.053998589275175354,0.049146915412401494,PPA,3
10,er,unsmoothed,0.03113695149782443,0.028317747121822882,PPA,1
10,er,unsmoothed,0.014778980490600542,0.014552598068409799,PPA,2
10,er,unsmoothed,0.008443184611290962,0.006494770631733759,PPA,3
10,er,sm_2_vox,0.07588742569105392,0.07181241462164423,PPA,1
10,er,sm_2_vox,0.05350007318623852,0.042461133365214,PPA,2
10,er,sm_2_vox,0.013386923754540411,0.008984890007024428,PPA,3
10,miniblock,unsmoothed,-0.0820757027167066,-0.07722078002248793,EBA,1
10,miniblock,unsmoothed,0.041595705137075764,0.035269373329504666,EBA,2
10,miniblock,unsmoothed,-0.01968107659646369,-0.014305553900713851,EBA,3
10,miniblock,sm_2_vox,0.04619625721295453,0.054187976640015255,EBA,1
10,miniblock,sm_2_vox,0.10202789959346178,0.100223986169907,EBA,2
10,miniblock,sm_2_vox,0.1310473004421729,0.1280580175637172,EBA,3
10,sus,unsmoothed,0.024177808954786766,0.021453746604279955,EBA,1
10,sus,unsmoothed,-0.028242112709816213,-0.028237639062152202,EBA,2
10,sus,unsmoothed,0.031443363343123934,0.02510257495165373,EBA,3
10,sus,sm_2_vox,0.10760440394095502,0.10058366515892941,EBA,1
10,sus,sm_2_vox,0.015349307795702465,0.012161814458071832,EBA,2
10,sus,sm_2_vox,0.12609417339389017,0.12430873074572817,EBA,3
10,er,unsmoothed,0.05314675342434251,0.046552402039318756,EBA,1
10,er,unsmoothed,-0.006483223479657782,-0.01161409980368179,EBA,2
10,er,unsmoothed,0.03678299759769317,0.029973771619598962,EBA,3
10,er,sm_2_vox,0.12067838649963702,0.1155940284018963,EBA,1
10,er,sm_2_vox,0.05074337376879827,0.05710739378700109,EBA,2
10,er,sm_2_vox,0.14581027843110494,0.14458599420189608,EBA,3
10,miniblock,unsmoothed,-0.03518246483887344,-0.029505686593310158,EVC,1
10,miniblock,unsmoothed,0.06201785027215361,0.064384692514068,EVC,2
10,miniblock,unsmoothed,0.02081501735928893,0.03582998231469999,EVC,3
10,miniblock,sm_2_vox,0.05072346471668256,0.06716961604270717,EVC,1
10,miniblock,sm_2_vox,0.11666878611063661,0.13447959569596282,EVC,2
10,miniblock,sm_2_vox,0.07133439442512701,0.09113604512192611,EVC,3
10,sus,unsmoothed,0.0602136020009344,0.07116191134133347,EVC,1
10,sus,unsmoothed,0.011257748097060755,0.017345491110012778,EVC,2
10,sus,unsmoothed,0.03733325845191029,0.04781923950345882,EVC,3
10,sus,sm_2_vox,0.1463555851756474,0.16268900742450326,EVC,1
10,sus,sm_2_vox,0.07699443599979372,0.09238955608637481,EVC,2
10,sus,sm_2_vox,0.0936901454062981,0.12303928994648197,EVC,3
10,er,unsmoothed,0.03336793789584101,0.03688718653403508,EVC,1
10,er,unsmoothed,0.010248780349746262,0.01007561863662566,EVC,2
10,er,unsmoothed,0.040003767898805255,0.0424814419092464,EVC,3
10,er,sm_2_vox,0.07427287842721227,0.07586656531036792,EVC,1
10,er,sm_2_vox,0.022982302800088235,0.020981814186904455,EVC,2
10,er,sm_2_vox,0.13536478769478552,0.13518923425593532,EVC,3
11,miniblock,unsmoothed,0.03675907977286266,0.044616059348082805,visually_responsive_voxels,1
11,miniblock,unsmoothed,0.01938133668545191,0.02476721967851161,visually_responsive_voxels,2
11,miniblock,unsmoothed,0.0054443664866543895,0.007177663452705461,visually_responsive_voxels,3
11,miniblock,sm_2_vox,0.09330219585579805,0.11092780892415764,visually_responsive_voxels,1
11,miniblock,sm_2_vox,0.054569161095008895,0.06537372021449384,visually_responsive_voxels,2
11,miniblock,sm_2_vox,0.04078324668013325,0.043818005236889314,visually_responsive_voxels,3
11,sus,unsmoothed,0.013519796404978301,0.01835065295740997,visually_responsive_voxels,1
11,sus,unsmoothed,0.006453638525783968,0.009138640298675657,visually_responsive_voxels,2
11,sus,unsmoothed,0.016938002470863897,0.01524207390658892,visually_responsive_voxels,3
11,sus,sm_2_vox,0.03811852716057878,0.044005518766403684,visually_responsive_voxels,1
11,sus,sm_2_vox,0.07104290112413708,0.07526401433680725,visually_responsive_voxels,2
11,sus,sm_2_vox,-0.010980556150773618,-0.0016918676997637572,visually_responsive_voxels,3
11,er,unsmoothed,0.004696024952689004,0.0072115449393632845,visually_responsive_voxels,1
11,er,unsmoothed,0.016726752367944756,0.015174257207464705,visually_responsive_voxels,2
11,er,unsmoothed,0.011918711388134787,0.013517443341232348,visually_responsive_voxels,3
11,er,sm_2_vox,0.041725911877060366,0.043824219590148046,visually_responsive_voxels,1
11,er,sm_2_vox,0.027966099873872455,0.02700087028628414,visually_responsive_voxels,2
11,er,sm_2_vox,0.027614132243153934,0.026076226508818873,visually_responsive_voxels,3
11,miniblock,unsmoothed,0.12900824941767422,0.15320533025347857,FFA,1
11,miniblock,unsmoothed,0.07225075779268672,0.0882324608908075,FFA,2
11,miniblock,unsmoothed,0.09067097964243358,0.10078318350085645,FFA,3
11,miniblock,sm_2_vox,0.44287494706719305,0.4110053993355782,FFA,1
11,miniblock,sm_2_vox,0.2779598126992085,0.2843721306121265,FFA,2
11,miniblock,sm_2_vox,0.26608290042874505,0.28033560874343266,FFA,3
11,sus,unsmoothed,0.07493347682931101,0.09149611292474324,FFA,1
11,sus,unsmoothed,0.07447612665636497,0.08201673267602184,FFA,2
11,sus,unsmoothed,0.09008239710681933,0.0794116738319809,FFA,3
11,sus,sm_2_vox,0.2904330165940486,0.29158849617335864,FFA,1
11,sus,sm_2_vox,0.20127587354376658,0.1946206329408472,FFA,2
11,sus,sm_2_vox,0.3076659918853094,0.27042914264248735,FFA,3
11,er,unsmoothed,0.04438744225585165,0.06267682649155065,FFA,1
11,er,unsmoothed,0.06005718336845185,0.06059888685656564,FFA,2
11,er,unsmoothed,0.032759049128494214,0.03854436115160098,FFA,3
11,er,sm_2_vox,0.18786948404667134,0.1789175137300054,FFA,1
11,er,sm_2_vox,0.20257785186573624,0.18192096379070155,FFA,2
11,er,sm_2_vox,0.07619826768018673,0.07482459108213144,FFA,3
11,miniblock,unsmoothed,0.06565976191424233,0.07348865395843272,PPA,1
11,miniblock,unsmoothed,0.02740213637885683,0.023012558192051932,PPA,2
11,miniblock,unsmoothed,-0.013842016988421413,-0.0025696795935649104,PPA,3
11,miniblock,sm_2_vox,0.13794260442395131,0.1427432759720514,PPA,1
11,miniblock,sm_2_vox,0.034096134262624894,0.03361961825755846,PPA,2
11,miniblock,sm_2_vox,0.05231766351421574,0.056528189704446036,PPA,3
11,sus,unsmoothed,0.03114166172790203,0.03591408133466868,PPA,1
11,sus,unsmoothed,0.017751686811450562,0.021725454168600774,PPA,2
11,sus,unsmoothed,0.05818380187358162,0.05635946686755572,PPA,3
11,sus,sm_2_vox,0.13079588857341462,0.1306636789676164,PPA,1
11,sus,sm_2_vox,0.10707756403073052,0.10290134369082964,PPA,2
11,sus,sm_2_vox,0.04541491807216436,0.042096347490003364,PPA,3
11,er,unsmoothed,0.0061244501828260495,0.008718104509704902,PPA,1
11,er,unsmoothed,0.016804239563150344,0.006903762995825484,PPA,2
11,er,unsmoothed,0.009852895125982288,-0.0010883588266280338,PPA,3
11,er,sm_2_vox,0.031547955807386466,0.028238704149631533,PPA,1
11,er,sm_2_vox,0.06881535983053187,0.06408582228927034,PPA,2
11,er,sm_2_vox,-0.009569069918327712,-0.019185235143414716,PPA,3
11,miniblock,unsmoothed,0.08010834384018767,0.0813989516404175,EBA,1
11,miniblock,unsmoothed,0.03544122120426621,0.04296365173081912,EBA,2
11,miniblock,unsmoothed,0.014293953884458192,0.017474439796613474,EBA,3
11,miniblock,sm_2_vox,0.19164270720469456,0.20333598344682732,EBA,1
11,miniblock,sm_2_vox,0.06137037508813477,0.06881153460810051,EBA,2
11,miniblock,sm_2_vox,0.09515979029378276,0.09445180980874522,EBA,3
11,sus,unsmoothed,0.06339897552052176,0.06492785175766465,EBA,1
11,sus,unsmoothed,0.03472441784401471,0.037090636308238056,EBA,2
11,sus,unsmoothed,0.06096053471939947,0.054221149387777966,EBA,3
11,sus,sm_2_vox,0.16554160823050307,0.17816805253396414,EBA,1
11,sus,sm_2_vox,0.068423398169186,0.07190814053118404,EBA,2
11,sus,sm_2_vox,0.11155188024921547,0.12036333292163298,EBA,3
11,er,unsmoothed,0.02227402158411123,0.021387381533199468,EBA,1
11,er,unsmoothed,0.02537162265553479,0.03191019784860301,EBA,2
11,er,unsmoothed,0.032139680671708054,0.029249868196009634,EBA,3
11,er,sm_2_vox,0.10808533320684496,0.10408531644910445,EBA,1
11,er,sm_2_vox,0.07731699144471549,0.07545391140091139,EBA,2
11,er,sm_2_vox,0.07514604371318644,0.060541647065662216,EBA,3
11,miniblock,unsmoothed,0.07416085835951966,0.09064798266058373,EVC,1
11,miniblock,unsmoothed,0.06351602829047318,0.07340017219431504,EVC,2
11,miniblock,unsmoothed,0.01640357219854107,0.020769174242319447,EVC,3
11,miniblock,sm_2_vox,0.19403665939392212,0.2047075831008259,EVC,1
11,miniblock,sm_2_vox,0.14843198484116513,0.15482727309236774,EVC,2
11,miniblock,sm_2_vox,0.09965633358499779,0.09469709937702148,EVC,3
11,sus,unsmoothed,0.0318750637926092,0.042384801127064796,EVC,1
11,sus,unsmoothed,0.02571124071621266,0.03596046661503485,EVC,2
11,sus,unsmoothed,0.023947786774906856,0.02102480687766529,EVC,3
11,sus,sm_2_vox,0.03134717040459424,0.051529392071277574,EVC,1
11,sus,sm_2_vox,0.13774627518512933,0.15716812686770307,EVC,2
11,sus,sm_2_vox,0.036401785498742914,0.04762263002404139,EVC,3
11,er,unsmoothed,0.006153218791074786,0.009143179991329332,EVC,1
11,er,unsmoothed,0.045265071354790506,0.044669018095985974,EVC,2
11,er,unsmoothed,0.035818161370448,0.03696896743818545,EVC,3
11,er,sm_2_vox,0.04202843433956678,0.04711602578101681,EVC,1
11,er,sm_2_vox,0.0898944607608233,0.08874487116708886,EVC,2
11,er,sm_2_vox,0.12084603585446119,0.10666328306275377,EVC,3
12,miniblock,unsmoothed,0.014052032320585404,0.019247383084091338,visually_responsive_voxels,1
12,miniblock,unsmoothed,0.023985835805371197,0.029504994373789516,visually_responsive_voxels,2
12,miniblock,unsmoothed,0.024486881061883334,0.029833019077600543,visually_responsive_voxels,3
12,miniblock,sm_2_vox,0.06302638075161851,0.08019376837322308,visually_responsive_voxels,1
12,miniblock,sm_2_vox,0.04846357578094706,0.06267864124229923,visually_responsive_voxels,2
12,miniblock,sm_2_vox,0.044837502420341124,0.04966624280973078,visually_responsive_voxels,3
12,sus,unsmoothed,0.018472969388341524,0.02544570606907717,visually_responsive_voxels,1
12,sus,unsmoothed,-0.01015538515299598,-0.006532220502710044,visually_responsive_voxels,2
12,sus,unsmoothed,0.010110892540805654,0.012350738979869415,visually_responsive_voxels,3
12,sus,sm_2_vox,0.047338096233651,0.06621491892555903,visually_responsive_voxels,1
12,sus,sm_2_vox,-0.016794643384036287,0.003599935834500007,visually_responsive_voxels,2
12,sus,sm_2_vox,0.042400431161881136,0.05062249669012839,visually_responsive_voxels,3
12,er,unsmoothed,0.00047149162410102183,0.0005436084772096721,visually_responsive_voxels,1
12,er,unsmoothed,0.015740708512275575,0.014970837837480601,visually_responsive_voxels,2
12,er,unsmoothed,-0.00381979822542082,-0.002356535824028102,visually_responsive_voxels,3
12,er,sm_2_vox,0.003916325549742722,0.009330582554627037,visually_responsive_voxels,1
12,er,sm_2_vox,0.04054102176258498,0.04206663123980264,visually_responsive_voxels,2
12,er,sm_2_vox,0.00039616963097392766,0.0009831102472985585,visually_responsive_voxels,3
12,miniblock,unsmoothed,0.11819030395984449,0.12961387650837358,FFA,1
12,miniblock,unsmoothed,0.09257578507479292,0.12596356864377609,FFA,2
12,miniblock,unsmoothed,0.12500211407131073,0.1304829946935331,FFA,3
12,miniblock,sm_2_vox,0.34532618484801,0.3273419073439684,FFA,1
12,miniblock,sm_2_vox,0.27788640709112566,0.2729100686946662,FFA,2
12,miniblock,sm_2_vox,0.3066950484424415,0.307143714418685,FFA,3
12,sus,unsmoothed,0.11845599639240639,0.13387221251603432,FFA,1
12,sus,unsmoothed,0.06499366025306813,0.08584360096306025,FFA,2
12,sus,unsmoothed,0.11329253504998874,0.12144175822057274,FFA,3
12,sus,sm_2_vox,0.40481644151532803,0.3782539576948641,FFA,1
12,sus,sm_2_vox,0.24007887227135455,0.25548382575172324,FFA,2
12,sus,sm_2_vox,0.34149003979333076,0.3024304826852645,FFA,3
12,er,unsmoothed,0.035821348248583844,0.0368849979195722,FFA,1
12,er,unsmoothed,0.06032138215892418,0.059427969320204464,FFA,2
12,er,unsmoothed,0.055251774581812824,0.048582067654762466,FFA,3
12,er,sm_2_vox,0.2046092298121669,0.18873413513233864,FFA,1
12,er,sm_2_vox,0.1603160817298753,0.1593131953413447,FFA,2
12,er,sm_2_vox,0.14205224223143456,0.14123627841585368,FFA,3
12,miniblock,unsmoothed,0.04166284943837831,0.04551337230434247,PPA,1
12,miniblock,unsmoothed,0.05505193689038014,0.05708163357461172,PPA,2
12,miniblock,unsmoothed,0.06119707827967017,0.06366076636166518,PPA,3
12,miniblock,sm_2_vox,0.13779945638360036,0.15459829804858352,PPA,1
12,miniblock,sm_2_vox,0.1290620621280147,0.12928750717381454,PPA,2
12,miniblock,sm_2_vox,0.1526726247609772,0.1469457959372652,PPA,3
12,sus,unsmoothed,0.05990041723483046,0.057753899260510166,PPA,1
12,sus,unsmoothed,0.01230422445043321,0.01522348184479764,PPA,2
12,sus,unsmoothed,0.014838508948458638,0.013428203933538541,PPA,3
12,sus,sm_2_vox,0.1727671986496046,0.1720557326936546,PPA,1
12,sus,sm_2_vox,0.11839612572869061,0.11729263190968527,PPA,2
12,sus,sm_2_vox,0.10151049494439199,0.09558400587430332,PPA,3
12,er,unsmoothed,0.0030335720469950346,0.01133148007850295,PPA,1
12,er,unsmoothed,0.0015115704561073189,-0.0005957452911238841,PPA,2
12,er,unsmoothed,0.007241571920874504,0.011516530740748356,PPA,3
12,er,sm_2_vox,0.010763651796855893,0.009066370120486437,PPA,1
12,er,sm_2_vox,0.04802616861283929,0.043344680514092904,PPA,2
12,er,sm_2_vox,0.07297959042012085,0.06839609590413633,PPA,3
12,miniblock,unsmoothed,0.022611293316820647,0.032458959740785366,EBA,1
12,miniblock,unsmoothed,0.047734526853022666,0.060486479705617775,EBA,2
12,miniblock,unsmoothed,0.06367308385703632,0.06336327210805766,EBA,3
12,miniblock,sm_2_vox,0.11704938495282084,0.1304111391749371,EBA,1
12,miniblock,sm_2_vox,0.11460692094734687,0.12770430259704862,EBA,2
12,miniblock,sm_2_vox,0.1504877796919074,0.14635215128263993,EBA,3
12,sus,unsmoothed,0.0412837086997101,0.05715846070752668,EBA,1
12,sus,unsmoothed,0.033073161247942,0.04617103440829622,EBA,2
12,sus,unsmoothed,0.02401195815608396,0.029943461978138453,EBA,3
12,sus,sm_2_vox,0.12326439379527421,0.16020222973796233,EBA,1
12,sus,sm_2_vox,0.12987825931769695,0.14111238503423892,EBA,2
12,sus,sm_2_vox,0.032502534247147705,0.04551513526653548,EBA,3
12,er,unsmoothed,-0.0011712169060276029,0.0035330168357086927,EBA,1
12,er,unsmoothed,0.027391331902576893,0.025273244817314126,EBA,2
12,er,unsmoothed,0.018356452600488356,0.018173021112924855,EBA,3
12,er,sm_2_vox,0.05846563193072302,0.06768749949244326,EBA,1
12,er,sm_2_vox,0.08490807502486586,0.08154185171691619,EBA,2
12,er,sm_2_vox,0.05163761053864863,0.04913384812207698,EBA,3
12,miniblock,unsmoothed,0.06434672727772162,0.07249139670209248,EVC,1
12,miniblock,unsmoothed,0.05270167094892047,0.06319380222097162,EVC,2
12,miniblock,unsmoothed,0.05512392795285789,0.06425814901491932,EVC,3
12,miniblock,sm_2_vox,0.16293466061172668,0.18330448710212668,EVC,1
12,miniblock,sm_2_vox,0.11426999028922692,0.13600437537691762,EVC,2
12,miniblock,sm_2_vox,0.09936110447013066,0.10965397508912979,EVC,3
12,sus,unsmoothed,0.06206184575485664,0.07015806019285208,EVC,1
12,sus,unsmoothed,0.019871387901026494,0.02486690032187304,EVC,2
12,sus,unsmoothed,0.06179715922168769,0.066390872157021,EVC,3
12,sus,sm_2_vox,0.14003831171672257,0.15913079276760564,EVC,1
12,sus,sm_2_vox,0.06204248780386868,0.08967476422740946,EVC,2
12,sus,sm_2_vox,0.16119720105018637,0.17101077867589115,EVC,3
12,er,unsmoothed,0.021108481634276064,0.024320985168090583,EVC,1
12,er,unsmoothed,0.00697562000407638,0.004057660339360474,EVC,2
12,er,unsmoothed,-0.01999764137959907,-0.017442315467827266,EVC,3
12,er,sm_2_vox,0.055280102910012924,0.06123434334987487,EVC,1
12,er,sm_2_vox,0.026025115847669932,0.03320464893707685,EVC,2
12,er,sm_2_vox,-0.019506155888545124,-0.017637270519615784,EVC,3
13,miniblock,unsmoothed,0.028157781539645488,0.027193955652528856,visually_responsive_voxels,1
13,miniblock,unsmoothed,0.01740962507737141,0.01809669096401237,visually_responsive_voxels,2
13,miniblock,unsmoothed,0.010562404039804754,0.008644268320683487,visually_responsive_voxels,3
13,miniblock,sm_2_vox,0.07285610728030453,0.0700842494095226,visually_responsive_voxels,1
13,miniblock,sm_2_vox,0.03963535384486602,0.03976357260238457,visually_responsive_voxels,2
13,miniblock,sm_2_vox,-0.03691415647209137,-0.032573793243553924,visually_responsive_voxels,3
13,sus,unsmoothed,-0.009100300531078988,-0.009648455204073054,visually_responsive_voxels,1
13,sus,unsmoothed,-0.007479438245684384,-0.005039151515535304,visually_responsive_voxels,2
13,sus,unsmoothed,0.013945863268439364,0.014574794098772012,visually_responsive_voxels,3
13,sus,sm_2_vox,-0.01111665530611022,-0.009891981032193202,visually_responsive_voxels,1
13,sus,sm_2_vox,0.04158652061944011,0.040726752603808765,visually_responsive_voxels,2
13,sus,sm_2_vox,0.035478873890937596,0.04103528611700848,visually_responsive_voxels,3
13,er,unsmoothed,0.0037007078114823233,0.0027470063698783707,visually_responsive_voxels,1
13,er,unsmoothed,0.01185567244538726,0.011018316093264154,visually_responsive_voxels,2
13,er,unsmoothed,-0.0004658195405757258,-0.0013453724652283782,visually_responsive_voxels,3
13,er,sm_2_vox,0.03504939977932088,0.03376987649065556,visually_responsive_voxels,1
13,er,sm_2_vox,-0.006125156377880179,-0.002674013590570879,visually_responsive_voxels,2
13,er,sm_2_vox,0.018071753491376165,0.018234965563368583,visually_responsive_voxels,3
13,miniblock,unsmoothed,0.07214943815760325,0.07923054839790494,FFA,1
13,miniblock,unsmoothed,0.031870640656946655,0.024633140793659573,FFA,2
13,miniblock,unsmoothed,0.028809167661862173,0.029913518220124537,FFA,3
13,miniblock,sm_2_vox,0.25872686723605637,0.2581104047007665,FFA,1
13,miniblock,sm_2_vox,0.1379405134622153,0.12073471126771623,FFA,2
13,miniblock,sm_2_vox,0.1015874096202479,0.10337577601141652,FFA,3
13,sus,unsmoothed,-0.006240845454027867,-0.012096218669840921,FFA,1
13,sus,unsmoothed,0.04329992187739254,0.04258516662142484,FFA,2
13,sus,unsmoothed,0.0394266059067368,0.036346158226502785,FFA,3
13,sus,sm_2_vox,0.0027984992437168777,0.015482857068945206,FFA,1
13,sus,sm_2_vox,0.1344354914025868,0.13659956217233907,FFA,2
13,sus,sm_2_vox,0.11298211912150956,0.12335753420947353,FFA,3
13,er,unsmoothed,0.04459256234162923,0.04353444748855188,FFA,1
13,er,unsmoothed,0.05203380427464874,0.05903079131009955,FFA,2
13,er,unsmoothed,0.01943799064755981,0.012923891820951239,FFA,3
13,er,sm_2_vox,0.16696752887947172,0.17719266976583234,FFA,1
13,er,sm_2_vox,0.16136957982329772,0.15050903102196928,FFA,2
13,er,sm_2_vox,0.07810071755668985,0.07437467738253484,FFA,3
13,miniblock,unsmoothed,0.03044668137675502,0.036894101844076654,PPA,1
13,miniblock,unsmoothed,0.01468315330066599,0.016832829909451494,PPA,2
13,miniblock,unsmoothed,0.054191315148035234,0.04768814948878713,PPA,3
13,miniblock,sm_2_vox,0.09063411242743355,0.08558794698059191,PPA,1
13,miniblock,sm_2_vox,0.1337707275124051,0.13207948085906004,PPA,2
13,miniblock,sm_2_vox,0.15533547415859256,0.14851346301632604,PPA,3
13,sus,unsmoothed,0.028406266422022028,0.022160358455880016,PPA,1
13,sus,unsmoothed,0.011059249610703181,0.008218960500846445,PPA,2
13,sus,unsmoothed,0.019095663502979733,0.02335829259995791,PPA,3
13,sus,sm_2_vox,0.030530719092518782,0.030337737716140546,PPA,1
13,sus,sm_2_vox,0.10496809624108694,0.10430584376801348,PPA,2
13,sus,sm_2_vox,0.056352165616967195,0.06520086270529075,PPA,3
13,er,unsmoothed,0.02614668301109259,0.025927167617293963,PPA,1
13,er,unsmoothed,0.002258551232612458,0.006237797192408788,PPA,2
13,er,unsmoothed,0.030707966266873606,0.028960543933346752,PPA,3
13,er,sm_2_vox,0.07125331799164124,0.0812791367780315,PPA,1
13,er,sm_2_vox,0.00723185782462445,0.004974568977421365,PPA,2
13,er,sm_2_vox,0.12275409127919241,0.11828356940259431,PPA,3
13,miniblock,unsmoothed,0.058780641258445385,0.06356873521816943,EBA,1
13,miniblock,unsmoothed,0.030606552859330484,0.03132897788966193,EBA,2
13,miniblock,unsmoothed,0.0378617099643033,0.03652344000860817,EBA,3
13,miniblock,sm_2_vox,0.16509510768389327,0.165267973789219,EBA,1
13,miniblock,sm_2_vox,0.0793422740633454,0.08034609092919837,EBA,2
13,miniblock,sm_2_vox,-0.004919065693476693,-0.00047948991702500236,EBA,3
13,sus,unsmoothed,-0.03481648640810209,-0.029955462092196176,EBA,1
13,sus,unsmoothed,-0.017309886921851307,-0.015681070401699575,EBA,2
13,sus,unsmoothed,0.005814302150618488,0.007595582434950231,EBA,3
13,sus,sm_2_vox,0.0070905676300272846,0.00586423394072094,EBA,1
13,sus,sm_2_vox,0.03593816194160903,0.04878191033244342,EBA,2
13,sus,sm_2_vox,-0.03946868431846287,-0.02680252595403297,EBA,3
13,er,unsmoothed,-0.016716768497618616,-0.022220069811938296,EBA,1
13,er,unsmoothed,0.02214092396917019,0.019139328775857008,EBA,2
13,er,unsmoothed,0.017476368453294228,0.013272647128337171,EBA,3
13,er,sm_2_vox,-0.0014904362328645449,-0.0022398361662300573,EBA,1
13,er,sm_2_vox,-0.0026219239499099987,0.002693599866111957,EBA,2
13,er,sm_2_vox,0.05459209781703132,0.053167100443628615,EBA,3
13,miniblock,unsmoothed,0.030191405949470163,0.03021982815964404,EVC,1
13,miniblock,unsmoothed,0.04250006572194392,0.043622867969198315,EVC,2
13,miniblock,unsmoothed,0.01490967649393932,0.013863688415452415,EVC,3
13,miniblock,sm_2_vox,0.05899385612475804,0.05305558436996723,EVC,1
13,miniblock,sm_2_vox,0.10456846881537543,0.10471334094821519,EVC,2
13,miniblock,sm_2_vox,-0.0027652682661424895,-0.0015100120370158477,EVC,3
13,sus,unsmoothed,0.0006920727758436898,0.0004387956809272424,EVC,1
13,sus,unsmoothed,0.007087693781463801,0.010299641215369014,EVC,2
13,sus,unsmoothed,0.018091255125161874,0.02303784806621289,EVC,3
13,sus,sm_2_vox,0.006355998093459034,0.007000252956026332,EVC,1
13,sus,sm_2_vox,0.06433766537814303,0.06688471141163684,EVC,2
13,sus,sm_2_vox,0.08819837516922811,0.09258388622149116,EVC,3
13,er,unsmoothed,0.0016518738021202711,0.0018268084056259064,EVC,1
13,er,unsmoothed,0.007139025566454765,0.006647358844265319,EVC,2
13,er,unsmoothed,0.00431347825081805,0.0016148035985403327,EVC,3
13,er,sm_2_vox,0.033800715232626545,0.032651863244809225,EVC,1
13,er,sm_2_vox,-0.012788696689017286,-0.01156364391712343,EVC,2
13,er,sm_2_vox,0.007780077130846346,0.009586566747641512,EVC,3
14,miniblock,unsmoothed,0.0012864568121145684,0.001571886760000193,visually_responsive_voxels,1
14,miniblock,unsmoothed,0.007754650696457796,0.013626016677960187,visually_responsive_voxels,2
14,miniblock,unsmoothed,0.03605570997200376,0.033649724694926074,visually_responsive_voxels,3
14,miniblock,sm_2_vox,0.08886226107104826,0.08742455941768884,visually_responsive_voxels,1
14,miniblock,sm_2_vox,0.07626482728309752,0.08035706567847352,visually_responsive_voxels,2
14,miniblock,sm_2_vox,0.02902215599605924,0.030552277843335047,visually_responsive_voxels,3
14,sus,unsmoothed,0.0034356692587344945,0.0036355139040059404,visually_responsive_voxels,1
14,sus,unsmoothed,0.011109466710553566,0.014132136416990128,visually_responsive_voxels,2
14,sus,unsmoothed,0.017610751235357217,0.017312959364638513,visually_responsive_voxels,3
14,sus,sm_2_vox,0.048939754698079624,0.04658071000687993,visually_responsive_voxels,1
14,sus,sm_2_vox,0.018354076636161537,0.021135849300696313,visually_responsive_voxels,2
14,sus,sm_2_vox,0.04215815611586172,0.040144481555654275,visually_responsive_voxels,3
14,er,unsmoothed,-0.04411567764130737,-0.039872715350306516,visually_responsive_voxels,1
14,er,unsmoothed,-0.024717795851671914,-0.02376312496506387,visually_responsive_voxels,2
14,er,unsmoothed,-0.04089548624749175,-0.03827580783684508,visually_responsive_voxels,3
14,er,sm_2_vox,0.03696367338493896,0.03776071188119296,visually_responsive_voxels,1
14,er,sm_2_vox,0.038415703129867335,0.03674979275865111,visually_responsive_voxels,2
14,er,sm_2_vox,0.025774971221490847,0.023527256394890575,visually_responsive_voxels,3
14,miniblock,unsmoothed,0.00881125033911967,0.011687914329394042,FFA,1
14,miniblock,unsmoothed,0.058240344791914866,0.06995438278679217,FFA,2
14,miniblock,unsmoothed,0.020031832428970962,0.022629324072884587,FFA,3
14,miniblock,sm_2_vox,0.16476106445547234,0.1784915528567388,FFA,1
14,miniblock,sm_2_vox,0.08035539143311884,0.11677389075686677,FFA,2
14,miniblock,sm_2_vox,0.022130685536281523,0.030397787963541437,FFA,3
14,sus,unsmoothed,0.01830544797497888,0.012191589198303892,FFA,1
14,sus,unsmoothed,0.03514588218489684,0.037814220776890145,FFA,2
14,sus,unsmoothed,0.043004252225673625,0.05045696662296244,FFA,3
14,sus,sm_2_vox,0.14330125989480674,0.14222936026579414,FFA,1
14,sus,sm_2_vox,-0.05181535083139443,-0.022316324307625725,FFA,2
14,sus,sm_2_vox,0.05890812284435034,0.05249164480217619,FFA,3
14,er,unsmoothed,-0.01296839870853074,-0.012973833213217656,FFA,1
14,er,unsmoothed,-0.004143240885087393,-0.012171440847032559,FFA,2
14,er,unsmoothed,-0.025319616654673492,-0.02525422219091295,FFA,3
14,er,sm_2_vox,0.13349922160908,0.12643709026069352,FFA,1
14,er,sm_2_vox,0.10641496213373555,0.09515353514609187,FFA,2
14,er,sm_2_vox,0.0886123635634661,0.07615187020316269,FFA,3
14,miniblock,unsmoothed,0.01967980937296126,0.01914606779406463,PPA,1
14,miniblock,unsmoothed,0.035031915113527934,0.03266061593341877,PPA,2
14,miniblock,unsmoothed,0.002768136628765669,0.01119737176516033,PPA,3
14,miniblock,sm_2_vox,0.1538084706202389,0.158634093532868,PPA,1
14,miniblock,sm_2_vox,0.15344073226965432,0.14772241149060106,PPA,2
14,miniblock,sm_2_vox,0.04642531905301629,0.046097779872918965,PPA,3
14,sus,unsmoothed,0.010094527937243556,0.01459111023206249,PPA,1
14,sus,unsmoothed,0.016471849264350802,0.013238159949548998,PPA,2
14,sus,unsmoothed,0.006653663256030628,0.003507899675907151,PPA,3
14,sus,sm_2_vox,0.09826224947264355,0.10205680802819402,PPA,1
14,sus,sm_2_vox,0.050693645653546025,0.051815332418554655,PPA,2
14,sus,sm_2_vox,0.06582383018113776,0.06523248697351898,PPA,3
14,er,unsmoothed,-0.028435903566127962,-0.022861831834855954,PPA,1
14,er,unsmoothed,-0.019242193218716307,-0.01983323028531633,PPA,2
14,er,unsmoothed,-0.008758114650255278,-0.004065364200366864,PPA,3
14,er,sm_2_vox,0.06953172795485414,0.06666496590415397,PPA,1
14,er,sm_2_vox,0.05731257077955827,0.0488592760571361,PPA,2
14,er,sm_2_vox,0.021228024556909638,0.011034457963188813,PPA,3
14,miniblock,unsmoothed,0.01877627352816729,0.0199811324743773,EBA,1
14,miniblock,unsmoothed,0.014379226741143456,0.026276121198514427,EBA,2
14,miniblock,unsmoothed,0.04963835600994941,0.04288350836923781,EBA,3
14,miniblock,sm_2_vox,0.14705088021752885,0.14794703108259386,EBA,1
14,miniblock,sm_2_vox,0.09580399959668608,0.10299579848106308,EBA,2
14,miniblock,sm_2_vox,0.033791278601562974,0.02982539749628702,EBA,3
14,sus,unsmoothed,0.039506640766080466,0.0333104882617946,EBA,1
14,sus,unsmoothed,0.007752133876155511,0.008701478260968383,EBA,2
14,sus,unsmoothed,0.025696030355533826,0.02409725145193224,EBA,3
14,sus,sm_2_vox,0.1047520875287408,0.10187625288427933,EBA,1
14,sus,sm_2_vox,0.008870594829843592,0.01592311442394798,EBA,2
14,sus,sm_2_vox,0.03359751977577638,0.028852754690774706,EBA,3
14,er,unsmoothed,-0.007316306060927782,-0.0019245478492150123,EBA,1
14,er,unsmoothed,-0.03323582122863875,-0.028405803143691826,EBA,2
14,er,unsmoothed,0.01967387603185431,0.015447643638951078,EBA,3
14,er,sm_2_vox,0.0662567513433403,0.08488567805067172,EBA,1
14,er,sm_2_vox,0.07668462066720873,0.07304676782513846,EBA,2
14,er,sm_2_vox,0.08853497756609634,0.08328045867601,EBA,3
14,miniblock,unsmoothed,0.027037255951952423,0.02756935930742826,EVC,1
14,miniblock,unsmoothed,0.028174147104475612,0.034127761935379405,EVC,2
14,miniblock,unsmoothed,0.033816888792213375,0.03066375352717697,EVC,3
14,miniblock,sm_2_vox,0.1137248155613555,0.1176843512091711,EVC,1
14,miniblock,sm_2_vox,0.11813715894710987,0.12584109549223313,EVC,2
14,miniblock,sm_2_vox,0.055776159297887956,0.065525511878622,EVC,3
14,sus,unsmoothed,0.004429320327585385,0.006856882555328322,EVC,1
14,sus,unsmoothed,0.031045015749208933,0.03574271586462033,EVC,2
14,sus,unsmoothed,0.01602775652237163,0.01503961770822723,EVC,3
14,sus,sm_2_vox,0.09355182135491862,0.09120673076936046,EVC,1
14,sus,sm_2_vox,0.06698219016000917,0.07153077256030226,EVC,2
14,sus,sm_2_vox,0.03250605134598063,0.028513246060909783,EVC,3
14,er,unsmoothed,-0.05870145889575814,-0.052207110590488874,EVC,1
14,er,unsmoothed,-0.0267261444625563,-0.027345665914024844,EVC,2
14,er,unsmoothed,-0.040152655824081396,-0.03709327394298411,EVC,3
14,er,sm_2_vox,0.009015710554339008,0.011305708855594645,EVC,1
14,er,sm_2_vox,0.032098369247727826,0.03253724003830585,EVC,2
14,er,sm_2_vox,0.0033979513738556545,0.0032714785310528614,EVC,3
15,miniblock,unsmoothed,0.013981858166165748,0.024025484565910388,visually_responsive_voxels,1
15,miniblock,unsmoothed,0.023283995834863902,0.03466532342103375,visually_responsive_voxels,2
15,miniblock,unsmoothed,0.04797862693148049,0.059837098084637635,visually_responsive_voxels,3
15,miniblock,sm_2_vox,0.041728698427382444,0.065059286310512,visually_responsive_voxels,1
15,miniblock,sm_2_vox,0.06815407715962904,0.08727840322730764,visually_responsive_voxels,2
15,miniblock,sm_2_vox,0.07980146206470237,0.10584899925840031,visually_responsive_voxels,3
15,sus,unsmoothed,0.05388757391254754,0.0561935277929624,visually_responsive_voxels,1
15,sus,unsmoothed,0.02083218507514231,0.028127461096188064,visually_responsive_voxels,2
15,sus,unsmoothed,0.025009009737062275,0.032927461592526824,visually_responsive_voxels,3
15,sus,sm_2_vox,0.025891823554106665,0.054076979058893755,visually_responsive_voxels,1
15,sus,sm_2_vox,0.058376742589192065,0.07458566579825157,visually_responsive_voxels,2
15,sus,sm_2_vox,0.04690319274530916,0.06624041079889226,visually_responsive_voxels,3
15,er,unsmoothed,0.005618457380510422,0.005569044960161173,visually_responsive_voxels,1
15,er,unsmoothed,0.01016296094220178,0.008875126446026897,visually_responsive_voxels,2
15,er,unsmoothed,0.00851687544677629,0.009328932157536515,visually_responsive_voxels,3
15,er,sm_2_vox,0.05748177034733224,0.05926087048299899,visually_responsive_voxels,1
15,er,sm_2_vox,0.010174782136671306,0.011175030321721355,visually_responsive_voxels,2
15,er,sm_2_vox,0.012552929974715177,0.013554054298749391,visually_responsive_voxels,3
15,miniblock,unsmoothed,0.10068130649256896,0.11464765111922179,FFA,1
15,miniblock,unsmoothed,0.14447284706066033,0.157813459078345,FFA,2
15,miniblock,unsmoothed,0.13543779311141696,0.14418527238959122,FFA,3
15,miniblock,sm_2_vox,0.3684591102813264,0.328963334254177,FFA,1
15,miniblock,sm_2_vox,0.4529586546719383,0.4173958502139402,FFA,2
15,miniblock,sm_2_vox,0.35342436351580375,0.3611787758291888,FFA,3
15,sus,unsmoothed,0.14263114215413147,0.14780628036854312,FFA,1
15,sus,unsmoothed,0.12161830068676993,0.13421041541209688,FFA,2
15,sus,unsmoothed,0.10447745614889177,0.10971050414705386,FFA,3
15,sus,sm_2_vox,0.3615406156745079,0.3521514525672088,FFA,1
15,sus,sm_2_vox,0.3909396195656102,0.3651484982706703,FFA,2
15,sus,sm_2_vox,0.2672406235545356,0.2674103382102984,FFA,3
15,er,unsmoothed,0.02162561981995731,0.015953356577337135,FFA,1
15,er,unsmoothed,0.03913995260057069,0.04236037024675864,FFA,2
15,er,unsmoothed,0.013216115526980154,0.02040006973524168,FFA,3
15,er,sm_2_vox,0.09004616239213728,0.09357365269475691,FFA,1
15,er,sm_2_vox,0.1346345720870327,0.13714148018254377,FFA,2
15,er,sm_2_vox,0.13535985395746541,0.12503882236792555,FFA,3
15,miniblock,unsmoothed,0.028957286438546267,0.028716520741082906,PPA,1
15,miniblock,unsmoothed,0.03410433501349391,0.033885137742063365,PPA,2
15,miniblock,unsmoothed,0.05322881116933172,0.05573161283776089,PPA,3
15,miniblock,sm_2_vox,0.0490678347147122,0.0558098641363319,PPA,1
15,miniblock,sm_2_vox,0.09798253002954829,0.09716648626443347,PPA,2
15,miniblock,sm_2_vox,0.10844122631419847,0.10709519792637012,PPA,3
15,sus,unsmoothed,0.028480413530122026,0.03377200787085754,PPA,1
15,sus,unsmoothed,0.03617359562097744,0.03521130094056259,PPA,2
15,sus,unsmoothed,0.02088809461407272,0.030614555084645736,PPA,3
15,sus,sm_2_vox,0.09802929410347361,0.10503789514327866,PPA,1
15,sus,sm_2_vox,0.07701987548901609,0.07398160685400466,PPA,2
15,sus,sm_2_vox,0.11744921235069689,0.12040687212962146,PPA,3
15,er,unsmoothed,-0.0011218214891992873,-0.00044526648220672365,PPA,1
15,er,unsmoothed,0.02718827365857642,0.020489204795907212,PPA,2
15,er,unsmoothed,-0.02453495885763224,-0.017462492283451026,PPA,3
15,er,sm_2_vox,0.042960189779796425,0.038817686642079664,PPA,1
15,er,sm_2_vox,0.023430399956130804,0.014026031489005303,PPA,2
15,er,sm_2_vox,0.02827708838239055,0.0326029115232058,PPA,3
15,miniblock,unsmoothed,0.022391114110974546,0.028183319802363927,EBA,1
15,miniblock,unsmoothed,0.06681593426410962,0.07196532975372343,EBA,2
15,miniblock,unsmoothed,0.05703368663306717,0.05977317287230021,EBA,3
15,miniblock,sm_2_vox,0.07919079753863005,0.09797821695967017,EBA,1
15,miniblock,sm_2_vox,0.15644491103847852,0.1621936009029926,EBA,2
15,miniblock,sm_2_vox,0.1633632120371889,0.17082892639137118,EBA,3
15,sus,unsmoothed,0.069823110282725,0.06688991307121,EBA,1
15,sus,unsmoothed,0.05352320839214407,0.05682594414799339,EBA,2
15,sus,unsmoothed,0.029239452457067123,0.03143311798852065,EBA,3
15,sus,sm_2_vox,0.09991461162751136,0.11039147485717782,EBA,1
15,sus,sm_2_vox,0.18489352455521066,0.18248734542192338,EBA,2
15,sus,sm_2_vox,0.10702775898009811,0.10790383860753255,EBA,3
15,er,unsmoothed,0.009113366815313675,0.007904922164575449,EBA,1
15,er,unsmoothed,0.015063340278324663,0.01421686881070021,EBA,2
15,er,unsmoothed,0.00793243962131638,0.010543021180410788,EBA,3
15,er,sm_2_vox,0.0956786269344919,0.09429301556941153,EBA,1
15,er,sm_2_vox,0.017479923431454637,0.013363586896216197,EBA,2
15,er,sm_2_vox,0.019084470180656836,0.02068374864717551,EBA,3
15,miniblock,unsmoothed,0.06674607389976332,0.08771140327625875,EVC,1
15,miniblock,unsmoothed,0.07199124336424768,0.09188077839375364,EVC,2
15,miniblock,unsmoothed,0.11535427535284028,0.1408783298392381,EVC,3
15,miniblock,sm_2_vox,0.12091350688052419,0.17848948601080586,EVC,1
15,miniblock,sm_2_vox,0.16899710912405244,0.2031339972577085,EVC,2
15,miniblock,sm_2_vox,0.20995904010955824,0.2477506811025725,EVC,3
15,sus,unsmoothed,0.11192258912492159,0.12029018736088355,EVC,1
15,sus,unsmoothed,0.07278315178360363,0.08388142030776238,EVC,2
15,sus,unsmoothed,0.06476496130157677,0.08715298079205464,EVC,3
15,sus,sm_2_vox,0.1680080095879525,0.21254856644783277,EVC,1
15,sus,sm_2_vox,0.19615942645056905,0.21376221653812638,EVC,2
15,sus,sm_2_vox,0.18221906007804312,0.21455262205083764,EVC,3
15,er,unsmoothed,0.011706810509750878,0.014037815081277973,EVC,1
15,er,unsmoothed,0.03091762034869222,0.028650589340247324,EVC,2
15,er,unsmoothed,0.026033579447833386,0.027591162565984133,EVC,3
15,er,sm_2_vox,0.10699896133709477,0.11286860323137946,EVC,1
15,er,sm_2_vox,0.08786462990702398,0.08576014861417557,EVC,2
15,er,sm_2_vox,0.026583952914607314,0.031088532770804818,EVC,3
17,miniblock,unsmoothed,0.024496272599813178,0.02724156292954861,visually_responsive_voxels,1
17,miniblock,unsmoothed,0.0028002479441057776,0.007119609113928181,visually_responsive_voxels,2
17,miniblock,unsmoothed,0.02053910006123235,0.01881949126344668,visually_responsive_voxels,3
17,miniblock,sm_2_vox,0.05167687683038903,0.06838129616207721,visually_responsive_voxels,1
17,miniblock,sm_2_vox,0.04395992685337131,0.05784162073772438,visually_responsive_voxels,2
17,miniblock,sm_2_vox,0.04702968433228346,0.04408244926779293,visually_responsive_voxels,3
17,sus,unsmoothed,-0.032776390528450064,-0.03331732845639539,visually_responsive_voxels,1
17,sus,unsmoothed,-0.00615964264009123,-0.0038173362236052968,visually_responsive_voxels,2
17,sus,unsmoothed,0.022140085340936293,0.02188008258675303,visually_responsive_voxels,3
17,sus,sm_2_vox,-0.05134710116588148,-0.04982266076591461,visually_responsive_voxels,1
17,sus,sm_2_vox,0.025682928980097077,0.029561247728251226,visually_responsive_voxels,2
17,sus,sm_2_vox,0.042190923076633274,0.04139387347743788,visually_responsive_voxels,3
17,er,unsmoothed,0.001361651174821026,0.0022794428690042444,visually_responsive_voxels,1
17,er,unsmoothed,0.0312393201087136,0.030313435760670544,visually_responsive_voxels,2
17,er,unsmoothed,-0.006191675749336458,-0.008261505063392013,visually_responsive_voxels,3
17,er,sm_2_vox,0.030112657959741843,0.03136458307189784,visually_responsive_voxels,1
17,er,sm_2_vox,0.03592933142322256,0.03811387667212148,visually_responsive_voxels,2
17,er,sm_2_vox,0.017671766349012533,0.018981796123687073,visually_responsive_voxels,3
17,miniblock,unsmoothed,0.05701932380261629,0.0638902234859765,FFA,1
17,miniblock,unsmoothed,0.02995034739289759,0.03588285595839466,FFA,2
17,miniblock,unsmoothed,0.07728693499210962,0.0703585183414098,FFA,3
17,miniblock,sm_2_vox,0.16219645551034784,0.161868812804305,FFA,1
17,miniblock,sm_2_vox,0.17584118819121086,0.16347006575440226,FFA,2
17,miniblock,sm_2_vox,0.161921956611941,0.1503634876293702,FFA,3
17,sus,unsmoothed,-0.06984756869399061,-0.07292541478288458,FFA,1
17,sus,unsmoothed,-0.005966286922991393,-0.004318327586755541,FFA,2
17,sus,unsmoothed,0.07332520601191708,0.06869697565476089,FFA,3
17,sus,sm_2_vox,-0.1730474997581137,-0.15240288795613988,FFA,1
17,sus,sm_2_vox,0.056048828715762763,0.062485086876197866,FFA,2
17,sus,sm_2_vox,0.12098208087740767,0.11243178052379546,FFA,3
17,er,unsmoothed,0.02464614588537943,0.028984913486666798,FFA,1
17,er,unsmoothed,0.06580674634467168,0.056268029580598164,FFA,2
17,er,unsmoothed,0.028185643389657462,0.02135986053738819,FFA,3
17,er,sm_2_vox,0.10958540816969808,0.09893644482741695,FFA,1
17,er,sm_2_vox,0.08605711748929151,0.08048569129883215,FFA,2
17,er,sm_2_vox,0.08887194622351582,0.08414191147919764,FFA,3
17,miniblock,unsmoothed,-0.0032037908847633856,-0.002286784704260961,PPA,1
17,miniblock,unsmoothed,-0.0013816745410480114,-0.0011691234153216304,PPA,2
17,miniblock,unsmoothed,0.012379809606545299,0.015602503200823348,PPA,3
17,miniblock,sm_2_vox,0.010533855242195318,0.015487731915359544,PPA,1
17,miniblock,sm_2_vox,0.06979970558539089,0.06757331773494699,PPA,2
17,miniblock,sm_2_vox,0.0493585432191847,0.047858508983751005,PPA,3
17,sus,unsmoothed,-0.058302883948923925,-0.05414497000555967,PPA,1
17,sus,unsmoothed,-0.00772882088407666,-0.007636827532197987,PPA,2
17,sus,unsmoothed,0.024758800984160802,0.023081288279418414,PPA,3
17,sus,sm_2_vox,-0.1212315379024346,-0.12009114477422426,PPA,1
17,sus,sm_2_vox,0.025791540515385875,0.024883120682064434,PPA,2
17,sus,sm_2_vox,0.07747358478626362,0.06901329744056726,PPA,3
17,er,unsmoothed,0.0036239211396033155,0.008140046658068468,PPA,1
17,er,unsmoothed,0.03101148869202836,0.025832468934349644,PPA,2
17,er,unsmoothed,-0.007526687371202828,-0.008304261080765743,PPA,3
17,er,sm_2_vox,0.036094728744386566,0.03466052593958826,PPA,1
17,er,sm_2_vox,0.01564855172616122,0.019157658665513246,PPA,2
17,er,sm_2_vox,0.03412162696247012,0.032878297211166835,PPA,3
17,miniblock,unsmoothed,0.027335251589411903,0.03106492961654579,EBA,1
17,miniblock,unsmoothed,0.004462732840365413,0.010482024693662674,EBA,2
17,miniblock,unsmoothed,0.03390146963571825,0.026285920135016527,EBA,3
17,miniblock,sm_2_vox,0.07384201551615978,0.0863710712255575,EBA,1
17,miniblock,sm_2_vox,0.04599332507631468,0.05435040941417236,EBA,2
17,miniblock,sm_2_vox,0.038330498038363955,0.04557929030012144,EBA,3
17,sus,unsmoothed,-0.07417487872140968,-0.07171657543608453,EBA,1
17,sus,unsmoothed,-0.0171112173492873,-0.014143194101501867,EBA,2
17,sus,unsmoothed,0.054357330474221414,0.0493151440188152,EBA,3
17,sus,sm_2_vox,-0.13466071766418353,-0.13255557759407502,EBA,1
17,sus,sm_2_vox,0.003257210446756597,0.006547432732304798,EBA,2
17,sus,sm_2_vox,0.10012925043391717,0.09392952408592989,EBA,3
17,er,unsmoothed,0.0029542297569751614,0.005359440463209404,EBA,1
17,er,unsmoothed,0.03436674106328757,0.03173909086937223,EBA,2
17,er,unsmoothed,0.0010381782309810093,-0.000626666492666952,EBA,3
17,er,sm_2_vox,0.034909258998894674,0.03239173365625876,EBA,1
17,er,sm_2_vox,0.04306811205004392,0.03890767261025741,EBA,2
17,er,sm_2_vox,0.05172288241111587,0.051654510287659085,EBA,3
17,miniblock,unsmoothed,0.04939701739384238,0.05668629400179493,EVC,1
17,miniblock,unsmoothed,0.04516499963830205,0.05666230532471444,EVC,2
17,miniblock,unsmoothed,0.023963815767359595,0.02249345114677955,EVC,3
17,miniblock,sm_2_vox,0.15645554541886997,0.1721088727149244,EVC,1
17,miniblock,sm_2_vox,0.17831351887720054,0.1925595978085109,EVC,2
17,miniblock,sm_2_vox,0.1102880021477491,0.10726508053050209,EVC,3
17,sus,unsmoothed,-0.0020193387858733723,-0.0007562140231822027,EVC,1
17,sus,unsmoothed,0.01417212645145887,0.020213094286093247,EVC,2
17,sus,unsmoothed,0.01118173312237443,0.015938851660580827,EVC,3
17,sus,sm_2_vox,0.007948946697227864,0.013611254958300286,EVC,1
17,sus,sm_2_vox,0.05641050036316817,0.07686189130596109,EVC,2
17,sus,sm_2_vox,0.04838812864400388,0.04465857036128881,EVC,3
17,er,unsmoothed,0.017404856362523244,0.018274481664608204,EVC,1
17,er,unsmoothed,0.04781996680929551,0.04700259166578209,EVC,2
17,er,unsmoothed,-0.017139533229904476,-0.020589885390433438,EVC,3
17,er,sm_2_vox,0.07549289808065263,0.07315905005555068,EVC,1
17,er,sm_2_vox,0.09089577608637536,0.0904840451949722,EVC,2
17,er,sm_2_vox,-0.008210335755889071,-0.012374794375543875,EVC,3
18,miniblock,unsmoothed,-0.0015618899988211867,0.003912660301504931,visually_responsive_voxels,1
18,miniblock,unsmoothed,0.015691637599695777,0.021419308478548463,visually_responsive_voxels,2
18,miniblock,unsmoothed,0.02371635832279975,0.026606231797867082,visually_responsive_voxels,3
18,miniblock,sm_2_vox,0.0699715192687703,0.08751426451077149,visually_responsive_voxels,1
18,miniblock,sm_2_vox,0.05472185880433679,0.06772588792383903,visually_responsive_voxels,2
18,miniblock,sm_2_vox,0.060949363190517795,0.07122650979609993,visually_responsive_voxels,3
18,sus,unsmoothed,0.03531464711293132,0.039907472456976324,visually_responsive_voxels,1
18,sus,unsmoothed,0.045279085775647154,0.05157675237643411,visually_responsive_voxels,2
18,sus,unsmoothed,0.0072276913653419456,0.010972904543348566,visually_responsive_voxels,3
18,sus,sm_2_vox,0.09164212601349594,0.10748295280499254,visually_responsive_voxels,1
18,sus,sm_2_vox,0.0930784610838736,0.11507621294753374,visually_responsive_voxels,2
18,sus,sm_2_vox,0.0329955237877627,0.037233885821267944,visually_responsive_voxels,3
18,er,unsmoothed,0.01014804381443039,0.011120420688999417,visually_responsive_voxels,1
18,er,unsmoothed,0.018379313071268076,0.017753884901585613,visually_responsive_voxels,2
18,er,unsmoothed,0.013478201554738861,0.013943508144085468,visually_responsive_voxels,3
18,er,sm_2_vox,0.025269030171300985,0.028238612465462238,visually_responsive_voxels,1
18,er,sm_2_vox,0.030190235633936663,0.027926455589750314,visually_responsive_voxels,2
18,er,sm_2_vox,0.014129294004056839,0.014338084368105906,visually_responsive_voxels,3
18,miniblock,unsmoothed,0.02655246173031066,0.03696772647363682,FFA,1
18,miniblock,unsmoothed,0.04037109165956348,0.050503476487337384,FFA,2
18,miniblock,unsmoothed,0.06729643927470468,0.06684292534950306,FFA,3
18,miniblock,sm_2_vox,0.22402270752531844,0.22640014367977346,FFA,1
18,miniblock,sm_2_vox,0.16223013649425067,0.16034853316757772,FFA,2
18,miniblock,sm_2_vox,0.2499019444209365,0.23766539109982146,FFA,3
18,sus,unsmoothed,0.08278228613944436,0.09123469312142288,FFA,1
18,sus,unsmoothed,0.0909719076379836,0.1039640299916062,FFA,2
18,sus,unsmoothed,0.05794247013391265,0.06281355968035476,FFA,3
18,sus,sm_2_vox,0.31486613355411286,0.3144308436163393,FFA,1
18,sus,sm_2_vox,0.3168371028401157,0.30335792411085366,FFA,2
18,sus,sm_2_vox,0.1757896246895523,0.1767906672791535,FFA,3
18,er,unsmoothed,0.03502861866912027,0.02781936711979042,FFA,1
18,er,unsmoothed,0.0044800466738485825,0.008809878170491493,FFA,2
18,er,unsmoothed,0.02980934437134633,0.030529323360492477,FFA,3
18,er,sm_2_vox,0.10326146804496765,0.11520260380178267,FFA,1
18,er,sm_2_vox,0.10334499739464108,0.10161953681792102,FFA,2
18,er,sm_2_vox,0.13678540360102473,0.12902433804793917,FFA,3
18,miniblock,unsmoothed,-0.0021135621762687793,0.003052419426070179,PPA,1
18,miniblock,unsmoothed,0.02208232405372002,0.01893562078586384,PPA,2
18,miniblock,unsmoothed,0.01894431892812616,0.016396573539626785,PPA,3
18,miniblock,sm_2_vox,0.080527916915556,0.0884359734870366,PPA,1
18,miniblock,sm_2_vox,0.05206805539378015,0.05733927494357809,PPA,2
18,miniblock,sm_2_vox,0.06527237496006773,0.07172751330246807,PPA,3
18,sus,unsmoothed,0.03680163728274735,0.03982841799393876,PPA,1
18,sus,unsmoothed,0.03249337853439243,0.039946309819875,PPA,2
18,sus,unsmoothed,-0.0049118110759212,-0.0033451849770623466,PPA,3
18,sus,sm_2_vox,0.11286273125762716,0.11904979030421714,PPA,1
18,sus,sm_2_vox,0.09067536798896263,0.1116236955082413,PPA,2
18,sus,sm_2_vox,0.027267874016484513,0.031042513300874514,PPA,3
18,er,unsmoothed,0.010990623510965055,0.014216883235479849,PPA,1
18,er,unsmoothed,-0.006412840963330533,-0.004152016321946619,PPA,2
18,er,unsmoothed,-0.0006948959170339519,0.0016913984456021311,PPA,3
18,er,sm_2_vox,0.0537093120127579,0.05655249616038385,PPA,1
18,er,sm_2_vox,0.032840964836880815,0.024960471280179537,PPA,2
18,er,sm_2_vox,-0.012049941389187344,-0.013805934213024534,PPA,3
18,miniblock,unsmoothed,0.017973507139171806,0.02239223012955757,EBA,1
18,miniblock,unsmoothed,0.026426600812324626,0.035098779424226595,EBA,2
18,miniblock,unsmoothed,0.03834223845491348,0.04467224555277604,EBA,3
18,miniblock,sm_2_vox,0.16229443915548747,0.16258941705043675,EBA,1
18,miniblock,sm_2_vox,0.13740219647611376,0.14203392378257132,EBA,2
18,miniblock,sm_2_vox,0.15594657307806445,0.15787657609416306,EBA,3
18,sus,unsmoothed,0.04126889048085031,0.04567479242493712,EBA,1
18,sus,unsmoothed,0.07280585932623021,0.08076151834902637,EBA,2
18,sus,unsmoothed,0.021022688654259714,0.024932162791467274,EBA,3
18,sus,sm_2_vox,0.11081196711507232,0.10984677197612423,EBA,1
18,sus,sm_2_vox,0.22139540108049727,0.21541237661907436,EBA,2
18,sus,sm_2_vox,0.06124594464454183,0.06099323925047759,EBA,3
18,er,unsmoothed,-0.015111866905573118,-0.01704271668327105,EBA,1
18,er,unsmoothed,0.020282959239092554,0.020950482592820514,EBA,2
18,er,unsmoothed,0.01225091199149185,0.010861928018664918,EBA,3
18,er,sm_2_vox,-0.05524569825298973,-0.05971166749988615,EBA,1
18,er,sm_2_vox,0.09250890539823854,0.0894550231109525,EBA,2
18,er,sm_2_vox,-0.0016538021847858145,0.0011656806671958284,EBA,3
18,miniblock,unsmoothed,0.03871380627361385,0.052067610531490095,EVC,1
18,miniblock,unsmoothed,0.06128537620667571,0.07093171894763117,EVC,2
18,miniblock,unsmoothed,0.04825276597225707,0.0564194221532744,EVC,3
18,miniblock,sm_2_vox,0.18971068513109987,0.20220857202815432,EVC,1
18,miniblock,sm_2_vox,0.15676319598219468,0.1724811263266756,EVC,2
18,miniblock,sm_2_vox,0.12835046666376584,0.1509355490496706,EVC,3
18,sus,unsmoothed,0.08382654608952343,0.09628419491557808,EVC,1
18,sus,unsmoothed,0.09083611146020304,0.10661532607623467,EVC,2
18,sus,unsmoothed,0.03197625260840354,0.03673724459652216,EVC,3
18,sus,sm_2_vox,0.1953281241521158,0.20582699439651903,EVC,1
18,sus,sm_2_vox,0.22399466613562558,0.24264974648990775,EVC,2
18,sus,sm_2_vox,0.08984211714556808,0.09163816833429547,EVC,3
18,er,unsmoothed,0.03536876897275108,0.03547255988225577,EVC,1
18,er,unsmoothed,0.03311110520668919,0.030050112995825173,EVC,2
18,er,unsmoothed,0.02800821420530586,0.027328588708152177,EVC,3
18,er,sm_2_vox,0.11018732169319914,0.10816367076528408,EVC,1
18,er,sm_2_vox,0.07464148869027763,0.07227971481292485,EVC,2
18,er,sm_2_vox,0.031748367015381126,0.031766102941135556,EVC,3
19,miniblock,unsmoothed,0.04141479310478658,0.04014528827969166,visually_responsive_voxels,1
19,miniblock,unsmoothed,-0.009395891094534118,-0.006999922439859485,visually_responsive_voxels,2
19,miniblock,unsmoothed,0.05833772917754738,0.055559463211121964,visually_responsive_voxels,3
19,miniblock,sm_2_vox,0.059862577731553644,0.05804259861341791,visually_responsive_voxels,1
19,miniblock,sm_2_vox,0.03847689673167723,0.04660987613577839,visually_responsive_voxels,2
19,miniblock,sm_2_vox,0.03910797182856075,0.036535380603596256,visually_responsive_voxels,3
19,sus,unsmoothed,0.05692828904587569,0.054950789506202566,visually_responsive_voxels,1
19,sus,unsmoothed,-0.0116301492933579,-0.010004650854498209,visually_responsive_voxels,2
19,sus,unsmoothed,0.006034497007633973,0.007874085559464738,visually_responsive_voxels,3
19,sus,sm_2_vox,0.0644903193796319,0.06252461953792472,visually_responsive_voxels,1
19,sus,sm_2_vox,0.007223988195338687,0.015359833621482886,visually_responsive_voxels,2
19,sus,sm_2_vox,0.02550159539640641,0.02846927206158184,visually_responsive_voxels,3
19,er,unsmoothed,0.022077464705792155,0.021738966014942126,visually_responsive_voxels,1
19,er,unsmoothed,0.000799153030175772,-0.000423284142183323,visually_responsive_voxels,2
19,er,unsmoothed,0.010107814862883069,0.009837234176780441,visually_responsive_voxels,3
19,er,sm_2_vox,0.04219052907827385,0.04291858021718127,visually_responsive_voxels,1
19,er,sm_2_vox,0.026780695493190846,0.02567322728786984,visually_responsive_voxels,2
19,er,sm_2_vox,0.03158950002398591,0.029334445744190127,visually_responsive_voxels,3
19,miniblock,unsmoothed,0.031992618264559014,0.03941090167713022,FFA,1
19,miniblock,unsmoothed,0.0591501811927547,0.054285037702146294,FFA,2
19,miniblock,unsmoothed,0.072946616213885,0.06650051763710298,FFA,3
19,miniblock,sm_2_vox,0.2105093925759902,0.20450458272240316,FFA,1
19,miniblock,sm_2_vox,0.2124141257272899,0.22228379714441682,FFA,2
19,miniblock,sm_2_vox,0.08199890447491257,0.0730354478987668,FFA,3
19,sus,unsmoothed,0.10361651201923162,0.09301602158516745,FFA,1
19,sus,unsmoothed,0.002824008506261348,0.00365775416414596,FFA,2
19,sus,unsmoothed,0.0066959352568176644,0.010751356259988609,FFA,3
19,sus,sm_2_vox,0.219247875931203,0.20880872102299514,FFA,1
19,sus,sm_2_vox,0.05842569332641389,0.028093510794865086,FFA,2
19,sus,sm_2_vox,0.016781059915913655,0.02154783826335334,FFA,3
19,er,unsmoothed,0.04431077727942703,0.0340430543709147,FFA,1
19,er,unsmoothed,-0.02476670982674025,-0.014562078218164713,FFA,2
19,er,unsmoothed,-0.016438288348214175,-0.012965481345264854,FFA,3
19,er,sm_2_vox,0.0064666669634500795,0.013025632904639,FFA,1
19,er,sm_2_vox,0.011363550494735586,0.012355399118482059,FFA,2
19,er,sm_2_vox,0.002835417622371092,0.01406796738446397,FFA,3
19,miniblock,unsmoothed,0.05801871516320466,0.05967182797957393,PPA,1
19,miniblock,unsmoothed,-0.008993892393079298,-0.015073942099730342,PPA,2
19,miniblock,unsmoothed,0.04382602469474867,0.04084724557236069,PPA,3
19,miniblock,sm_2_vox,0.10168754086072637,0.10104622228453428,PPA,1
19,miniblock,sm_2_vox,-0.024476656361561967,-0.02130439544825673,PPA,2
19,miniblock,sm_2_vox,-0.008636981763957201,-0.002715481738670967,PPA,3
19,sus,unsmoothed,0.010721918584953659,0.010452369124728345,PPA,1
19,sus,unsmoothed,0.021518838686505233,0.011251065803400772,PPA,2
19,sus,unsmoothed,0.012517810860009786,0.01930349827074898,PPA,3
19,sus,sm_2_vox,0.08658117097026541,0.07597367668827068,PPA,1
19,sus,sm_2_vox,-0.057370515337784485,-0.0518144518359412,PPA,2
19,sus,sm_2_vox,0.11599897914938379,0.12819045265347276,PPA,3
19,er,unsmoothed,0.021938562922684972,0.018206722255709337,PPA,1
19,er,unsmoothed,0.018485324731491504,0.016921541474154714,PPA,2
19,er,unsmoothed,0.03567696073010586,0.04041015481640639,PPA,3
19,er,sm_2_vox,0.057227253696048794,0.030529577158750223,PPA,1
19,er,sm_2_vox,0.04315676812248291,0.05251193588462146,PPA,2
19,er,sm_2_vox,0.08252727852888148,0.09278904354562373,PPA,3
19,miniblock,unsmoothed,0.05717253567574856,0.05179006093954422,EBA,1
19,miniblock,unsmoothed,0.0015159617014100695,0.0015046950717509957,EBA,2
19,miniblock,unsmoothed,0.060460021645891676,0.05224122258121241,EBA,3
19,miniblock,sm_2_vox,0.05962711718195456,0.06090840684521168,EBA,1
19,miniblock,sm_2_vox,0.10273468407378313,0.0993610956010118,EBA,2
19,miniblock,sm_2_vox,0.003209030227786431,0.002529439331673505,EBA,3
19,sus,unsmoothed,0.0855081401601877,0.08308765883509546,EBA,1
19,sus,unsmoothed,-0.009540275677998339,-0.006973986021776699,EBA,2
19,sus,unsmoothed,0.008875717185268098,0.016254508245381563,EBA,3
19,sus,sm_2_vox,0.17932182672434596,0.1652113331245612,EBA,1
19,sus,sm_2_vox,-0.012519798263999425,-0.000487424688610656,EBA,2
19,sus,sm_2_vox,0.08548129605271865,0.0686290321913219,EBA,3
19,er,unsmoothed,0.024309984957598847,0.02020959364246824,EBA,1
19,er,unsmoothed,-0.0005463152466284142,-0.001710271859103354,EBA,2
19,er,unsmoothed,0.02313705002837624,0.020308751889672697,EBA,3
19,er,sm_2_vox,0.07146111827962606,0.057454173302691786,EBA,1
19,er,sm_2_vox,-0.0029356516286763792,-0.011194756563376063,EBA,2
19,er,sm_2_vox,0.06756603558450514,0.0539602138053582,EBA,3
19,miniblock,unsmoothed,0.07384849361666332,0.07116291070402377,EVC,1
19,miniblock,unsmoothed,0.014773004268858303,0.02166911970872992,EVC,2
19,miniblock,unsmoothed,0.06827581754114664,0.06675388595219187,EVC,3
19,miniblock,sm_2_vox,0.1123149758279706,0.11270804396930434,EVC,1
19,miniblock,sm_2_vox,0.08575577847400861,0.09592329778673385,EVC,2
19,miniblock,sm_2_vox,0.0576821159879264,0.05440362817416223,EVC,3
19,sus,unsmoothed,0.09148489572194715,0.08695748532910169,EVC,1
19,sus,unsmoothed,0.02015027601358095,0.024035926044032034,EVC,2
19,sus,unsmoothed,0.012177918477265685,0.016639433175964904,EVC,3
19,sus,sm_2_vox,0.10537251817310371,0.10860501005637942,EVC,1
19,sus,sm_2_vox,0.07808993868410588,0.09397053011675073,EVC,2
19,sus,sm_2_vox,0.019960323130188078,0.030812218531459806,EVC,3
19,er,unsmoothed,0.032505591552919585,0.029644697811051945,EVC,1
19,er,unsmoothed,0.02341327738999923,0.02053107364278499,EVC,2
19,er,unsmoothed,0.01640295781198875,0.01704544343207604,EVC,3
19,er,sm_2_vox,0.09025874901890983,0.08783683379778418,EVC,1
19,er,sm_2_vox,0.08044081119600839,0.0751218462782949,EVC,2
19,er,sm_2_vox,0.02572347116164815,0.025654862239412903,EVC,3
20,miniblock,unsmoothed,0.030167290571828237,0.030827868227181608,visually_responsive_voxels,1
20,miniblock,unsmoothed,0.006828294356721597,0.011341070437687744,visually_responsive_voxels,2
20,miniblock,unsmoothed,0.01051589241283265,0.014321602161736282,visually_responsive_voxels,3
20,miniblock,sm_2_vox,0.03101902138214307,0.0407571231376976,visually_responsive_voxels,1
20,miniblock,sm_2_vox,-0.01851047527081618,-0.006504598567809358,visually_responsive_voxels,2
20,miniblock,sm_2_vox,0.053477313835754194,0.060132091538713746,visually_responsive_voxels,3
20,sus,unsmoothed,-0.004140246155094484,-0.0022137682255458802,visually_responsive_voxels,1
20,sus,unsmoothed,0.017845581625607492,0.01915902669045228,visually_responsive_voxels,2
20,sus,unsmoothed,0.016971739547294303,0.019581960896942217,visually_responsive_voxels,3
20,sus,sm_2_vox,0.007773550097929599,0.006470654998675804,visually_responsive_voxels,1
20,sus,sm_2_vox,0.06571018687237642,0.06601098040519723,visually_responsive_voxels,2
20,sus,sm_2_vox,0.021656572348488664,0.03144004065319503,visually_responsive_voxels,3
20,er,unsmoothed,-0.01905292434623993,-0.01819322141515282,visually_responsive_voxels,1
20,er,unsmoothed,-0.022871561956007827,-0.021046856299088434,visually_responsive_voxels,2
20,er,unsmoothed,-0.01265132566234623,-0.011335658618606007,visually_responsive_voxels,3
20,er,sm_2_vox,-0.014452229234264313,-0.01074444765582106,visually_responsive_voxels,1
20,er,sm_2_vox,-0.05048494979789352,-0.047615787931664974,visually_responsive_voxels,2
20,er,sm_2_vox,0.01214669618457849,0.012000363502787013,visually_responsive_voxels,3
20,miniblock,unsmoothed,0.08687377919186738,0.09287469833408585,FFA,1
20,miniblock,unsmoothed,0.027878837063324252,0.043753568096596945,FFA,2
20,miniblock,unsmoothed,0.0467876739636158,0.048404146984213296,FFA,3
20,miniblock,sm_2_vox,0.12838247761045585,0.15441517909282174,FFA,1
20,miniblock,sm_2_vox,0.02055258139198403,0.043208545819810255,FFA,2
20,miniblock,sm_2_vox,0.15396500013837108,0.13950650214617258,FFA,3
20,sus,unsmoothed,0.006296740066760453,0.01504944700882369,FFA,1
20,sus,unsmoothed,0.05230198280734906,0.04336274504496966,FFA,2
20,sus,unsmoothed,0.06592162331973796,0.06083105013436984,FFA,3
20,sus,sm_2_vox,0.09582615967674066,0.08602540531798834,FFA,1
20,sus,sm_2_vox,0.1151621906576993,0.09299864112724535,FFA,2
20,sus,sm_2_vox,0.06565062343883855,0.057628696747035794,FFA,3
20,er,unsmoothed,-0.020650662414644583,-0.033017381546031344,FFA,1
20,er,unsmoothed,0.00919636039618808,0.01022928708376088,FFA,2
20,er,unsmoothed,0.05015714045197199,0.04667479771369227,FFA,3
20,er,sm_2_vox,-0.06568774636510735,-0.08152147991520578,FFA,1
20,er,sm_2_vox,0.018310799000271535,0.024419873241521367,FFA,2
20,er,sm_2_vox,-0.00921959355904435,0.003768594105521483,FFA,3
20,miniblock,unsmoothed,0.0421675395501263,0.05671766735383889,PPA,1
20,miniblock,unsmoothed,0.023237767988511678,0.03006277711818685,PPA,2
20,miniblock,unsmoothed,-0.004377144435314832,-0.003900438219485859,PPA,3
20,miniblock,sm_2_vox,0.12385333862443308,0.13006754749442387,PPA,1
20,miniblock,sm_2_vox,0.08892507835965201,0.08547691129735768,PPA,2
20,miniblock,sm_2_vox,0.0074752010542695315,0.006452715679387,PPA,3
20,sus,unsmoothed,0.01003169997447343,0.010947376938756536,PPA,1
20,sus,unsmoothed,0.017446162082663436,0.00759245661436945,PPA,2
20,sus,unsmoothed,-0.013064519234001652,-0.007274922920867519,PPA,3
20,sus,sm_2_vox,0.05328783538561435,0.06190569651085015,PPA,1
20,sus,sm_2_vox,0.05842489682584606,0.048525745586964014,PPA,2
20,sus,sm_2_vox,0.0541378218088468,0.04464959955596268,PPA,3
20,er,unsmoothed,-0.015737637196956766,-0.019081972286072047,PPA,1
20,er,unsmoothed,-0.013373242378406543,-0.014605591422310339,PPA,2
20,er,unsmoothed,0.013372457178870284,0.021455405626905753,PPA,3
20,er,sm_2_vox,0.03679505755026104,0.025933644169146636,PPA,1
20,er,sm_2_vox,0.02790901358149816,0.04276817818188334,PPA,2
20,er,sm_2_vox,0.06837147224748785,0.055501830339354304,PPA,3
20,miniblock,unsmoothed,0.0447910839795151,0.0527466993107152,EBA,1
20,miniblock,unsmoothed,-0.006888800654670679,-0.0014869827604261172,EBA,2
20,miniblock,unsmoothed,0.005169444490566755,0.01373077149604231,EBA,3
20,miniblock,sm_2_vox,0.0932476967604669,0.11822872767368495,EBA,1
20,miniblock,sm_2_vox,-0.07523263727031423,-0.04410260669669953,EBA,2
20,miniblock,sm_2_vox,0.06417402495007757,0.07916154540847917,EBA,3
20,sus,unsmoothed,0.007263798667130547,0.01531145317585924,EBA,1
20,sus,unsmoothed,0.004425676825857379,0.008097301560708902,EBA,2
20,sus,unsmoothed,0.07479660251610637,0.07327596725337392,EBA,3
20,sus,sm_2_vox,0.0345700980002805,0.04445047611981871,EBA,1
20,sus,sm_2_vox,0.09294826773027297,0.09402472702270881,EBA,2
20,sus,sm_2_vox,0.1575171028026675,0.1633520109755286,EBA,3
20,er,unsmoothed,-0.02663070109433153,-0.029681458193219618,EBA,1
20,er,unsmoothed,0.008577232312012777,0.007219382712796939,EBA,2
20,er,unsmoothed,0.013139307585191414,0.006899274705047742,EBA,3
20,er,sm_2_vox,0.004458861558338335,0.008922483240433586,EBA,1
20,er,sm_2_vox,0.014849399953941446,0.023014330324447253,EBA,2
20,er,sm_2_vox,0.03810799425390361,0.043805585909679756,EBA,3
20,miniblock,unsmoothed,0.052568216814681795,0.058375538128060636,EVC,1
20,miniblock,unsmoothed,0.0105147344846446,0.013065891024833128,EVC,2
20,miniblock,unsmoothed,0.029612645194335496,0.03741319380647924,EVC,3
20,miniblock,sm_2_vox,0.08290064117400062,0.105754722665315,EVC,1
20,miniblock,sm_2_vox,-0.005831186392156622,0.008013628335260075,EVC,2
20,miniblock,sm_2_vox,0.08440203319557495,0.10163797811248472,EVC,3
20,sus,unsmoothed,0.011589884941272157,0.013721539181478016,EVC,1
20,sus,unsmoothed,0.026388671189804272,0.033437343430039006,EVC,2
20,sus,unsmoothed,0.03011455968928408,0.03223251464563238,EVC,3
20,sus,sm_2_vox,0.03792585023142843,0.032354962534654905,EVC,1
20,sus,sm_2_vox,0.1120086234690193,0.11371914731148124,EVC,2
20,sus,sm_2_vox,0.06065402763065658,0.06993765806992516,EVC,3
20,er,unsmoothed,-0.02917870157335234,-0.023712697855294416,EVC,1
20,er,unsmoothed,-0.017124252574035603,-0.01619628807582493,EVC,2
20,er,unsmoothed,-0.01642694676044601,-0.015979216047667732,EVC,3
20,er,sm_2_vox,-0.019944572197897678,-0.014074626328800594,EVC,1
20,er,sm_2_vox,-0.06877398200633719,-0.06252811445213283,EVC,2
20,er,sm_2_vox,0.04002031444082452,0.042231306849560925,EVC,3
21,miniblock,unsmoothed,0.00381630781968716,0.007999064626055354,visually_responsive_voxels,1
21,miniblock,unsmoothed,0.00841205612657403,0.010220733356616711,visually_responsive_voxels,2
21,miniblock,unsmoothed,0.01981407900314954,0.020071896980467196,visually_responsive_voxels,3
21,miniblock,sm_2_vox,0.04616896008379105,0.04927913064724942,visually_responsive_voxels,1
21,miniblock,sm_2_vox,0.057218736303364034,0.0631609001945051,visually_responsive_voxels,2
21,miniblock,sm_2_vox,0.0476491706709851,0.052880941220939344,visually_responsive_voxels,3
21,sus,unsmoothed,-0.015459014651717055,-0.013753845278417783,visually_responsive_voxels,1
21,sus,unsmoothed,0.035151908990319454,0.03456624611576948,visually_responsive_voxels,2
21,sus,unsmoothed,0.056647494537194504,0.056494796024521246,visually_responsive_voxels,3
21,sus,sm_2_vox,0.015430200794400634,0.01645617932468624,visually_responsive_voxels,1
21,sus,sm_2_vox,0.01668719453373587,0.021407362710993683,visually_responsive_voxels,2
21,sus,sm_2_vox,0.12726954635042037,0.1279616492546768,visually_responsive_voxels,3
21,er,unsmoothed,0.014311555595817056,0.014479099960917374,visually_responsive_voxels,1
21,er,unsmoothed,-0.022294317270861667,-0.021701287202370887,visually_responsive_voxels,2
21,er,unsmoothed,0.052690168525847306,0.050886887012202404,visually_responsive_voxels,3
21,er,sm_2_vox,0.019193107512556415,0.018202718186963916,visually_responsive_voxels,1
21,er,sm_2_vox,0.03638089955251017,0.03430635560152205,visually_responsive_voxels,2
21,er,sm_2_vox,0.008670784169761189,0.007089222283601508,visually_responsive_voxels,3
21,miniblock,unsmoothed,0.02708329054793545,0.028827531921824922,FFA,1
21,miniblock,unsmoothed,0.07176390122831186,0.07232751160597226,FFA,2
21,miniblock,unsmoothed,0.04812417634456925,0.047862334177331184,FFA,3
21,miniblock,sm_2_vox,0.09734959675657234,0.12109759581654292,FFA,1
21,miniblock,sm_2_vox,0.1934418874922199,0.20009169235036203,FFA,2
21,miniblock,sm_2_vox,0.17759586766342356,0.1860451219740606,FFA,3
21,sus,unsmoothed,0.05776944772774112,0.05411643832136957,FFA,1
21,sus,unsmoothed,0.07288621058582402,0.06848074648053815,FFA,2
21,sus,unsmoothed,0.04868956183232304,0.04507517817501928,FFA,3
21,sus,sm_2_vox,0.24949371569127662,0.2309873021411284,FFA,1
21,sus,sm_2_vox,0.19387542031136312,0.18846846857041863,FFA,2
21,sus,sm_2_vox,0.21130325759885663,0.18954949953949862,FFA,3
21,er,unsmoothed,0.058103814099708204,0.0594408225793625,FFA,1
21,er,unsmoothed,0.006811259676823257,0.007817356438950323,FFA,2
21,er,unsmoothed,0.08419015182658893,0.0775925724575337,FFA,3
21,er,sm_2_vox,0.21850201931471064,0.21364980886019053,FFA,1
21,er,sm_2_vox,0.0440372383834062,0.05909843051354748,FFA,2
21,er,sm_2_vox,0.10078133826778041,0.10193939229016398,FFA,3
21,miniblock,unsmoothed,-0.015706851978315853,-0.009346096208695694,PPA,1
21,miniblock,unsmoothed,0.004570458207098026,0.012324458607706045,PPA,2
21,miniblock,unsmoothed,-0.006969745262801446,-0.011945851286804055,PPA,3
21,miniblock,sm_2_vox,0.03891378646194996,0.03509066471329604,PPA,1
21,miniblock,sm_2_vox,0.042364755586668836,0.03594614642132265,PPA,2
21,miniblock,sm_2_vox,0.01074039958792095,0.016768317684581143,PPA,3
21,sus,unsmoothed,-0.018608076484520016,-0.009621364277309169,PPA,1
21,sus,unsmoothed,0.018943712204112527,0.02396462042748562,PPA,2
21,sus,unsmoothed,0.030107908606374485,0.03138689226943441,PPA,3
21,sus,sm_2_vox,0.038152357421482604,0.02984298312550089,PPA,1
21,sus,sm_2_vox,-0.0052943847282381495,-0.00199142378769228,PPA,2
21,sus,sm_2_vox,0.041484194002773846,0.049928076252055954,PPA,3
21,er,unsmoothed,0.012007712397709345,0.010345661657469146,PPA,1
21,er,unsmoothed,-0.014806712593742513,-0.012972082023554089,PPA,2
21,er,unsmoothed,0.04821224956574785,0.04634671038891655,PPA,3
21,er,sm_2_vox,0.0405126830646662,0.0532177442427695,PPA,1
21,er,sm_2_vox,0.06376999409317201,0.05318873374856378,PPA,2
21,er,sm_2_vox,0.004643970972217866,0.003213312438234613,PPA,3
21,miniblock,unsmoothed,0.017933826791988593,0.023292201506778246,EBA,1
21,miniblock,unsmoothed,0.047509945562390375,0.05146515830509646,EBA,2
21,miniblock,unsmoothed,0.03291185603717105,0.036365103482396834,EBA,3
21,miniblock,sm_2_vox,0.08958681664138086,0.09140217087558766,EBA,1
21,miniblock,sm_2_vox,0.12419451010335518,0.1276359900647734,EBA,2
21,miniblock,sm_2_vox,0.12932700117160462,0.13245009295191607,EBA,3
21,sus,unsmoothed,0.01399650546282466,0.015211320067736829,EBA,1
21,sus,unsmoothed,0.05400395878215054,0.04966435194247535,EBA,2
21,sus,unsmoothed,0.07226662265602193,0.07979216877772978,EBA,3
21,sus,sm_2_vox,0.08279679018270411,0.08838424182172346,EBA,1
21,sus,sm_2_vox,0.09399894869024548,0.09013273451522383,EBA,2
21,sus,sm_2_vox,0.206105362648888,0.20017440565836614,EBA,3
21,er,unsmoothed,0.02979066789991603,0.027215272159705574,EBA,1
21,er,unsmoothed,-0.01092323933875311,-0.008671463172804343,EBA,2
21,er,unsmoothed,0.05879734822980545,0.0608786789914001,EBA,3
21,er,sm_2_vox,0.04480882510985808,0.04921707672291241,EBA,1
21,er,sm_2_vox,0.061424146961228915,0.06221692227982551,EBA,2
21,er,sm_2_vox,0.0611894109494788,0.06245760854375556,EBA,3
21,miniblock,unsmoothed,0.028985457169175985,0.03517012566458174,EVC,1
21,miniblock,unsmoothed,0.03364695424546013,0.03675027818758968,EVC,2
21,miniblock,unsmoothed,0.021970041309549958,0.025867318349322287,EVC,3
21,miniblock,sm_2_vox,0.11068658180655608,0.11163609310867266,EVC,1
21,miniblock,sm_2_vox,0.09707108590166269,0.10788620630471606,EVC,2
21,miniblock,sm_2_vox,0.07989229491408795,0.08913238946946107,EVC,3
21,sus,unsmoothed,-0.0011723314431590446,0.00039028550194908596,EVC,1
21,sus,unsmoothed,0.047950620415900216,0.04693062336512513,EVC,2
21,sus,unsmoothed,0.07313445381844577,0.0721114709618718,EVC,3
21,sus,sm_2_vox,0.06486441598870332,0.05836360352014009,EVC,1
21,sus,sm_2_vox,0.0663715924782392,0.0707705760828298,EVC,2
21,sus,sm_2_vox,0.18190014852788183,0.18500745398878016,EVC,3
21,er,unsmoothed,0.02140411772166794,0.019358741002135603,EVC,1
21,er,unsmoothed,-0.021817681579201345,-0.019596222780744427,EVC,2
21,er,unsmoothed,0.0649621226994163,0.06240704240769801,EVC,3
21,er,sm_2_vox,0.0105832353542285,0.007996238166277505,EVC,1
21,er,sm_2_vox,0.03806669808006353,0.036331183013259605,EVC,2
21,er,sm_2_vox,0.03455837582794919,0.038885851109448144,EVC,3
22,miniblock,unsmoothed,0.05231678013501728,0.06409070376067806,visually_responsive_voxels,1
22,miniblock,unsmoothed,0.039112207591561254,0.046697449282134165,visually_responsive_voxels,2
22,miniblock,unsmoothed,-0.00807734152931839,-0.0020885105563458084,visually_responsive_voxels,3
22,miniblock,sm_2_vox,0.11988420783421973,0.1491208436471259,visually_responsive_voxels,1
22,miniblock,sm_2_vox,0.09969925743245048,0.12015017455675132,visually_responsive_voxels,2
22,miniblock,sm_2_vox,0.052858369904568464,0.06464603890973421,visually_responsive_voxels,3
22,sus,unsmoothed,0.03677930363734362,0.042806472306628665,visually_responsive_voxels,1
22,sus,unsmoothed,0.01838005496267084,0.025535515739352265,visually_responsive_voxels,2
22,sus,unsmoothed,0.03219879918115763,0.03975025581246867,visually_responsive_voxels,3
22,sus,sm_2_vox,0.04505006755699363,0.059458932069265925,visually_responsive_voxels,1
22,sus,sm_2_vox,0.008381167678772755,0.03283992629797548,visually_responsive_voxels,2
22,sus,sm_2_vox,0.04056230254336429,0.06343522036069361,visually_responsive_voxels,3
22,er,unsmoothed,-0.006171760486842676,-0.004851696560749425,visually_responsive_voxels,1
22,er,unsmoothed,0.02093155101424974,0.02165415729258998,visually_responsive_voxels,2
22,er,unsmoothed,0.004860904639786293,0.005970655462246784,visually_responsive_voxels,3
22,er,sm_2_vox,0.05438626529831667,0.05223314088416493,visually_responsive_voxels,1
22,er,sm_2_vox,0.019409526456656404,0.02303077159937864,visually_responsive_voxels,2
22,er,sm_2_vox,0.014391921745791778,0.021553114880663003,visually_responsive_voxels,3
22,miniblock,unsmoothed,0.09272545645239914,0.10894246673862022,FFA,1
22,miniblock,unsmoothed,0.08731272484938471,0.10147038911156836,FFA,2
22,miniblock,unsmoothed,0.08895806141161064,0.09842231363537386,FFA,3
22,miniblock,sm_2_vox,0.32546010001707953,0.3215107162705404,FFA,1
22,miniblock,sm_2_vox,0.3391364537779153,0.33390487684722464,FFA,2
22,miniblock,sm_2_vox,0.26280651307484487,0.2533137967829002,FFA,3
22,sus,unsmoothed,0.11900081688487335,0.12930186243675337,FFA,1
22,sus,unsmoothed,0.0836562257496592,0.09214510319309654,FFA,2
22,sus,unsmoothed,0.10966880832796753,0.11651704780024376,FFA,3
22,sus,sm_2_vox,0.33856680945823403,0.3023917954122516,FFA,1
22,sus,sm_2_vox,0.29203376896544664,0.26475502782670846,FFA,2
22,sus,sm_2_vox,0.26429518427656273,0.26712273739080383,FFA,3
22,er,unsmoothed,0.04630807255297038,0.03751833888390276,FFA,1
22,er,unsmoothed,0.05313336449859738,0.05464940348906797,FFA,2
22,er,unsmoothed,0.06896697323327883,0.05854901185185052,FFA,3
22,er,sm_2_vox,0.16930354325587565,0.15761548431745923,FFA,1
22,er,sm_2_vox,0.16102813959112944,0.16379291882110134,FFA,2
22,er,sm_2_vox,0.1255079893757911,0.12831136957057232,FFA,3
22,miniblock,unsmoothed,0.035841156878097566,0.0376855412998237,PPA,1
22,miniblock,unsmoothed,0.029804931761765338,0.03284720085624397,PPA,2
22,miniblock,unsmoothed,0.011931267626886823,0.012519338292396378,PPA,3
22,miniblock,sm_2_vox,0.12358160280280045,0.133154383717599,PPA,1
22,miniblock,sm_2_vox,0.1186861546801789,0.1292564997009466,PPA,2
22,miniblock,sm_2_vox,0.08902722197999002,0.09307474592750316,PPA,3
22,sus,unsmoothed,0.006855076082295797,0.007930383183780242,PPA,1
22,sus,unsmoothed,0.04240370417647259,0.04117591242836024,PPA,2
22,sus,unsmoothed,0.009217378424180495,0.011573280040980587,PPA,3
22,sus,sm_2_vox,0.03275582553447824,0.03140181362724122,PPA,1
22,sus,sm_2_vox,0.11633760152319274,0.11740082747039245,PPA,2
22,sus,sm_2_vox,0.027907635916513678,0.03641102630643735,PPA,3
22,er,unsmoothed,0.0168827512478487,0.02132362111361455,PPA,1
22,er,unsmoothed,0.035752653796361236,0.028826650182434986,PPA,2
22,er,unsmoothed,0.024686972513975496,0.02036120738801879,PPA,3
22,er,sm_2_vox,0.11699439410242138,0.11659913581203794,PPA,1
22,er,sm_2_vox,0.05449243721168577,0.05726757765997416,PPA,2
22,er,sm_2_vox,0.08319861420612135,0.07234017598296838,PPA,3
22,miniblock,unsmoothed,0.04024485025595977,0.04680049489909819,EBA,1
22,miniblock,unsmoothed,0.041221373039012035,0.043391853873038386,EBA,2
22,miniblock,unsmoothed,-0.000872388548806044,0.0037791199808405677,EBA,3
22,miniblock,sm_2_vox,0.14297924688675373,0.16582798195677814,EBA,1
22,miniblock,sm_2_vox,0.09737397826722798,0.11707804603071384,EBA,2
22,miniblock,sm_2_vox,0.08095647688255761,0.07962555083335715,EBA,3
22,sus,unsmoothed,0.03183172702156403,0.03244597763945558,EBA,1
22,sus,unsmoothed,0.004718285207181656,0.008811892418964445,EBA,2
22,sus,unsmoothed,0.025015033978361165,0.027746378349944117,EBA,3
22,sus,sm_2_vox,0.03099251837659428,0.0369275885769763,EBA,1
22,sus,sm_2_vox,0.0007877897672056312,0.011078526337533992,EBA,2
22,sus,sm_2_vox,0.038838581407288755,0.04837541067053244,EBA,3
22,er,unsmoothed,-0.003953314020633609,0.0018167602636412325,EBA,1
22,er,unsmoothed,0.00827727527097814,0.00880576922918792,EBA,2
22,er,unsmoothed,0.01040240982289654,0.011101608407096824,EBA,3
22,er,sm_2_vox,0.07317737986155634,0.07667341268776923,EBA,1
22,er,sm_2_vox,-0.002117637364425934,-0.0024247181922546087,EBA,2
22,er,sm_2_vox,0.017728910413642864,0.018945739957590902,EBA,3
22,miniblock,unsmoothed,0.09676478519908377,0.12321819265105516,EVC,1
22,miniblock,unsmoothed,0.11325085075721361,0.12248920739134703,EVC,2
22,miniblock,unsmoothed,0.016833437294499647,0.03050075305516821,EVC,3
22,miniblock,sm_2_vox,0.23224002926755385,0.25548489507215183,EVC,1
22,miniblock,sm_2_vox,0.2601483783681572,0.2713930875045742,EVC,2
22,miniblock,sm_2_vox,0.108225262630406,0.13155033252960271,EVC,3
22,sus,unsmoothed,0.08696166894898602,0.10009697967974725,EVC,1
22,sus,unsmoothed,0.0641783401681075,0.07743307631229736,EVC,2
22,sus,unsmoothed,0.07816199898839508,0.096076446336542,EVC,3
22,sus,sm_2_vox,0.13754652656145672,0.16654078370964964,EVC,1
22,sus,sm_2_vox,0.09331358684699707,0.13029368021757276,EVC,2
22,sus,sm_2_vox,0.1292144216805717,0.1709546454049578,EVC,3
22,er,unsmoothed,-0.006557746752153402,-0.0068717524921511515,EVC,1
22,er,unsmoothed,0.034656050943737554,0.03983770958295385,EVC,2
22,er,unsmoothed,0.030471316607615602,0.0325584043505226,EVC,3
22,er,sm_2_vox,0.04340579615475576,0.03869460205424899,EVC,1
22,er,sm_2_vox,0.06994580331210278,0.07446371578507234,EVC,2
22,er,sm_2_vox,0.06771836536215994,0.08023852364915482,EVC,3
